bus_id,temperature,vibration,speed,fuel_consumption,load,outlier_type,is_failure,timestamp
30,65.56,18.26,41.1,38.06,50.36,normal,0,2024-01-21 01:42:00
2,74.02,25.24,32.78,33.07,62.53,normal,0,2024-05-30 18:04:00
29,81.81,20.31,30.07,32.91,28.47,normal,0,2024-11-16 03:47:00
74,75.9,14.9,32.42,40.43,39.4,normal,0,2024-10-08 08:08:00
98,65.98,11.97,19.71,30.07,25.19,normal,0,2024-03-26 10:03:00
71,90.14,16.87,12.54,36.86,40.03,normal,0,2024-11-24 19:35:00
74,87.7,19.58,53.03,38.92,53.14,normal,0,2024-11-19 22:10:00
9,63.9,14.92,46.56,35.24,37.11,normal,0,2024-12-21 09:41:00
84,74.49,23.89,43.6,34.15,39.11,normal,0,2024-06-09 18:37:00
25,73.39,18.26,28.8,28.27,51.47,normal,0,2024-03-31 01:30:00
85,85.78,10.99,18.2,36.69,49.11,normal,0,2024-05-14 21:22:00
56,67.27,17.83,31.76,32.46,41.1,normal,0,2024-05-18 08:54:00
4,78.93,18.73,19.43,32.05,32.8,normal,0,2024-10-03 07:58:00
6,66.4,11.18,44.66,26.2,60.21,normal,0,2024-03-13 22:37:00
66,73.35,14.26,21.15,32.46,57.62,normal,0,2024-12-19 05:32:00
71,73.44,16.07,43.34,30.09,83.62,normal,0,2024-01-14 01:23:00
75,61.17,22.01,32.26,31.3,44.48,normal,0,2024-03-03 17:44:00
27,98.18,40.81,15.03,47.24,44.24,real_anomaly,1,2024-07-03 13:33:00
62,73.23,19.48,29.35,34.54,82.67,normal,0,2024-09-14 16:57:00
79,99.41,13.6,55.3,41.73,53.79,normal,0,2024-10-15 00:23:00
76,-29.12,242.94,-10.47,-25.76,169.08,sensor_error,0,2024-09-19 22:51:00
1,61.55,15.3,20.39,43.89,36.6,normal,0,2024-02-18 15:41:00
100,71.85,12.06,32.34,39.92,36.96,normal,0,2024-03-30 22:52:00
18,75.84,14.69,35.1,35.9,43.8,normal,0,2024-08-30 00:47:00
61,83.58,14.43,59.86,28.19,10.0,normal,0,2024-01-07 21:09:00
92,97.56,48.49,35.34,53.03,49.77,real_anomaly,1,2024-04-05 03:54:00
17,80.69,10.48,45.43,28.04,22.1,normal,0,2024-05-13 05:39:00
18,78.05,20.25,36.38,40.95,59.25,normal,0,2024-08-21 23:19:00
38,90.22,8.19,44.53,34.91,36.09,normal,0,2024-11-06 10:57:00
36,81.27,22.65,41.18,23.72,60.3,normal,0,2024-09-20 23:50:00
35,81.96,16.54,24.0,28.46,52.45,normal,0,2024-01-27 19:22:00
63,78.67,14.26,30.69,24.04,55.88,normal,0,2024-07-28 19:40:00
84,65.48,13.21,22.59,29.09,43.91,normal,0,2024-03-28 10:55:00
88,77.65,14.87,40.16,35.91,38.16,normal,0,2024-07-03 06:53:00
19,86.83,15.61,49.47,36.19,33.06,normal,0,2024-05-09 21:53:00
93,79.01,17.93,19.43,36.28,42.78,normal,0,2024-11-24 14:41:00
81,71.78,11.18,37.77,36.57,56.1,normal,0,2024-10-15 05:11:00
16,89.39,14.93,28.51,33.35,62.42,normal,0,2024-09-19 13:53:00
34,85.84,23.68,56.25,31.16,46.65,normal,0,2024-03-02 15:59:00
92,73.23,14.07,39.02,36.86,56.64,normal,0,2024-07-15 07:21:00
22,61.5,8.42,49.74,33.81,31.54,normal,0,2024-03-04 12:18:00
80,67.95,9.8,42.66,41.69,34.9,normal,0,2024-04-20 04:44:00
17,76.24,24.57,38.37,39.87,46.94,normal,0,2024-06-03 11:06:00
83,84.38,14.89,36.26,35.58,30.53,normal,0,2024-10-16 01:00:00
29,78.64,23.74,24.12,25.75,28.4,normal,0,2024-02-03 17:51:00
47,79.93,24.95,54.2,35.57,68.49,normal,0,2024-04-03 08:56:00
79,69.54,14.36,42.39,47.43,40.83,normal,0,2024-07-11 03:23:00
38,75.23,15.75,53.12,39.15,54.63,normal,0,2024-07-21 10:42:00
69,81.78,16.23,36.7,24.82,12.14,normal,0,2024-02-03 11:48:00
70,76.82,12.44,32.4,33.71,46.18,normal,0,2024-05-11 21:45:00
67,89.9,10.66,35.91,40.21,27.38,normal,0,2024-12-03 12:05:00
62,86.68,21.63,43.47,34.88,48.33,normal,0,2024-10-04 16:24:00
5,67.92,12.09,19.66,40.07,61.34,normal,0,2024-12-09 08:24:00
93,75.95,22.33,54.84,37.19,42.27,normal,0,2024-02-04 19:14:00
83,83.08,21.11,55.95,28.42,51.71,normal,0,2024-03-16 19:28:00
10,73.33,21.3,44.19,32.36,50.51,normal,0,2024-05-15 21:36:00
100,79.7,20.04,39.02,32.44,44.11,normal,0,2024-11-03 00:43:00
35,75.35,14.8,46.49,37.33,27.66,normal,0,2024-07-07 19:38:00
69,63.36,16.44,32.65,38.82,33.72,normal,0,2024-03-26 12:19:00
65,73.27,17.22,34.37,33.96,50.5,normal,0,2024-08-18 10:44:00
38,74.27,17.97,24.82,37.09,59.82,normal,0,2024-06-24 10:17:00
57,87.52,20.49,41.59,37.57,51.77,normal,0,2024-06-03 22:46:00
93,71.07,12.63,18.84,27.8,48.93,normal,0,2024-09-09 23:26:00
65,79.32,20.1,13.86,35.58,51.82,normal,0,2024-12-16 03:13:00
49,66.04,11.39,30.35,43.63,46.03,normal,0,2024-12-23 02:28:00
71,71.51,13.84,33.96,36.89,42.13,normal,0,2024-05-28 23:58:00
45,83.68,10.71,37.98,34.76,62.62,normal,0,2024-05-27 01:38:00
4,-999.0,-13.12,-34.09,-16.21,-33.86,sensor_error,0,2024-04-02 12:42:00
19,79.42,14.07,22.16,38.85,59.11,normal,0,2024-01-18 23:35:00
98,68.99,14.78,21.45,32.71,53.51,normal,0,2024-03-21 09:45:00
91,63.54,20.1,48.95,42.87,35.92,normal,0,2024-10-16 14:01:00
59,73.27,17.68,42.16,42.97,46.42,normal,0,2024-11-26 16:45:00
6,64.03,17.33,37.02,41.11,42.21,normal,0,2024-09-28 01:51:00
32,69.18,19.18,29.88,40.04,53.59,normal,0,2024-04-19 05:19:00
27,70.42,13.59,31.68,33.71,67.31,normal,0,2024-12-12 13:34:00
62,74.3,17.68,18.97,33.16,56.46,normal,0,2024-03-01 16:32:00
56,89.58,17.08,22.45,32.06,38.77,normal,0,2024-06-14 14:39:00
4,73.82,12.77,48.88,37.15,48.08,normal,0,2024-08-23 12:13:00
90,77.25,17.84,38.83,39.52,28.53,normal,0,2024-11-09 11:30:00
77,64.19,16.11,31.95,31.52,52.79,normal,0,2024-08-13 07:05:00
58,72.82,15.53,27.47,40.7,40.72,normal,0,2024-05-26 21:09:00
36,79.51,9.36,0.43,30.53,49.75,normal,0,2024-07-16 13:54:00
61,79.83,14.58,29.73,42.86,31.61,normal,0,2024-10-24 05:36:00
98,75.27,12.26,47.19,36.96,61.83,normal,0,2024-02-20 16:55:00
87,92.56,17.0,33.84,27.99,39.31,normal,0,2024-07-02 07:15:00
21,67.85,14.6,53.27,37.41,54.48,normal,0,2024-09-24 09:09:00
70,82.23,19.91,56.28,28.86,58.88,normal,0,2024-01-05 02:45:00
60,75.5,22.32,29.04,31.57,52.92,normal,0,2024-01-08 18:29:00
51,79.08,9.62,40.65,37.83,48.45,normal,0,2024-07-27 03:52:00
26,78.55,19.46,46.72,41.02,41.61,normal,0,2024-08-02 01:28:00
78,66.35,13.25,37.99,26.53,47.88,normal,0,2024-02-05 22:14:00
85,82.15,23.67,47.18,38.7,77.91,normal,0,2024-09-13 18:51:00
22,80.67,18.51,19.72,30.23,66.23,normal,0,2024-08-18 18:08:00
44,87.86,14.73,23.0,28.32,50.88,normal,0,2024-04-12 21:19:00
32,88.88,21.8,32.78,28.13,52.14,normal,0,2024-09-23 19:06:00
91,76.53,12.28,15.5,33.88,45.88,normal,0,2024-04-27 03:18:00
5,81.8,11.49,42.32,38.72,35.91,normal,0,2024-10-15 04:19:00
96,79.49,14.48,52.78,39.14,46.08,normal,0,2024-08-01 16:37:00
70,76.7,10.85,27.23,34.02,62.6,normal,0,2024-08-06 17:03:00
51,74.16,16.48,21.46,36.87,33.23,normal,0,2024-06-29 20:03:00
100,61.56,21.63,32.9,24.14,45.19,normal,0,2024-09-28 11:07:00
73,75.94,11.61,45.4,39.67,42.02,normal,0,2024-11-18 00:20:00
63,75.24,7.96,54.48,39.14,37.94,normal,0,2024-10-21 00:51:00
12,67.44,20.52,35.73,46.09,50.37,normal,0,2024-10-28 05:41:00
8,63.21,18.86,41.04,37.67,57.53,normal,0,2024-02-16 07:45:00
5,97.53,7.57,48.34,35.72,40.89,normal,0,2024-07-02 15:23:00
50,76.68,22.7,49.02,40.28,63.38,normal,0,2024-08-07 22:30:00
26,91.06,13.27,25.95,31.22,58.17,normal,0,2024-07-24 18:51:00
13,77.63,5.12,19.45,40.77,53.73,normal,0,2024-07-01 21:24:00
9,92.84,12.72,14.39,39.06,43.77,normal,0,2024-10-19 18:36:00
94,71.35,14.74,36.56,36.21,52.93,normal,0,2024-04-27 22:25:00
24,81.27,18.67,31.03,35.77,43.23,normal,0,2024-10-23 02:29:00
56,73.32,15.9,16.63,30.43,38.86,normal,0,2024-12-24 05:41:00
14,72.37,13.63,50.81,49.35,67.03,normal,0,2024-04-16 13:55:00
3,71.43,12.39,33.77,37.49,78.68,normal,0,2024-06-20 18:10:00
30,68.0,8.6,32.06,30.24,55.98,normal,0,2024-07-25 01:54:00
22,80.39,18.83,50.13,40.04,59.01,normal,0,2024-07-10 13:36:00
64,73.82,14.74,25.03,34.9,71.61,normal,0,2024-07-23 18:15:00
72,65.98,16.35,33.83,45.66,47.43,normal,0,2024-12-05 19:34:00
18,75.96,18.93,37.04,26.32,41.82,normal,0,2024-08-14 13:36:00
29,66.94,3.92,36.76,31.92,56.67,normal,0,2024-01-02 02:20:00
100,77.57,9.93,49.28,36.81,60.83,normal,0,2024-08-20 13:31:00
96,54.12,15.07,26.72,32.97,47.59,normal,0,2024-10-27 14:03:00
47,78.75,12.31,49.11,41.35,40.72,normal,0,2024-06-10 21:32:00
98,65.89,15.56,27.18,34.04,59.62,normal,0,2024-06-12 17:56:00
82,65.84,10.9,21.44,34.74,53.2,normal,0,2024-03-17 13:05:00
63,71.95,16.94,42.48,34.61,60.82,normal,0,2024-11-10 19:30:00
6,84.78,21.47,33.97,30.62,42.81,normal,0,2024-10-28 02:55:00
59,79.89,16.36,22.11,32.53,46.01,normal,0,2024-06-16 01:05:00
12,81.08,9.58,29.77,33.67,33.65,normal,0,2024-02-09 08:42:00
95,80.39,19.5,52.66,38.76,41.75,normal,0,2024-06-06 21:34:00
86,86.22,16.91,37.25,39.23,41.42,normal,0,2024-12-05 19:41:00
47,82.49,19.98,55.24,32.82,35.22,normal,0,2024-04-14 18:30:00
38,69.74,21.54,44.82,37.18,33.71,normal,0,2024-09-24 15:03:00
22,68.82,10.91,35.6,37.46,51.8,normal,0,2024-07-19 21:24:00
33,64.44,10.27,40.07,26.79,35.78,normal,0,2024-09-28 15:35:00
80,71.18,18.12,40.41,32.65,51.01,normal,0,2024-04-01 23:03:00
34,88.77,17.56,24.25,35.99,37.41,normal,0,2024-01-28 00:11:00
20,66.67,7.55,31.67,35.23,48.06,normal,0,2024-11-06 21:02:00
72,93.44,18.55,53.55,34.09,39.41,normal,0,2024-04-06 16:26:00
35,75.2,10.41,32.16,34.78,42.74,normal,0,2024-04-29 04:02:00
73,83.96,19.28,27.27,34.64,36.55,normal,0,2024-09-04 12:11:00
75,59.62,19.62,44.61,38.39,47.98,normal,0,2024-05-10 21:59:00
92,83.85,15.24,13.39,34.26,74.45,normal,0,2024-07-20 07:38:00
74,68.94,20.08,32.16,36.02,25.6,normal,0,2024-10-07 06:26:00
77,76.28,14.3,52.26,38.13,40.94,normal,0,2024-07-17 22:37:00
86,75.52,17.72,41.11,35.55,40.84,normal,0,2024-06-09 00:17:00
90,68.21,17.42,39.53,31.35,69.01,normal,0,2024-07-05 03:44:00
1,58.05,16.88,45.24,34.89,35.39,normal,0,2024-11-25 06:35:00
29,75.24,12.72,27.51,32.77,53.12,normal,0,2024-04-05 12:12:00
6,72.77,11.73,42.66,39.01,66.92,normal,0,2024-05-15 16:51:00
13,83.51,17.66,36.95,32.07,31.87,normal,0,2024-04-05 13:21:00
53,78.73,16.78,42.04,41.94,54.53,normal,0,2024-10-05 18:09:00
71,74.2,9.23,42.05,37.66,39.64,normal,0,2024-07-31 22:09:00
53,76.76,10.6,36.59,36.56,53.01,normal,0,2024-02-20 22:18:00
9,78.61,16.08,44.83,38.12,42.09,normal,0,2024-05-11 17:58:00
54,90.8,17.76,25.16,34.5,32.23,normal,0,2024-04-28 11:56:00
59,62.11,16.7,37.97,40.08,49.85,normal,0,2024-04-05 20:47:00
4,81.02,16.15,4.14,31.41,33.84,normal,0,2024-12-21 16:04:00
59,78.3,18.39,29.83,36.4,38.49,normal,0,2024-02-04 22:18:00
49,79.43,19.51,39.21,40.28,60.11,normal,0,2024-10-16 15:15:00
81,78.59,17.12,45.21,31.51,60.52,normal,0,2024-09-21 14:02:00
54,68.57,8.75,36.06,28.88,41.33,normal,0,2024-11-24 07:07:00
14,84.76,10.04,43.77,39.68,42.66,normal,0,2024-10-27 15:30:00
13,77.16,12.09,58.81,29.43,34.88,normal,0,2024-10-18 16:34:00
45,93.34,3.28,24.04,35.45,56.35,normal,0,2024-02-12 09:36:00
60,70.07,12.36,34.02,40.47,73.7,normal,0,2024-06-06 09:34:00
24,78.35,16.93,42.17,40.15,81.95,normal,0,2024-05-20 13:23:00
57,70.61,15.61,37.39,29.81,45.78,normal,0,2024-12-27 09:44:00
57,91.15,20.69,18.92,31.25,38.3,normal,0,2024-11-26 03:25:00
25,66.85,18.49,34.99,39.57,46.67,normal,0,2024-05-10 14:19:00
53,71.44,14.05,24.56,35.62,86.86,normal,0,2024-04-19 16:01:00
89,64.38,10.15,33.51,32.02,64.71,normal,0,2024-06-17 21:35:00
42,84.68,15.78,31.09,30.46,57.1,normal,0,2024-01-10 09:31:00
19,70.63,10.98,12.54,32.9,39.99,normal,0,2024-02-11 16:48:00
54,89.43,15.74,29.51,30.88,57.67,normal,0,2024-01-19 20:52:00
15,51.27,20.04,26.39,30.22,21.25,normal,0,2024-11-09 20:57:00
68,80.63,13.76,27.02,36.07,57.66,normal,0,2024-11-16 18:18:00
1,81.13,21.36,30.68,36.14,78.77,normal,0,2024-09-03 11:20:00
72,78.96,14.97,30.89,33.57,40.57,normal,0,2024-05-19 20:22:00
92,86.49,12.6,30.52,30.62,66.26,normal,0,2024-05-01 13:54:00
39,80.67,10.13,34.22,31.25,48.63,normal,0,2024-09-16 11:04:00
89,81.55,13.15,33.42,35.42,28.85,normal,0,2024-11-17 02:51:00
92,79.39,23.13,42.21,35.14,56.48,normal,0,2024-10-20 22:02:00
28,69.44,19.35,25.32,34.35,25.11,normal,0,2024-06-24 00:38:00
74,73.5,19.52,33.81,40.21,79.38,normal,0,2024-08-14 21:43:00
61,77.5,19.87,42.36,34.26,72.17,normal,0,2024-12-29 14:17:00
54,67.37,12.53,44.49,29.22,42.95,normal,0,2024-04-30 13:43:00
90,79.16,11.83,30.7,40.57,29.83,normal,0,2024-01-26 17:22:00
33,81.01,16.86,18.77,33.26,55.43,normal,0,2024-03-20 04:15:00
75,83.86,11.7,37.68,39.75,76.6,normal,0,2024-02-28 02:36:00
67,70.09,17.47,36.72,38.03,54.73,normal,0,2024-10-28 11:10:00
29,75.17,15.89,55.03,33.41,45.0,normal,0,2024-12-22 19:29:00
8,85.58,8.13,44.81,38.22,73.1,normal,0,2024-10-12 07:54:00
91,68.46,14.44,50.33,30.83,47.46,normal,0,2024-09-07 00:08:00
27,77.12,23.24,42.66,34.73,18.71,normal,0,2024-02-12 15:49:00
55,75.83,12.17,15.16,35.26,31.8,normal,0,2024-09-30 00:09:00
71,79.74,15.8,26.25,37.32,49.09,normal,0,2024-02-24 13:00:00
59,69.75,18.81,50.44,29.51,79.15,normal,0,2024-03-20 20:17:00
72,67.66,10.85,46.84,39.3,43.05,normal,0,2024-06-15 19:08:00
29,75.28,14.45,43.67,32.08,60.59,normal,0,2024-05-09 06:42:00
42,69.81,17.88,32.03,34.39,67.48,normal,0,2024-01-12 19:16:00
20,70.36,8.45,48.46,36.25,65.85,normal,0,2024-02-03 14:05:00
6,68.55,13.12,32.37,33.36,33.06,normal,0,2024-11-06 09:23:00
18,70.62,17.22,14.38,40.38,67.31,normal,0,2024-01-02 03:44:00
34,77.33,20.2,25.85,34.61,50.51,normal,0,2024-11-12 22:59:00
93,78.48,13.02,61.5,29.7,45.63,normal,0,2024-04-02 18:39:00
48,74.16,13.99,29.52,35.41,35.29,normal,0,2024-12-28 00:57:00
98,80.33,18.45,42.99,30.39,56.95,normal,0,2024-05-09 23:17:00
84,78.43,20.49,22.22,32.57,33.45,normal,0,2024-04-07 01:41:00
64,65.15,18.31,11.89,31.74,34.64,normal,0,2024-11-10 07:23:00
6,77.99,15.83,54.29,46.87,33.56,normal,0,2024-04-15 12:58:00
83,84.7,10.84,24.01,45.13,37.28,normal,0,2024-11-20 18:02:00
44,-41.54,467.63,325.68,-17.49,-10.15,sensor_error,0,2024-02-15 13:19:00
25,79.67,8.97,45.13,38.78,57.12,normal,0,2024-09-17 00:45:00
37,79.01,9.4,27.75,31.35,55.03,normal,0,2024-10-08 19:34:00
22,73.32,12.56,44.11,31.1,59.61,normal,0,2024-04-03 04:47:00
25,78.87,15.86,26.84,31.3,51.47,normal,0,2024-07-05 10:41:00
2,89.86,14.93,39.25,38.44,51.61,normal,0,2024-05-27 06:44:00
91,74.09,16.58,42.51,29.18,22.47,normal,0,2024-11-09 07:20:00
23,85.76,11.58,10.02,42.63,63.74,normal,0,2024-11-21 17:34:00
100,96.99,11.82,38.89,34.53,56.56,normal,0,2024-11-20 07:44:00
77,68.94,20.18,21.53,33.61,61.52,normal,0,2024-05-09 00:18:00
86,83.61,12.6,32.92,26.56,54.43,normal,0,2024-07-17 09:13:00
44,70.07,10.72,27.78,36.85,51.55,normal,0,2024-05-20 06:03:00
53,80.47,17.78,19.18,24.11,20.09,normal,0,2024-06-24 08:12:00
13,85.92,9.44,58.41,40.1,43.76,normal,0,2024-09-26 21:45:00
55,81.06,13.11,42.08,31.53,58.87,normal,0,2024-06-25 09:58:00
72,81.41,18.2,30.55,44.5,59.53,normal,0,2024-12-16 03:37:00
51,77.35,13.1,49.23,35.78,63.56,normal,0,2024-12-08 06:32:00
47,82.3,14.22,21.98,37.55,85.39,normal,0,2024-09-29 23:07:00
24,71.5,15.92,30.95,31.55,54.83,normal,0,2024-09-06 23:49:00
75,64.45,12.0,49.97,37.86,60.4,normal,0,2024-04-03 10:11:00
12,79.23,12.28,52.05,35.25,47.72,normal,0,2024-11-08 20:49:00
82,66.28,16.06,34.39,30.94,52.67,normal,0,2024-10-19 06:52:00
64,72.74,17.71,51.35,45.37,54.7,normal,0,2024-03-15 19:23:00
99,79.46,16.08,43.27,40.07,49.8,normal,0,2024-09-09 16:12:00
5,75.88,9.8,34.22,39.71,49.21,normal,0,2024-03-08 08:40:00
54,88.0,19.97,37.2,37.12,38.1,normal,0,2024-04-25 09:14:00
23,72.22,15.06,24.75,38.48,22.97,normal,0,2024-10-18 04:51:00
66,82.76,9.96,53.4,33.69,58.47,normal,0,2024-11-24 11:08:00
57,96.07,12.39,60.05,32.79,20.14,normal,0,2024-10-01 13:16:00
90,85.47,10.79,22.23,35.35,45.74,normal,0,2024-03-21 22:32:00
1,74.85,18.92,28.21,33.3,24.26,normal,0,2024-06-29 18:48:00
54,68.22,19.71,31.2,41.15,54.88,normal,0,2024-10-02 22:21:00
56,79.08,21.52,38.13,34.36,54.73,normal,0,2024-08-10 20:42:00
45,67.53,11.06,38.05,35.64,59.0,normal,0,2024-07-12 00:09:00
16,72.88,8.57,27.82,38.69,55.48,normal,0,2024-01-16 12:23:00
3,96.25,15.69,32.37,40.72,59.21,normal,0,2024-07-21 04:40:00
51,73.64,14.93,56.64,30.43,72.94,normal,0,2024-05-09 18:50:00
52,68.04,13.81,29.06,25.78,65.09,normal,0,2024-01-28 07:57:00
87,78.77,15.56,42.13,31.89,23.99,normal,0,2024-10-16 06:56:00
50,84.68,9.9,16.72,33.82,61.63,normal,0,2024-12-22 19:15:00
65,74.26,20.24,15.08,32.51,74.87,normal,0,2024-03-26 08:44:00
93,75.41,15.61,40.03,31.12,35.71,normal,0,2024-02-08 13:06:00
52,71.89,23.84,28.79,32.35,57.09,normal,0,2024-03-14 18:38:00
24,79.97,17.81,37.56,34.34,30.05,normal,0,2024-05-18 22:09:00
71,-999.0,-39.98,-16.49,-22.4,-14.21,sensor_error,0,2024-04-18 05:11:00
5,73.27,16.04,40.01,34.01,26.32,normal,0,2024-03-02 08:10:00
70,68.96,14.48,24.17,35.64,51.05,normal,0,2024-04-03 00:08:00
6,82.6,14.5,36.5,31.25,46.88,normal,0,2024-04-17 18:33:00
38,77.12,15.72,33.09,37.87,69.69,normal,0,2024-02-08 08:37:00
92,98.5,12.52,60.06,38.53,61.09,normal,0,2024-06-24 02:21:00
15,83.47,13.79,45.67,31.62,48.7,normal,0,2024-11-25 23:08:00
23,61.76,22.59,37.62,37.73,26.1,normal,0,2024-12-24 23:55:00
69,83.85,11.66,38.8,34.53,46.0,normal,0,2024-04-08 08:16:00
26,93.41,11.57,40.55,37.98,95.0,normal,0,2024-06-07 02:38:00
57,80.18,11.61,61.78,31.98,50.04,normal,0,2024-05-06 11:29:00
76,77.37,16.42,23.22,35.45,64.32,normal,0,2024-11-24 20:44:00
25,72.84,13.96,42.76,32.04,37.82,normal,0,2024-06-10 18:49:00
33,87.76,18.54,33.6,35.71,89.37,normal,0,2024-01-02 22:34:00
3,69.7,7.86,25.9,30.94,38.12,normal,0,2024-04-15 21:39:00
69,91.85,19.86,26.0,38.66,33.4,normal,0,2024-11-23 04:58:00
9,88.39,10.41,11.35,35.96,48.75,normal,0,2024-08-20 00:51:00
85,86.44,16.51,58.43,32.91,34.56,normal,0,2024-12-10 12:34:00
15,87.9,11.93,36.58,39.75,62.17,normal,0,2024-07-20 11:11:00
64,83.9,19.09,37.07,36.99,73.07,normal,0,2024-08-19 11:24:00
39,77.97,16.5,51.95,36.15,45.74,normal,0,2024-10-06 09:51:00
18,76.7,10.5,43.02,37.19,72.23,normal,0,2024-08-28 07:29:00
7,78.91,18.02,28.84,23.87,39.98,normal,0,2024-11-19 23:21:00
78,76.09,7.78,59.38,39.05,26.46,normal,0,2024-01-13 02:02:00
48,83.41,13.4,28.1,44.43,52.06,normal,0,2024-08-09 05:46:00
98,88.05,15.96,56.68,37.41,29.85,normal,0,2024-11-30 09:59:00
77,-11.46,-65.16,-46.61,-9.24,183.96,sensor_error,0,2024-12-18 20:54:00
74,79.26,12.4,32.51,31.4,79.82,normal,0,2024-02-10 08:53:00
94,78.07,12.63,21.02,30.43,61.8,normal,0,2024-08-01 08:09:00
64,80.61,15.41,36.05,38.56,45.89,normal,0,2024-08-24 18:55:00
39,78.6,19.75,22.71,36.22,68.95,normal,0,2024-05-12 01:38:00
60,60.59,16.86,40.68,33.17,57.89,normal,0,2024-12-22 11:33:00
55,81.86,10.05,38.56,32.31,62.83,normal,0,2024-01-11 01:48:00
59,72.34,10.03,42.0,34.73,64.19,normal,0,2024-09-25 19:44:00
69,88.25,14.75,28.93,28.0,62.96,normal,0,2024-09-09 04:20:00
67,77.22,18.88,25.16,33.74,77.88,normal,0,2024-10-06 09:35:00
78,78.11,15.71,48.06,36.44,47.6,normal,0,2024-10-08 16:53:00
87,79.67,14.99,36.16,36.14,41.65,normal,0,2024-01-07 08:29:00
19,79.81,16.04,37.42,39.33,50.07,normal,0,2024-09-15 16:07:00
90,82.46,16.61,21.12,34.85,66.0,normal,0,2024-06-12 17:31:00
7,68.54,21.22,36.41,30.51,48.32,normal,0,2024-07-20 00:33:00
29,87.06,15.29,30.44,36.67,69.25,normal,0,2024-08-18 15:18:00
77,75.46,13.21,17.04,26.97,32.67,normal,0,2024-08-25 08:55:00
95,85.55,19.21,25.7,25.62,58.52,normal,0,2024-03-19 01:14:00
2,70.97,14.47,12.13,34.41,39.24,normal,0,2024-03-22 12:56:00
94,72.28,12.93,30.77,40.93,68.59,normal,0,2024-02-03 22:08:00
67,64.84,10.26,58.84,37.18,45.58,normal,0,2024-10-20 13:50:00
89,69.59,19.11,44.27,32.28,21.45,normal,0,2024-05-04 20:48:00
59,71.19,13.05,32.67,43.44,47.76,normal,0,2024-05-30 05:04:00
1,79.45,15.43,33.3,35.78,49.33,normal,0,2024-10-21 13:55:00
52,78.94,16.11,54.08,32.76,62.13,normal,0,2024-09-11 18:08:00
65,77.02,12.34,22.83,30.02,53.42,normal,0,2024-08-31 01:08:00
24,64.44,15.16,27.6,34.64,70.4,normal,0,2024-03-04 05:41:00
3,90.86,17.94,40.75,37.26,62.55,normal,0,2024-07-09 06:58:00
36,75.3,8.1,47.73,25.93,77.31,normal,0,2024-06-18 22:29:00
54,71.3,12.55,32.24,34.42,52.15,normal,0,2024-11-02 18:56:00
6,83.27,12.2,60.07,26.74,33.56,normal,0,2024-02-09 12:12:00
76,79.31,11.77,48.62,32.27,36.32,normal,0,2024-07-21 15:53:00
60,82.71,16.13,40.5,36.94,79.78,normal,0,2024-03-08 08:09:00
65,67.17,20.62,26.82,33.22,32.53,normal,0,2024-03-23 10:00:00
45,78.89,15.38,31.2,38.24,72.77,normal,0,2024-11-21 12:34:00
78,80.38,22.06,45.94,42.67,68.93,normal,0,2024-05-22 08:15:00
37,80.61,13.84,33.81,28.27,70.63,normal,0,2024-08-09 13:42:00
21,77.95,21.34,0.73,38.99,74.43,normal,0,2024-09-10 13:12:00
60,82.29,18.56,33.45,32.97,43.79,normal,0,2024-07-24 11:20:00
92,79.33,21.28,53.23,22.95,46.52,normal,0,2024-01-01 03:19:00
95,78.19,19.17,21.64,41.31,68.53,normal,0,2024-09-18 18:00:00
22,66.77,17.83,56.16,40.34,66.13,normal,0,2024-11-28 09:18:00
35,72.57,16.35,32.36,39.38,53.94,normal,0,2024-04-20 01:51:00
94,64.97,11.64,18.97,31.65,45.25,normal,0,2024-05-25 05:50:00
59,79.58,13.6,27.83,36.39,24.98,normal,0,2024-04-01 00:10:00
20,69.11,19.63,37.67,36.61,64.74,normal,0,2024-07-11 00:02:00
94,79.41,9.21,30.11,33.46,58.01,normal,0,2024-09-20 16:38:00
94,50.96,9.19,19.0,35.58,35.49,normal,0,2024-10-08 03:44:00
48,78.36,18.71,36.9,47.56,62.24,normal,0,2024-07-16 11:14:00
25,71.43,20.92,47.0,42.79,39.04,normal,0,2024-10-30 22:34:00
44,70.9,12.81,42.59,41.25,26.87,normal,0,2024-05-24 06:52:00
74,75.26,16.08,40.4,31.59,48.85,normal,0,2024-05-20 18:58:00
16,61.29,7.84,39.05,33.73,68.83,normal,0,2024-07-08 04:33:00
16,83.62,17.02,40.97,32.12,37.11,normal,0,2024-06-03 23:22:00
34,73.14,14.88,42.83,41.66,46.07,normal,0,2024-05-24 10:43:00
41,80.6,19.73,35.96,35.62,48.67,normal,0,2024-11-24 16:35:00
65,73.62,19.13,22.0,43.48,71.24,normal,0,2024-06-12 14:03:00
23,86.4,6.58,21.71,31.14,77.96,normal,0,2024-02-21 19:10:00
96,70.92,17.41,50.54,29.51,60.25,normal,0,2024-10-08 15:10:00
87,79.42,20.31,28.11,33.25,37.57,normal,0,2024-11-29 14:47:00
18,77.74,13.88,40.29,42.95,45.95,normal,0,2024-02-03 14:16:00
95,74.56,17.28,28.95,31.25,43.16,normal,0,2024-08-28 22:28:00
37,68.16,18.57,39.05,35.38,58.22,normal,0,2024-01-30 17:50:00
2,57.52,17.51,58.41,29.2,39.11,normal,0,2024-02-25 21:11:00
58,70.53,20.26,39.96,34.15,50.91,normal,0,2024-08-04 20:09:00
33,93.97,13.23,38.06,36.16,16.66,normal,0,2024-06-10 21:30:00
20,74.75,23.31,45.59,26.84,81.36,normal,0,2024-06-18 01:54:00
99,74.35,15.46,43.81,41.75,39.35,normal,0,2024-05-05 19:22:00
29,62.44,19.45,36.49,37.28,46.89,normal,0,2024-02-18 10:21:00
18,71.73,11.77,47.63,30.69,41.01,normal,0,2024-07-09 09:15:00
63,78.26,14.12,32.3,30.87,66.57,normal,0,2024-03-18 11:22:00
31,71.09,7.55,47.09,36.57,61.16,normal,0,2024-01-05 13:31:00
97,68.19,11.41,20.04,40.41,66.64,normal,0,2024-10-06 08:46:00
36,67.2,13.18,45.65,42.1,42.06,normal,0,2024-12-28 16:30:00
12,78.32,13.19,30.27,30.77,50.87,normal,0,2024-12-18 14:09:00
58,79.6,19.2,37.81,47.23,18.87,normal,0,2024-03-22 05:08:00
86,69.77,15.66,16.89,29.66,53.85,normal,0,2024-12-17 01:06:00
46,90.33,14.45,26.94,33.58,61.24,normal,0,2024-11-27 14:15:00
8,71.25,20.77,34.96,39.91,67.61,normal,0,2024-06-01 09:15:00
3,78.09,12.21,40.99,36.99,38.36,normal,0,2024-09-15 11:44:00
55,68.99,14.32,64.02,31.49,54.24,normal,0,2024-10-02 16:10:00
64,66.93,19.6,33.95,26.38,51.39,normal,0,2024-04-09 00:09:00
70,84.49,18.82,3.01,38.39,40.8,normal,0,2024-10-28 12:09:00
42,83.93,14.43,42.87,37.58,39.88,normal,0,2024-06-30 13:13:00
61,69.21,19.23,26.53,34.87,32.53,normal,0,2024-10-20 22:13:00
27,91.52,8.95,44.93,22.29,18.7,normal,0,2024-04-06 00:52:00
90,77.13,16.07,41.67,41.54,37.77,normal,0,2024-07-16 06:49:00
35,79.79,15.34,44.65,37.76,56.41,normal,0,2024-08-17 06:23:00
4,88.98,15.54,44.57,35.37,52.32,normal,0,2024-12-04 00:01:00
52,88.36,17.09,30.93,35.99,57.55,normal,0,2024-08-18 14:36:00
72,68.78,23.05,48.04,41.82,19.2,normal,0,2024-07-11 04:13:00
7,70.41,13.47,39.43,32.36,52.28,normal,0,2024-08-16 06:57:00
53,75.26,6.18,36.95,33.4,25.42,normal,0,2024-10-06 22:55:00
65,65.4,17.5,36.87,36.51,35.67,normal,0,2024-03-09 08:26:00
78,75.5,16.67,35.41,32.11,61.1,normal,0,2024-05-15 12:07:00
26,93.56,10.34,45.63,33.68,44.55,normal,0,2024-12-28 00:32:00
17,74.23,10.15,31.85,34.96,36.42,normal,0,2024-06-10 16:25:00
59,66.16,6.36,26.01,32.35,66.44,normal,0,2024-12-07 16:14:00
73,72.03,16.26,14.63,34.69,84.74,normal,0,2024-11-13 17:20:00
55,88.73,13.9,44.68,27.2,44.96,normal,0,2024-09-29 01:23:00
16,71.89,13.0,31.87,35.56,65.32,normal,0,2024-05-16 04:19:00
90,83.68,20.9,34.89,33.03,53.98,normal,0,2024-11-19 04:16:00
8,69.83,19.92,49.03,35.5,41.46,normal,0,2024-04-12 13:59:00
71,82.08,17.4,46.3,43.87,29.32,normal,0,2024-02-23 09:41:00
98,63.53,15.57,26.25,32.84,55.81,normal,0,2024-12-30 20:49:00
100,67.56,11.54,24.4,37.35,54.34,normal,0,2024-10-22 00:55:00
90,74.77,14.84,42.82,34.73,39.43,normal,0,2024-12-20 12:10:00
89,57.3,15.51,28.72,32.71,64.13,normal,0,2024-03-07 03:55:00
69,64.17,12.26,42.34,35.53,24.79,normal,0,2024-11-06 19:23:00
79,82.23,16.99,36.46,36.46,66.16,normal,0,2024-03-03 19:05:00
86,77.58,8.51,27.78,34.65,24.7,normal,0,2024-04-19 12:32:00
44,77.49,16.44,36.5,28.86,51.67,normal,0,2024-11-23 13:11:00
89,80.19,17.88,39.86,34.39,33.14,normal,0,2024-09-14 01:06:00
61,88.66,23.87,34.89,38.77,33.02,normal,0,2024-03-10 22:42:00
92,63.79,18.25,34.27,37.36,69.76,normal,0,2024-10-26 00:17:00
85,60.43,15.27,28.83,32.75,10.0,normal,0,2024-09-06 20:28:00
22,74.97,17.37,35.62,39.11,45.13,normal,0,2024-07-12 20:12:00
78,87.53,18.53,41.68,39.92,32.72,normal,0,2024-09-25 08:04:00
31,74.68,8.24,23.23,31.4,40.55,normal,0,2024-08-20 20:08:00
95,71.12,11.04,32.5,28.64,47.61,normal,0,2024-09-12 10:50:00
58,75.66,18.34,26.48,36.26,29.51,normal,0,2024-11-28 17:55:00
68,80.64,14.03,29.03,34.94,31.05,normal,0,2024-09-27 02:38:00
44,100.0,19.73,39.34,33.8,68.81,normal,0,2024-07-29 08:04:00
61,71.29,14.55,36.03,37.23,28.83,normal,0,2024-11-15 05:48:00
55,80.55,11.73,15.01,31.75,59.15,normal,0,2024-07-18 11:50:00
73,87.4,11.39,16.33,38.14,32.1,normal,0,2024-05-30 01:44:00
8,77.49,14.28,48.55,47.97,51.23,normal,0,2024-06-25 20:38:00
77,69.02,16.03,14.45,31.02,56.09,normal,0,2024-08-13 03:40:00
99,66.61,17.06,47.56,33.66,49.02,normal,0,2024-06-23 14:00:00
81,68.49,14.28,31.32,33.03,40.22,normal,0,2024-05-10 09:47:00
45,67.17,15.27,38.18,34.68,41.88,normal,0,2024-10-01 01:41:00
68,43.1,63.37,31.61,66.4,19.35,real_anomaly,1,2024-07-27 15:32:00
58,71.33,16.98,44.17,37.87,47.34,normal,0,2024-05-09 08:42:00
90,78.1,14.48,43.26,37.21,36.94,normal,0,2024-05-12 09:07:00
6,76.91,15.32,37.77,26.94,60.14,normal,0,2024-02-08 11:09:00
74,78.89,13.66,49.12,38.07,10.0,normal,0,2024-01-15 05:21:00
36,71.84,17.89,24.3,31.84,46.56,normal,0,2024-06-29 09:43:00
23,70.2,17.4,20.13,43.65,35.19,normal,0,2024-06-18 06:52:00
11,90.61,12.03,26.87,31.35,51.81,normal,0,2024-08-26 01:46:00
10,88.34,14.84,50.21,34.05,77.94,normal,0,2024-06-04 09:09:00
22,79.99,13.61,29.55,39.46,38.62,normal,0,2024-10-30 10:52:00
21,89.21,13.21,45.2,40.73,32.84,normal,0,2024-07-20 23:35:00
58,85.1,13.26,31.93,41.72,35.96,normal,0,2024-09-16 14:30:00
71,76.43,6.8,50.29,25.84,61.18,normal,0,2024-08-25 06:31:00
76,74.11,12.8,47.57,35.21,33.37,normal,0,2024-07-15 10:03:00
73,78.23,11.82,32.65,34.4,32.37,normal,0,2024-04-05 16:39:00
31,91.18,15.36,23.7,41.03,18.76,normal,0,2024-04-26 09:37:00
5,71.14,16.95,38.74,39.1,35.59,normal,0,2024-10-01 18:04:00
76,73.82,11.63,26.0,46.84,46.51,normal,0,2024-04-03 21:57:00
92,81.08,8.4,51.65,38.97,67.57,normal,0,2024-09-18 23:19:00
31,78.09,17.53,44.03,37.56,47.5,normal,0,2024-08-10 20:24:00
42,82.4,22.39,36.79,36.53,38.42,normal,0,2024-08-05 18:30:00
49,72.48,11.96,33.31,34.76,41.14,normal,0,2024-06-24 07:03:00
57,81.45,19.14,39.79,27.33,65.65,normal,0,2024-02-12 06:37:00
68,67.0,21.78,38.56,38.42,57.19,normal,0,2024-11-06 14:13:00
94,77.81,12.2,32.21,40.29,65.33,normal,0,2024-09-18 01:20:00
89,71.99,12.12,46.38,45.84,48.33,normal,0,2024-04-24 14:56:00
19,74.11,17.35,44.44,40.31,62.23,normal,0,2024-01-13 10:55:00
50,70.54,14.21,59.63,34.41,23.49,normal,0,2024-03-11 06:27:00
77,-999.0,349.46,342.93,-26.16,-35.89,sensor_error,0,2024-12-03 01:58:00
20,69.28,10.04,48.36,45.6,45.17,normal,0,2024-09-16 11:28:00
38,67.55,6.94,18.44,30.53,41.49,normal,0,2024-02-21 08:45:00
56,61.49,15.32,59.98,33.52,55.23,normal,0,2024-05-12 07:40:00
85,74.72,15.13,56.41,33.19,45.3,normal,0,2024-03-25 13:57:00
67,74.65,21.87,44.62,38.61,37.31,normal,0,2024-11-07 13:40:00
47,68.61,15.67,47.72,27.67,33.41,normal,0,2024-04-08 20:26:00
76,58.55,20.32,51.81,41.53,59.11,normal,0,2024-11-06 09:08:00
2,78.72,16.17,31.66,38.33,62.02,normal,0,2024-08-30 18:07:00
12,72.68,16.92,46.88,37.62,51.25,normal,0,2024-05-02 12:53:00
2,63.22,12.76,31.39,35.32,54.57,normal,0,2024-01-12 12:06:00
85,83.67,16.45,52.38,29.32,24.61,normal,0,2024-11-14 05:15:00
87,84.22,18.29,24.7,39.64,51.26,normal,0,2024-10-05 18:10:00
89,69.38,10.43,44.03,34.09,84.55,normal,0,2024-09-12 08:52:00
57,78.28,12.15,31.66,39.6,73.6,normal,0,2024-08-22 05:49:00
17,90.65,15.74,12.54,25.03,48.05,normal,0,2024-08-17 18:12:00
24,85.73,9.88,46.25,34.12,68.84,normal,0,2024-12-06 03:55:00
54,89.23,17.19,48.67,36.25,41.17,normal,0,2024-09-29 16:07:00
27,86.14,4.32,67.25,41.05,69.3,normal,0,2024-03-14 21:39:00
11,70.33,17.17,20.65,34.41,57.18,normal,0,2024-10-18 04:17:00
36,75.92,13.38,27.33,31.37,53.96,normal,0,2024-04-18 20:13:00
49,84.96,7.67,35.33,34.68,56.89,normal,0,2024-05-04 09:22:00
67,84.64,16.47,35.95,30.84,22.51,normal,0,2024-09-09 01:35:00
77,93.43,11.56,43.96,40.13,46.74,normal,0,2024-04-27 14:06:00
24,84.67,10.07,31.61,32.84,40.79,normal,0,2024-11-01 05:35:00
77,76.04,14.21,45.16,39.41,54.09,normal,0,2024-09-18 05:54:00
64,73.65,16.36,30.43,38.15,49.11,normal,0,2024-05-14 17:17:00
12,61.33,12.78,53.89,30.15,36.1,normal,0,2024-04-18 03:09:00
43,80.65,16.04,44.69,39.2,42.88,normal,0,2024-01-16 04:20:00
54,87.57,14.24,59.58,27.24,80.31,normal,0,2024-02-15 18:05:00
35,76.48,11.58,14.96,28.89,52.43,normal,0,2024-12-07 07:02:00
73,68.31,20.53,54.99,34.74,81.17,normal,0,2024-04-14 22:19:00
91,89.59,13.75,25.89,32.14,45.29,normal,0,2024-09-23 11:25:00
79,77.89,14.97,26.92,32.5,46.47,normal,0,2024-10-22 08:46:00
44,83.23,14.11,21.61,37.93,38.21,normal,0,2024-01-17 15:14:00
51,78.8,16.69,25.08,39.1,32.65,normal,0,2024-06-20 07:17:00
58,70.76,14.04,30.67,39.14,47.76,normal,0,2024-07-14 23:14:00
12,80.84,11.68,33.49,28.74,53.59,normal,0,2024-11-28 07:33:00
12,76.55,16.99,22.25,36.82,32.17,normal,0,2024-07-26 22:40:00
72,81.0,17.0,22.43,43.03,58.31,normal,0,2024-12-03 01:26:00
26,81.89,10.5,30.96,39.53,86.25,normal,0,2024-09-30 19:55:00
98,68.27,14.4,47.31,41.6,60.09,normal,0,2024-04-15 06:37:00
85,66.06,21.39,48.52,40.51,34.73,normal,0,2024-10-20 17:14:00
85,66.21,20.12,44.97,35.01,42.51,normal,0,2024-03-15 12:34:00
15,71.07,9.65,40.91,20.84,52.83,normal,0,2024-02-09 06:14:00
9,71.96,26.19,33.8,42.25,65.6,normal,0,2024-02-16 20:00:00
1,61.55,16.96,56.28,31.96,59.2,normal,0,2024-04-19 03:15:00
30,90.53,20.34,28.76,31.75,19.08,normal,0,2024-01-07 00:02:00
27,90.59,12.14,24.05,31.69,58.07,normal,0,2024-02-23 07:40:00
98,79.8,9.55,30.14,35.67,69.36,normal,0,2024-06-21 02:02:00
69,62.77,16.01,30.26,39.52,44.36,normal,0,2024-04-04 21:10:00
47,82.84,10.02,26.54,22.44,50.67,normal,0,2024-02-10 07:23:00
18,86.34,14.2,34.82,36.65,59.76,normal,0,2024-11-10 11:46:00
96,67.62,18.38,39.26,29.17,42.75,normal,0,2024-07-25 20:27:00
7,95.26,13.8,36.32,39.98,37.14,normal,0,2024-06-03 02:56:00
8,78.71,16.25,19.99,39.26,65.29,normal,0,2024-06-27 20:09:00
1,87.74,8.2,34.25,43.33,40.13,normal,0,2024-09-10 04:58:00
16,81.08,15.09,25.7,31.85,29.55,normal,0,2024-02-05 00:25:00
73,76.84,12.23,53.73,34.02,42.3,normal,0,2024-07-24 19:49:00
93,73.84,10.07,29.19,41.31,26.74,normal,0,2024-10-25 07:41:00
41,55.66,10.09,24.56,41.75,46.83,normal,0,2024-12-08 02:43:00
30,61.65,13.48,59.97,35.18,48.99,normal,0,2024-05-29 15:38:00
78,90.97,12.42,30.1,38.05,25.64,normal,0,2024-07-15 14:28:00
70,86.8,15.91,23.27,29.96,41.77,normal,0,2024-12-07 12:25:00
77,89.26,4.37,10.61,34.14,45.51,normal,0,2024-08-05 23:23:00
62,98.35,40.33,43.98,49.44,63.09,real_anomaly,1,2024-10-23 15:44:00
37,86.82,14.1,57.67,29.23,58.34,normal,0,2024-11-25 00:35:00
59,63.17,14.29,31.88,38.96,43.32,normal,0,2024-09-28 02:49:00
47,72.14,21.3,42.66,36.64,57.88,normal,0,2024-06-02 00:00:00
13,94.75,9.99,37.64,39.77,77.61,normal,0,2024-12-23 18:19:00
10,75.32,15.88,38.53,27.77,68.95,normal,0,2024-02-12 13:48:00
35,59.68,9.32,20.95,34.03,38.32,normal,0,2024-12-08 21:36:00
6,71.93,15.47,55.58,30.39,45.6,normal,0,2024-11-16 22:20:00
41,69.85,16.33,23.93,39.51,36.41,normal,0,2024-11-08 04:07:00
24,88.9,13.09,32.98,32.01,32.44,normal,0,2024-09-11 16:56:00
29,75.64,17.94,40.52,32.21,36.56,normal,0,2024-05-25 17:44:00
41,68.02,17.29,40.86,29.63,42.67,normal,0,2024-04-12 10:39:00
82,85.77,14.34,27.65,35.66,51.29,normal,0,2024-06-04 04:04:00
49,72.85,24.43,25.8,28.32,75.09,normal,0,2024-08-09 23:35:00
58,76.35,20.8,29.8,30.79,51.59,normal,0,2024-07-19 00:06:00
19,79.44,15.37,20.91,35.59,41.1,normal,0,2024-07-25 09:58:00
28,80.43,15.51,35.51,25.41,71.49,normal,0,2024-02-10 05:32:00
54,72.43,14.68,32.22,31.63,59.56,normal,0,2024-07-29 13:10:00
64,75.96,12.9,37.23,37.54,36.97,normal,0,2024-11-19 05:11:00
70,75.98,20.07,30.94,42.33,48.65,normal,0,2024-04-12 07:48:00
79,70.19,17.61,39.52,39.69,67.72,normal,0,2024-03-12 04:19:00
21,77.84,13.15,25.26,37.58,40.16,normal,0,2024-02-04 12:23:00
38,84.95,13.58,47.48,39.89,47.25,normal,0,2024-02-26 11:37:00
22,74.6,19.44,66.12,28.57,64.7,normal,0,2024-10-15 07:37:00
17,78.77,9.75,65.63,30.38,30.57,normal,0,2024-01-06 12:20:00
17,78.53,18.69,29.54,51.69,13.97,normal,0,2024-08-08 23:43:00
64,47.29,60.03,27.81,60.15,54.32,real_anomaly,1,2024-05-05 18:08:00
85,93.75,11.22,37.51,39.51,42.18,normal,0,2024-01-18 08:00:00
29,73.66,18.02,51.6,30.62,38.31,normal,0,2024-10-28 16:03:00
40,74.65,9.78,27.16,33.62,45.43,normal,0,2024-08-13 05:27:00
24,77.69,16.82,21.94,37.05,38.04,normal,0,2024-04-16 07:33:00
39,65.88,14.92,25.75,29.65,10.0,normal,0,2024-12-11 13:24:00
44,69.52,15.3,10.04,34.69,58.74,normal,0,2024-01-19 11:59:00
24,67.39,15.18,53.0,42.0,68.45,normal,0,2024-03-22 13:35:00
65,83.71,16.79,18.17,39.48,40.3,normal,0,2024-06-03 16:50:00
79,84.93,9.69,54.24,42.26,57.05,normal,0,2024-07-21 14:41:00
26,75.82,17.27,53.85,29.58,53.17,normal,0,2024-03-20 17:11:00
69,86.6,13.32,22.98,32.2,86.94,normal,0,2024-05-13 16:46:00
46,88.4,22.07,43.95,30.39,29.46,normal,0,2024-09-12 00:22:00
12,78.49,8.83,41.42,36.1,68.21,normal,0,2024-02-19 01:09:00
29,86.47,14.08,45.29,34.09,70.11,normal,0,2024-07-16 11:15:00
48,91.28,17.86,49.85,32.41,72.23,normal,0,2024-07-13 14:11:00
27,79.47,13.76,44.06,38.32,50.52,normal,0,2024-08-26 21:20:00
23,85.38,19.27,27.31,29.98,62.06,normal,0,2024-06-22 10:41:00
7,75.55,17.61,23.69,38.82,35.03,normal,0,2024-03-31 19:08:00
85,70.93,14.17,38.52,35.48,42.0,normal,0,2024-11-12 06:47:00
99,69.26,7.95,36.11,28.89,66.02,normal,0,2024-09-28 16:02:00
14,82.43,13.41,23.48,36.31,45.14,normal,0,2024-08-21 12:46:00
97,88.09,16.32,34.4,26.57,62.88,normal,0,2024-04-23 23:00:00
76,78.37,10.9,21.59,24.83,35.5,normal,0,2024-05-25 00:02:00
74,84.2,18.3,36.13,33.49,59.76,normal,0,2024-06-20 00:05:00
41,67.0,14.85,44.4,40.82,63.19,normal,0,2024-02-02 18:04:00
10,88.63,15.87,18.46,35.71,44.35,normal,0,2024-11-24 09:05:00
29,107.38,37.59,42.11,60.0,30.86,real_anomaly,1,2024-10-21 19:13:00
23,82.74,17.67,24.86,41.28,20.8,normal,0,2024-05-17 19:23:00
75,82.51,16.6,43.16,42.47,66.34,normal,0,2024-02-22 08:20:00
29,480.89,-17.31,245.33,-47.86,214.03,sensor_error,0,2024-01-11 18:11:00
80,-999.0,475.96,-49.82,-2.5,247.95,sensor_error,0,2024-03-04 12:52:00
93,74.46,16.03,16.93,32.63,37.97,normal,0,2024-10-17 02:17:00
77,71.06,15.69,46.82,35.27,34.29,normal,0,2024-10-30 02:06:00
76,73.18,10.13,41.95,32.62,45.87,normal,0,2024-08-10 20:18:00
37,81.22,11.76,60.03,39.07,52.59,normal,0,2024-04-30 00:59:00
78,77.34,16.44,26.59,41.73,46.44,normal,0,2024-01-25 10:24:00
74,72.86,16.04,44.49,26.95,46.56,normal,0,2024-07-01 10:51:00
28,80.93,19.22,23.33,29.16,55.27,normal,0,2024-09-22 08:30:00
62,93.97,14.07,16.9,36.23,48.3,normal,0,2024-12-15 13:11:00
74,71.73,3.54,42.87,44.5,62.86,normal,0,2024-07-06 01:09:00
33,70.11,13.21,43.2,34.02,45.94,normal,0,2024-03-25 00:20:00
29,69.89,9.95,35.74,33.81,62.44,normal,0,2024-04-12 19:10:00
64,309.62,-36.97,-35.13,-40.79,218.39,sensor_error,0,2024-12-29 13:04:00
6,76.79,19.05,31.24,34.34,58.87,normal,0,2024-02-14 11:55:00
8,79.3,12.72,36.38,35.93,53.66,normal,0,2024-04-04 15:05:00
20,76.03,14.9,28.63,41.22,60.02,normal,0,2024-07-28 23:35:00
31,87.05,15.27,27.45,34.56,47.08,normal,0,2024-12-13 07:53:00
13,94.66,16.11,27.95,35.34,57.61,normal,0,2024-09-27 04:48:00
62,84.53,21.46,35.01,36.8,54.96,normal,0,2024-12-12 21:47:00
47,86.23,19.83,4.36,42.47,58.95,normal,0,2024-04-01 07:44:00
83,73.43,16.56,67.3,30.91,59.69,normal,0,2024-01-25 13:45:00
67,80.66,10.37,21.36,39.57,51.25,normal,0,2024-06-07 05:57:00
71,73.9,13.92,26.56,36.32,24.97,normal,0,2024-12-23 18:51:00
62,81.26,11.49,45.45,32.01,39.49,normal,0,2024-04-22 03:38:00
99,63.33,12.37,24.68,39.97,71.94,normal,0,2024-06-19 19:09:00
92,76.99,14.17,21.0,30.87,39.04,normal,0,2024-01-02 15:19:00
77,64.36,13.15,25.39,29.99,44.47,normal,0,2024-10-09 09:22:00
67,75.99,15.83,17.32,38.59,49.28,normal,0,2024-10-06 06:37:00
35,100.0,19.81,37.92,36.75,48.18,normal,0,2024-03-15 22:03:00
59,-999.0,-75.1,-39.18,-0.6,-27.37,sensor_error,0,2024-03-18 05:13:00
17,77.55,18.26,48.29,29.42,45.69,normal,0,2024-10-28 23:08:00
51,69.66,14.35,17.46,40.38,43.0,normal,0,2024-08-05 12:28:00
45,84.98,12.31,45.35,34.2,49.61,normal,0,2024-10-29 19:15:00
52,73.26,11.6,21.7,36.8,42.6,normal,0,2024-03-02 08:04:00
64,83.6,14.81,24.6,32.33,42.56,normal,0,2024-07-02 12:18:00
32,71.6,10.2,36.58,30.6,29.83,normal,0,2024-11-27 23:55:00
27,73.21,17.51,34.69,36.86,47.64,normal,0,2024-11-09 16:31:00
26,73.33,15.49,29.53,35.39,38.81,normal,0,2024-11-24 01:59:00
17,-999.0,-39.82,368.18,-7.26,-11.75,sensor_error,0,2024-10-22 16:20:00
72,75.37,11.81,39.45,40.24,90.6,normal,0,2024-06-20 04:37:00
14,72.79,15.43,46.93,37.48,24.63,normal,0,2024-10-08 22:29:00
60,71.65,16.33,22.57,31.81,31.87,normal,0,2024-10-30 08:04:00
30,60.27,21.21,25.37,38.81,56.27,normal,0,2024-09-24 22:20:00
44,69.9,17.23,50.24,41.38,60.18,normal,0,2024-04-08 11:17:00
40,67.36,14.28,26.63,34.27,65.92,normal,0,2024-05-11 07:18:00
1,73.19,13.92,47.25,30.42,15.58,normal,0,2024-07-04 06:53:00
75,88.42,7.2,32.38,25.98,41.57,normal,0,2024-02-16 05:18:00
2,88.26,13.75,21.37,32.65,56.25,normal,0,2024-11-22 19:06:00
48,70.36,18.15,42.47,39.39,48.53,normal,0,2024-01-07 14:11:00
49,75.55,7.75,44.18,33.43,10.0,normal,0,2024-02-28 21:57:00
72,73.9,7.11,19.28,46.98,71.04,normal,0,2024-05-14 04:58:00
13,88.0,12.87,44.69,31.63,77.85,normal,0,2024-08-06 09:41:00
25,52.86,14.41,20.73,42.69,60.28,normal,0,2024-07-06 06:56:00
69,63.46,12.6,45.65,34.64,54.94,normal,0,2024-09-15 01:13:00
38,89.54,20.16,26.6,34.96,33.08,normal,0,2024-04-19 18:06:00
11,71.56,13.86,32.19,45.99,32.71,normal,0,2024-06-25 19:00:00
60,71.81,14.3,39.67,37.47,37.92,normal,0,2024-01-14 04:20:00
18,87.41,6.3,31.66,33.17,67.86,normal,0,2024-12-19 22:30:00
36,90.08,9.56,62.9,32.81,58.6,normal,0,2024-11-25 19:41:00
51,86.36,17.04,54.26,32.58,73.3,normal,0,2024-10-19 09:18:00
99,72.74,10.88,26.55,37.29,57.36,normal,0,2024-05-07 21:14:00
4,83.92,13.24,23.17,31.67,59.76,normal,0,2024-03-10 02:51:00
92,77.5,13.65,40.56,41.3,51.6,normal,0,2024-06-19 21:15:00
55,67.57,12.83,34.84,34.86,42.23,normal,0,2024-06-17 06:01:00
23,81.12,11.36,14.3,31.41,33.69,normal,0,2024-09-15 18:33:00
52,97.73,6.52,54.09,38.16,49.94,normal,0,2024-05-23 17:31:00
94,85.03,16.54,29.6,41.81,67.37,normal,0,2024-03-27 21:04:00
44,70.28,16.01,29.88,37.81,71.23,normal,0,2024-06-28 21:42:00
18,74.2,12.04,24.11,32.12,73.17,normal,0,2024-10-22 14:56:00
100,87.64,16.64,35.11,40.92,40.41,normal,0,2024-05-27 21:36:00
26,71.23,15.64,44.83,34.88,47.39,normal,0,2024-09-10 10:02:00
55,82.2,17.56,34.33,27.7,53.64,normal,0,2024-01-18 22:35:00
99,69.25,21.35,21.98,38.6,40.4,normal,0,2024-05-27 22:03:00
61,68.1,9.6,32.79,33.97,37.68,normal,0,2024-04-08 22:58:00
31,56.2,9.23,31.89,41.19,62.19,normal,0,2024-03-26 19:20:00
9,78.09,11.17,8.79,31.85,50.49,normal,0,2024-10-21 22:02:00
19,80.41,20.47,45.35,30.57,48.9,normal,0,2024-05-21 05:30:00
57,74.24,15.64,33.43,30.92,61.44,normal,0,2024-01-02 07:08:00
91,79.23,9.85,31.78,34.4,55.78,normal,0,2024-07-18 01:20:00
66,73.2,23.7,39.46,40.92,30.47,normal,0,2024-04-27 06:07:00
28,81.34,12.6,38.43,33.48,49.61,normal,0,2024-04-15 20:54:00
46,83.84,10.62,47.86,36.23,55.63,normal,0,2024-02-10 12:30:00
93,85.62,14.87,7.65,28.9,54.46,normal,0,2024-06-07 00:26:00
42,66.23,16.0,28.68,42.9,39.42,normal,0,2024-04-08 22:46:00
38,69.47,8.74,43.34,40.86,56.12,normal,0,2024-04-18 18:48:00
28,79.47,15.79,37.44,27.46,66.34,normal,0,2024-11-17 09:33:00
93,75.18,14.45,35.12,35.54,27.45,normal,0,2024-09-17 09:53:00
85,88.49,15.96,42.14,33.57,18.52,normal,0,2024-03-25 02:43:00
91,71.39,13.96,19.34,40.33,62.1,normal,0,2024-10-06 14:57:00
35,73.7,12.21,39.51,35.79,47.55,normal,0,2024-07-01 21:00:00
68,-11.21,-24.36,282.61,-1.83,270.97,sensor_error,0,2024-11-02 17:24:00
64,78.46,21.71,20.17,29.23,60.46,normal,0,2024-07-08 04:40:00
6,90.88,16.45,37.0,39.75,27.53,normal,0,2024-03-20 18:38:00
42,75.58,12.36,26.61,38.6,46.9,normal,0,2024-06-24 00:48:00
78,73.84,18.26,65.23,31.43,53.09,normal,0,2024-01-23 13:28:00
38,73.59,13.51,54.07,34.74,74.48,normal,0,2024-11-10 09:49:00
41,59.04,6.76,46.01,31.94,44.39,normal,0,2024-04-26 20:32:00
97,80.07,16.06,30.59,27.79,67.37,normal,0,2024-10-04 06:20:00
20,72.07,12.49,28.06,29.84,46.01,normal,0,2024-03-10 21:25:00
62,68.19,21.02,39.42,28.37,34.62,normal,0,2024-03-30 10:50:00
37,81.38,15.57,42.12,35.14,21.62,normal,0,2024-01-14 18:28:00
15,72.9,16.87,45.38,40.26,31.93,normal,0,2024-03-15 21:12:00
95,88.97,15.12,23.75,30.31,44.92,normal,0,2024-09-11 10:42:00
26,82.26,26.74,15.43,35.9,62.54,normal,0,2024-09-16 00:38:00
40,83.36,9.92,56.71,34.74,43.13,normal,0,2024-11-05 07:29:00
94,70.12,15.16,34.48,30.88,54.9,normal,0,2024-12-15 22:12:00
92,95.9,18.32,30.79,31.55,64.47,normal,0,2024-07-13 18:03:00
44,95.67,18.16,51.1,34.77,46.8,normal,0,2024-12-29 03:17:00
83,76.47,17.95,23.77,43.33,45.08,normal,0,2024-03-06 13:29:00
69,66.55,15.78,37.86,36.65,41.58,normal,0,2024-10-23 18:38:00
3,75.56,12.7,47.44,28.69,78.36,normal,0,2024-03-14 22:09:00
49,75.96,20.48,35.08,34.81,53.17,normal,0,2024-12-25 07:11:00
93,71.78,18.84,39.96,39.97,30.61,normal,0,2024-03-26 12:02:00
19,88.97,14.71,33.44,39.27,36.28,normal,0,2024-06-24 09:52:00
66,82.99,19.26,53.1,42.92,35.3,normal,0,2024-09-02 17:31:00
49,81.15,13.74,40.28,34.26,70.35,normal,0,2024-01-25 19:38:00
77,81.74,21.79,17.99,41.75,47.38,normal,0,2024-11-17 01:04:00
75,71.45,10.47,35.83,42.48,42.42,normal,0,2024-11-14 13:33:00
15,66.86,8.42,57.34,34.55,35.88,normal,0,2024-05-01 12:25:00
88,79.95,21.83,35.77,42.87,46.77,normal,0,2024-11-01 19:57:00
33,77.37,10.48,27.36,30.94,45.1,normal,0,2024-09-06 20:15:00
99,71.29,21.91,42.3,38.02,53.16,normal,0,2024-12-10 15:42:00
68,72.64,12.92,42.63,20.72,32.61,normal,0,2024-02-26 17:10:00
46,67.99,19.24,48.02,33.87,50.73,normal,0,2024-04-02 15:25:00
79,85.67,12.89,40.99,37.7,81.28,normal,0,2024-07-21 19:05:00
23,68.11,22.69,65.51,36.41,39.48,normal,0,2024-02-19 06:16:00
34,84.02,21.67,23.31,37.62,46.01,normal,0,2024-08-19 11:02:00
19,73.43,16.2,32.65,34.89,44.66,normal,0,2024-06-02 09:01:00
31,80.45,21.24,33.7,40.1,75.24,normal,0,2024-02-10 20:48:00
62,64.34,13.38,25.64,30.25,46.32,normal,0,2024-10-10 03:37:00
26,78.36,10.41,54.55,37.7,57.34,normal,0,2024-08-07 06:27:00
5,90.22,11.13,30.0,26.43,52.92,normal,0,2024-05-01 10:10:00
16,72.54,16.29,29.47,31.11,85.45,normal,0,2024-09-15 12:46:00
46,97.33,17.64,15.85,33.25,49.02,normal,0,2024-01-17 12:25:00
27,84.96,13.73,33.53,33.69,29.39,normal,0,2024-03-24 11:31:00
78,78.23,22.21,25.41,35.4,41.16,normal,0,2024-03-27 04:49:00
73,72.34,19.28,29.0,39.18,58.85,normal,0,2024-06-21 04:13:00
3,81.66,15.7,24.89,36.91,35.16,normal,0,2024-11-25 18:22:00
56,82.48,13.07,25.24,34.68,54.97,normal,0,2024-03-29 00:38:00
13,94.58,19.77,51.39,27.93,46.91,normal,0,2024-10-02 12:33:00
54,75.08,19.66,48.26,27.61,43.01,normal,0,2024-12-14 14:16:00
42,72.76,19.69,50.7,47.29,20.14,normal,0,2024-08-28 03:54:00
31,81.73,18.44,32.55,36.84,62.02,normal,0,2024-11-13 06:03:00
4,76.85,10.89,3.07,42.36,49.78,normal,0,2024-09-23 22:15:00
31,82.3,14.99,37.8,29.5,30.8,normal,0,2024-06-16 16:05:00
56,80.62,13.22,26.07,27.58,47.74,normal,0,2024-12-22 18:58:00
76,78.85,14.53,64.48,42.38,56.71,normal,0,2024-05-08 13:26:00
86,65.35,14.97,30.64,42.4,34.79,normal,0,2024-06-23 03:26:00
24,83.18,11.02,43.31,28.62,45.69,normal,0,2024-03-16 02:53:00
15,80.37,20.56,29.05,46.47,31.63,normal,0,2024-10-09 08:19:00
43,84.17,16.69,35.43,30.86,51.58,normal,0,2024-11-13 05:47:00
75,77.16,11.81,19.11,42.13,18.63,normal,0,2024-02-01 00:47:00
34,77.52,14.57,17.41,27.08,25.21,normal,0,2024-12-21 21:11:00
86,65.44,18.37,16.14,26.43,40.73,normal,0,2024-08-22 12:14:00
10,83.16,13.15,26.68,30.68,75.34,normal,0,2024-05-15 11:19:00
49,88.49,9.23,28.58,38.23,44.01,normal,0,2024-04-16 15:56:00
72,79.58,20.47,21.06,35.31,49.35,normal,0,2024-04-02 03:50:00
22,79.01,16.88,44.04,32.95,64.74,normal,0,2024-12-20 12:13:00
94,72.82,18.06,47.18,25.14,47.79,normal,0,2024-08-25 21:14:00
90,85.06,17.2,21.53,34.5,52.95,normal,0,2024-08-19 19:05:00
93,-999.0,-29.29,-16.96,-16.83,235.72,sensor_error,0,2024-09-07 22:23:00
70,78.59,14.8,46.16,29.14,26.43,normal,0,2024-03-18 22:37:00
25,84.79,10.9,37.2,32.97,53.18,normal,0,2024-08-18 11:06:00
13,67.49,13.18,43.24,36.86,45.08,normal,0,2024-11-06 07:09:00
80,79.49,19.83,37.27,39.11,54.19,normal,0,2024-06-01 07:15:00
58,64.29,15.1,38.69,42.62,32.21,normal,0,2024-01-14 19:57:00
73,49.04,62.07,40.54,60.2,39.43,real_anomaly,1,2024-10-09 00:35:00
41,78.87,18.5,39.25,39.11,62.99,normal,0,2024-08-03 14:25:00
30,74.26,24.16,43.15,37.23,66.16,normal,0,2024-03-01 00:12:00
53,61.31,14.47,34.62,35.85,51.4,normal,0,2024-05-17 23:02:00
33,80.19,19.51,34.98,36.56,53.5,normal,0,2024-11-20 07:25:00
64,89.25,19.37,31.11,30.73,38.09,normal,0,2024-10-11 19:12:00
45,88.37,16.94,37.51,37.57,58.97,normal,0,2024-06-17 11:52:00
52,88.81,10.69,15.29,36.61,37.79,normal,0,2024-07-29 08:09:00
93,81.38,12.85,20.21,33.65,44.57,normal,0,2024-05-14 11:06:00
57,79.24,13.73,29.68,36.24,40.84,normal,0,2024-08-27 18:06:00
30,62.47,10.24,36.12,39.29,33.14,normal,0,2024-11-29 15:30:00
85,73.66,6.18,25.06,32.37,35.13,normal,0,2024-12-10 07:17:00
21,84.06,14.93,35.31,35.58,59.7,normal,0,2024-05-25 20:43:00
6,71.49,15.68,30.39,41.25,65.88,normal,0,2024-03-21 11:53:00
100,85.48,18.51,46.52,30.8,64.62,normal,0,2024-11-17 20:26:00
76,74.34,10.19,20.84,29.9,36.4,normal,0,2024-02-27 19:23:00
47,69.8,15.32,32.89,32.1,65.42,normal,0,2024-07-19 12:44:00
99,75.77,15.8,27.41,46.56,34.75,normal,0,2024-11-30 19:55:00
55,79.4,17.61,28.07,40.15,46.72,normal,0,2024-04-24 19:01:00
90,68.73,15.62,8.94,34.78,48.05,normal,0,2024-08-31 16:22:00
60,72.57,14.97,13.27,24.6,33.31,normal,0,2024-03-10 22:50:00
92,81.04,9.7,37.98,33.46,75.81,normal,0,2024-04-25 19:11:00
90,70.86,9.87,46.73,36.12,43.04,normal,0,2024-04-01 08:59:00
57,80.47,11.08,36.69,34.35,46.2,normal,0,2024-06-09 13:46:00
66,75.29,13.06,26.82,35.34,56.66,normal,0,2024-02-22 16:45:00
85,81.29,17.53,29.86,31.06,34.74,normal,0,2024-09-15 14:07:00
29,60.9,8.17,20.23,27.02,60.23,normal,0,2024-10-15 20:55:00
32,67.63,15.88,36.38,35.88,37.92,normal,0,2024-01-23 00:45:00
38,78.28,18.71,25.22,31.41,69.24,normal,0,2024-01-07 11:59:00
85,78.14,21.73,36.61,34.83,50.75,normal,0,2024-06-14 21:57:00
55,83.3,10.35,42.64,33.72,54.71,normal,0,2024-04-19 19:24:00
86,54.29,18.8,27.48,40.49,44.31,normal,0,2024-05-16 05:21:00
1,63.8,10.71,20.04,33.5,58.45,normal,0,2024-01-13 03:50:00
43,75.22,20.44,42.68,38.14,56.84,normal,0,2024-03-12 01:53:00
78,87.47,18.98,30.51,34.52,56.5,normal,0,2024-03-09 00:14:00
43,77.09,19.65,46.35,38.39,54.38,normal,0,2024-12-05 02:07:00
87,92.95,22.78,45.42,38.42,76.67,normal,0,2024-09-11 21:01:00
74,79.05,13.79,24.05,30.37,32.67,normal,0,2024-10-10 18:53:00
63,77.29,12.41,19.96,25.54,66.73,normal,0,2024-01-30 12:28:00
82,83.04,18.61,30.26,35.63,52.82,normal,0,2024-02-19 14:24:00
40,64.16,16.55,32.11,42.12,53.91,normal,0,2024-10-13 10:03:00
99,76.16,10.32,30.9,39.46,39.65,normal,0,2024-02-08 20:45:00
20,74.97,15.82,43.2,31.79,57.19,normal,0,2024-09-27 20:28:00
38,97.33,9.77,41.87,30.51,50.24,normal,0,2024-11-03 01:08:00
96,78.15,21.84,21.76,22.87,58.81,normal,0,2024-07-07 18:52:00
98,73.34,12.9,33.76,27.39,45.8,normal,0,2024-01-03 10:37:00
45,82.64,16.49,23.97,29.87,82.36,normal,0,2024-06-29 18:51:00
6,77.18,22.16,39.31,34.75,60.38,normal,0,2024-10-23 04:58:00
58,70.48,21.33,38.38,29.89,44.59,normal,0,2024-11-23 21:26:00
14,80.79,18.64,32.59,37.18,53.69,normal,0,2024-11-09 06:03:00
94,71.44,17.9,45.55,46.05,43.04,normal,0,2024-07-12 16:55:00
79,72.09,16.22,29.12,36.35,32.28,normal,0,2024-07-05 03:21:00
6,-999.0,498.07,453.78,-35.67,163.57,sensor_error,0,2024-06-13 11:52:00
83,91.75,15.82,49.46,36.95,48.09,normal,0,2024-11-18 19:02:00
90,-999.0,-31.99,-31.78,-32.7,297.78,sensor_error,0,2024-07-31 17:30:00
83,76.41,13.64,12.16,35.34,49.09,normal,0,2024-03-04 04:53:00
51,83.64,17.95,22.44,35.28,57.78,normal,0,2024-08-04 07:57:00
78,80.59,17.25,19.82,27.29,33.29,normal,0,2024-10-12 03:52:00
62,79.88,17.65,42.15,28.61,62.75,normal,0,2024-11-14 20:27:00
25,92.09,14.14,44.34,37.02,68.58,normal,0,2024-11-02 22:37:00
15,86.09,15.45,42.17,42.15,23.91,normal,0,2024-06-28 21:58:00
26,75.37,12.55,44.52,35.62,36.66,normal,0,2024-07-20 16:32:00
30,82.81,13.24,55.93,34.12,68.82,normal,0,2024-11-24 18:25:00
36,82.07,10.24,24.71,37.3,47.03,normal,0,2024-07-09 02:19:00
21,84.66,16.92,35.27,38.37,78.41,normal,0,2024-07-23 00:28:00
96,78.46,18.55,37.42,33.38,25.18,normal,0,2024-05-06 06:04:00
40,76.0,13.0,31.98,30.4,39.06,normal,0,2024-03-21 06:20:00
60,79.92,20.73,40.67,39.3,43.41,normal,0,2024-05-14 23:04:00
94,64.01,2.55,41.17,32.51,46.52,normal,0,2024-11-20 05:08:00
67,73.85,13.34,17.31,36.69,25.1,normal,0,2024-08-23 23:49:00
23,81.18,19.23,46.9,37.71,42.8,normal,0,2024-04-14 00:57:00
41,77.14,22.34,40.49,40.07,21.07,normal,0,2024-09-22 12:04:00
1,64.12,13.01,43.39,32.89,74.02,normal,0,2024-02-29 19:24:00
2,68.56,14.97,49.47,36.71,65.5,normal,0,2024-11-18 07:14:00
40,83.06,23.77,48.39,34.21,32.23,normal,0,2024-10-28 06:29:00
76,91.09,20.32,42.31,30.33,46.73,normal,0,2024-02-10 08:31:00
99,63.21,17.3,26.83,45.02,31.91,normal,0,2024-08-02 08:01:00
87,79.48,10.7,45.78,43.0,33.92,normal,0,2024-03-20 12:09:00
88,74.54,11.6,43.25,26.87,37.77,normal,0,2024-02-14 10:42:00
21,73.44,18.29,21.13,32.0,57.68,normal,0,2024-12-25 08:11:00
70,84.44,16.08,29.8,41.17,59.5,normal,0,2024-01-13 04:03:00
98,76.72,16.67,26.73,31.08,85.52,normal,0,2024-10-16 12:11:00
75,86.49,13.85,36.96,32.99,80.63,normal,0,2024-04-10 11:25:00
92,83.6,19.36,25.83,29.67,46.3,normal,0,2024-11-25 17:28:00
22,84.75,14.04,36.02,35.47,50.15,normal,0,2024-12-28 21:17:00
97,63.19,10.47,23.78,34.35,57.52,normal,0,2024-05-11 07:40:00
28,68.39,12.67,13.22,29.22,69.8,normal,0,2024-03-03 13:29:00
11,80.29,15.92,31.52,39.57,64.15,normal,0,2024-06-19 02:02:00
32,67.66,10.35,25.41,24.76,38.15,normal,0,2024-04-08 23:15:00
13,87.44,17.7,34.16,30.1,56.89,normal,0,2024-03-10 21:29:00
65,82.8,11.2,17.31,43.07,44.92,normal,0,2024-12-08 10:59:00
72,64.02,17.49,36.15,38.1,51.94,normal,0,2024-02-20 00:36:00
59,71.94,17.15,25.83,28.86,36.43,normal,0,2024-07-26 04:09:00
22,76.92,10.64,29.12,38.46,68.95,normal,0,2024-10-01 11:06:00
60,88.7,8.12,32.07,35.04,34.24,normal,0,2024-02-16 10:22:00
87,59.64,12.91,67.22,31.08,63.79,normal,0,2024-05-08 02:00:00
38,67.32,18.47,36.84,27.78,38.15,normal,0,2024-09-05 15:13:00
30,79.68,12.44,26.18,38.22,43.74,normal,0,2024-06-19 11:50:00
66,73.24,15.53,49.84,26.42,43.59,normal,0,2024-03-09 07:02:00
34,104.23,44.61,15.52,38.67,48.87,real_anomaly,1,2024-05-18 22:54:00
29,87.0,22.76,24.46,38.53,49.76,normal,0,2024-09-11 15:46:00
66,76.69,13.76,22.64,38.25,47.13,normal,0,2024-03-26 18:03:00
47,57.53,11.84,22.5,39.89,66.61,normal,0,2024-08-24 06:47:00
7,72.17,17.3,17.66,31.34,87.29,normal,0,2024-10-07 22:51:00
60,80.0,15.33,41.92,29.91,44.77,normal,0,2024-10-05 10:02:00
13,78.38,14.61,18.41,40.43,43.14,normal,0,2024-02-01 21:51:00
56,87.01,16.71,38.95,41.01,65.47,normal,0,2024-07-16 12:24:00
95,94.69,15.53,16.7,36.01,48.9,normal,0,2024-02-06 03:41:00
20,87.98,10.31,36.78,42.56,36.66,normal,0,2024-09-20 01:08:00
89,80.11,8.58,42.25,35.07,40.52,normal,0,2024-07-02 20:46:00
71,78.88,17.24,36.33,31.25,63.38,normal,0,2024-01-02 08:06:00
26,72.23,13.99,33.42,34.79,58.6,normal,0,2024-10-17 04:13:00
8,69.53,12.88,57.15,41.82,35.31,normal,0,2024-08-19 18:06:00
33,95.57,17.32,7.61,41.35,18.6,normal,0,2024-02-07 23:52:00
61,76.68,12.75,53.89,34.07,30.61,normal,0,2024-08-23 08:53:00
21,74.68,12.73,43.04,33.62,48.99,normal,0,2024-02-18 08:22:00
51,71.87,17.04,38.8,38.14,58.69,normal,0,2024-07-28 18:52:00
9,104.42,44.04,20.73,46.99,66.3,real_anomaly,1,2024-03-03 14:25:00
64,65.61,19.18,35.19,33.51,40.51,normal,0,2024-05-03 22:05:00
68,80.92,16.67,34.52,38.6,71.91,normal,0,2024-07-16 17:09:00
99,72.51,16.69,26.92,48.67,47.91,normal,0,2024-10-09 08:40:00
10,79.27,18.47,33.13,33.44,49.41,normal,0,2024-03-19 05:14:00
43,80.79,10.66,23.62,34.42,59.5,normal,0,2024-01-31 20:01:00
44,98.78,16.99,34.67,25.91,51.61,normal,0,2024-07-02 06:44:00
81,65.99,10.73,27.24,41.87,63.0,normal,0,2024-12-22 03:28:00
25,71.36,11.05,38.87,35.26,53.8,normal,0,2024-10-23 12:14:00
12,79.34,11.37,44.11,38.31,76.04,normal,0,2024-08-21 09:53:00
17,84.36,9.9,44.95,41.16,34.88,normal,0,2024-12-13 10:43:00
42,75.71,16.42,52.99,28.69,60.81,normal,0,2024-10-31 23:05:00
23,61.6,20.67,29.42,28.01,75.88,normal,0,2024-02-18 07:38:00
43,63.73,15.89,31.47,39.22,20.9,normal,0,2024-03-24 08:27:00
53,81.71,14.58,55.12,34.89,37.89,normal,0,2024-06-20 08:34:00
98,85.83,11.93,26.3,34.07,40.63,normal,0,2024-01-02 16:04:00
58,85.26,17.04,29.39,35.87,62.81,normal,0,2024-04-13 07:20:00
97,79.97,6.96,38.7,29.39,61.48,normal,0,2024-10-14 00:58:00
12,74.92,13.32,33.35,38.67,37.38,normal,0,2024-05-24 03:46:00
88,87.4,17.59,21.7,41.3,53.3,normal,0,2024-07-29 05:08:00
5,81.14,14.75,55.49,39.81,57.09,normal,0,2024-05-30 05:20:00
75,83.9,14.35,35.14,32.73,52.43,normal,0,2024-02-15 07:45:00
25,75.44,19.39,25.47,25.37,50.78,normal,0,2024-03-07 17:48:00
30,79.5,15.4,28.27,31.93,50.19,normal,0,2024-04-14 11:01:00
16,77.96,14.62,30.41,42.78,55.01,normal,0,2024-11-08 08:56:00
40,83.39,13.91,35.51,41.67,35.92,normal,0,2024-11-04 12:01:00
54,68.9,19.26,33.1,39.22,42.94,normal,0,2024-07-20 05:28:00
49,76.5,16.87,14.81,37.0,48.28,normal,0,2024-02-14 21:43:00
62,96.23,11.82,30.61,33.11,45.85,normal,0,2024-10-03 07:36:00
96,62.04,17.26,44.43,28.26,57.27,normal,0,2024-02-15 19:57:00
81,88.8,16.41,35.24,37.8,27.24,normal,0,2024-02-20 22:31:00
2,78.36,17.45,37.05,32.59,16.19,normal,0,2024-06-11 08:56:00
13,76.91,19.82,32.58,42.03,71.58,normal,0,2024-02-22 14:39:00
74,72.45,22.43,51.04,30.44,71.52,normal,0,2024-07-30 20:32:00
84,75.32,17.03,58.76,33.27,53.27,normal,0,2024-04-02 14:25:00
29,72.8,15.34,46.63,35.65,41.05,normal,0,2024-01-04 07:15:00
48,71.61,15.0,26.95,38.09,79.36,normal,0,2024-12-12 17:03:00
50,72.98,14.85,43.2,41.09,55.81,normal,0,2024-01-31 10:31:00
92,70.45,7.86,31.01,31.05,11.61,normal,0,2024-09-18 11:55:00
43,77.3,14.49,10.54,33.37,48.99,normal,0,2024-09-01 23:10:00
13,93.46,20.26,61.75,38.96,71.99,normal,0,2024-03-08 19:54:00
96,88.46,15.66,42.16,37.41,59.49,normal,0,2024-02-28 04:37:00
90,68.94,13.7,31.99,36.43,29.94,normal,0,2024-06-03 20:43:00
34,72.65,18.17,37.36,35.28,66.51,normal,0,2024-01-16 15:22:00
30,68.62,12.43,23.78,37.38,64.57,normal,0,2024-05-24 09:53:00
9,80.86,17.46,51.66,43.89,42.91,normal,0,2024-07-24 01:27:00
25,57.36,18.85,57.99,31.89,55.13,normal,0,2024-02-26 22:36:00
94,71.15,15.85,15.22,32.94,33.55,normal,0,2024-09-01 07:48:00
99,94.33,15.47,52.03,38.32,21.05,normal,0,2024-09-10 01:35:00
57,89.84,9.08,9.74,35.28,17.64,normal,0,2024-08-07 12:22:00
24,74.33,20.45,34.62,36.06,40.34,normal,0,2024-01-05 12:19:00
97,71.12,13.67,48.71,27.45,47.58,normal,0,2024-05-11 04:40:00
76,67.21,9.84,23.63,37.4,45.8,normal,0,2024-02-01 01:29:00
10,87.76,11.47,16.33,31.56,40.67,normal,0,2024-10-16 21:14:00
50,55.59,19.34,43.14,32.68,38.7,normal,0,2024-04-25 07:50:00
18,72.98,16.66,44.01,44.56,47.46,normal,0,2024-05-25 19:41:00
74,88.68,16.45,30.05,35.11,37.67,normal,0,2024-04-06 09:52:00
73,84.53,14.8,33.93,37.3,64.37,normal,0,2024-09-30 16:39:00
33,71.82,18.84,52.08,31.5,32.96,normal,0,2024-08-15 09:23:00
57,81.38,9.07,16.72,35.85,57.09,normal,0,2024-08-06 20:30:00
88,84.21,17.57,48.79,36.76,68.48,normal,0,2024-08-31 04:03:00
63,77.92,7.26,56.14,25.21,78.87,normal,0,2024-10-27 06:06:00
36,67.63,15.61,39.01,37.13,51.18,normal,0,2024-07-08 02:49:00
1,78.49,10.36,46.95,32.93,55.19,normal,0,2024-09-04 09:43:00
27,92.22,12.53,56.49,31.73,45.65,normal,0,2024-01-23 07:59:00
28,65.18,18.59,38.21,33.8,73.04,normal,0,2024-03-19 01:36:00
56,79.01,22.42,13.6,39.85,60.54,normal,0,2024-09-27 10:06:00
79,83.16,17.07,51.73,32.5,54.23,normal,0,2024-08-25 20:56:00
46,79.09,11.97,27.98,36.82,67.89,normal,0,2024-11-28 14:35:00
70,67.13,6.23,31.44,39.47,28.4,normal,0,2024-11-16 04:20:00
53,81.08,11.07,33.54,34.87,62.53,normal,0,2024-05-09 08:41:00
47,84.72,20.64,30.46,30.61,39.04,normal,0,2024-06-10 04:53:00
21,77.07,8.58,39.89,39.54,50.21,normal,0,2024-01-17 05:37:00
37,75.5,13.86,54.62,41.63,63.85,normal,0,2024-02-19 07:53:00
26,75.89,20.09,21.71,37.09,40.96,normal,0,2024-07-22 03:44:00
98,82.79,16.25,13.64,36.83,38.88,normal,0,2024-06-20 16:25:00
76,81.54,19.09,25.71,40.86,49.03,normal,0,2024-02-02 06:11:00
86,89.93,16.04,40.37,33.03,43.31,normal,0,2024-10-04 00:49:00
8,73.92,15.19,25.42,38.44,61.48,normal,0,2024-01-24 22:37:00
54,76.35,26.07,33.68,34.88,49.73,normal,0,2024-04-08 02:43:00
94,57.03,21.09,42.99,35.28,48.23,normal,0,2024-12-07 16:23:00
98,73.33,20.51,37.5,39.13,62.51,normal,0,2024-09-14 00:49:00
62,77.81,20.82,33.94,35.8,58.36,normal,0,2024-01-31 18:45:00
88,85.99,22.51,22.63,39.63,34.27,normal,0,2024-02-18 17:24:00
59,64.15,18.21,47.08,36.32,54.19,normal,0,2024-02-20 22:05:00
95,-999.0,-40.59,-45.18,-30.42,275.17,sensor_error,0,2024-03-20 01:51:00
49,71.42,9.99,31.49,39.44,46.08,normal,0,2024-04-01 08:34:00
57,69.71,10.88,41.03,27.22,56.69,normal,0,2024-11-11 13:31:00
63,73.16,22.24,28.51,35.16,69.63,normal,0,2024-12-10 04:50:00
6,69.31,11.32,53.46,39.34,41.69,normal,0,2024-01-12 11:54:00
58,79.77,23.52,27.35,20.52,57.81,normal,0,2024-04-04 03:49:00
69,64.44,17.46,40.01,41.08,44.73,normal,0,2024-03-29 15:14:00
12,71.2,10.85,43.19,39.74,51.47,normal,0,2024-03-29 03:41:00
20,80.76,14.32,36.79,43.13,31.02,normal,0,2024-04-04 09:39:00
30,73.75,8.17,51.85,35.63,68.6,normal,0,2024-03-15 11:02:00
86,72.06,18.61,50.26,31.2,40.49,normal,0,2024-04-06 06:29:00
36,74.89,13.62,39.64,37.45,56.86,normal,0,2024-05-27 18:51:00
8,82.68,8.98,28.69,31.86,28.83,normal,0,2024-06-13 16:28:00
41,75.58,15.22,38.73,35.68,67.37,normal,0,2024-12-02 16:04:00
96,74.36,5.87,33.73,32.7,33.44,normal,0,2024-07-25 12:55:00
32,85.95,15.87,38.26,37.98,39.29,normal,0,2024-06-01 22:26:00
53,75.46,17.18,31.48,39.71,25.55,normal,0,2024-07-15 16:35:00
93,70.24,20.41,30.22,29.85,60.58,normal,0,2024-11-15 13:46:00
87,-999.0,424.74,492.4,-36.97,253.9,sensor_error,0,2024-02-04 16:52:00
82,69.88,20.96,15.83,34.16,34.91,normal,0,2024-12-05 15:28:00
38,73.68,13.08,15.66,32.81,76.95,normal,0,2024-04-18 11:47:00
65,78.74,24.53,42.36,38.99,53.53,normal,0,2024-04-11 14:53:00
55,84.29,8.03,33.69,43.32,54.61,normal,0,2024-11-11 16:37:00
57,80.8,17.26,32.52,32.89,37.2,normal,0,2024-08-05 21:43:00
39,89.54,12.94,22.11,33.85,68.28,normal,0,2024-03-30 21:54:00
2,80.7,15.85,3.0,36.29,37.47,normal,0,2024-06-18 21:54:00
46,64.78,13.54,23.8,38.4,51.15,normal,0,2024-06-05 01:51:00
93,83.58,18.04,53.84,32.18,43.08,normal,0,2024-06-12 17:04:00
25,69.16,15.47,35.54,34.46,57.94,normal,0,2024-03-27 18:19:00
70,86.28,13.6,60.24,40.72,76.02,normal,0,2024-06-19 17:56:00
66,97.32,14.65,43.95,30.47,64.42,normal,0,2024-09-26 20:47:00
48,66.23,12.57,63.92,37.43,27.47,normal,0,2024-02-22 00:34:00
6,69.79,6.57,9.23,28.63,44.52,normal,0,2024-12-16 05:20:00
58,83.22,19.67,19.58,39.84,61.8,normal,0,2024-06-22 22:43:00
8,86.97,18.09,41.83,45.34,52.04,normal,0,2024-09-21 02:14:00
31,56.54,10.65,29.01,37.73,27.8,normal,0,2024-08-26 04:12:00
24,78.3,18.8,53.81,32.19,58.36,normal,0,2024-01-08 22:26:00
19,76.86,13.04,43.62,41.52,35.91,normal,0,2024-05-01 02:32:00
11,86.42,9.81,45.1,31.94,39.32,normal,0,2024-07-15 00:25:00
38,59.91,8.6,61.12,37.76,25.21,normal,0,2024-01-31 12:49:00
37,82.57,16.36,33.85,35.97,60.42,normal,0,2024-05-04 21:06:00
44,90.11,18.68,40.96,28.38,44.58,normal,0,2024-07-23 18:47:00
76,77.97,16.25,35.79,37.43,30.73,normal,0,2024-01-29 14:14:00
1,73.6,9.65,42.83,37.33,61.07,normal,0,2024-04-25 02:19:00
71,64.78,12.68,41.21,37.97,43.7,normal,0,2024-10-13 16:47:00
79,92.92,15.08,26.92,36.5,40.48,normal,0,2024-03-28 01:39:00
35,84.81,16.41,48.23,37.37,44.2,normal,0,2024-12-14 04:47:00
61,92.55,16.86,39.89,30.78,66.71,normal,0,2024-09-02 02:38:00
51,86.35,15.76,49.49,33.76,48.78,normal,0,2024-03-06 04:22:00
36,67.53,14.86,40.44,38.83,59.63,normal,0,2024-04-25 15:05:00
25,71.45,17.93,26.18,37.92,45.41,normal,0,2024-12-14 18:14:00
87,77.6,9.52,32.72,31.72,23.63,normal,0,2024-07-10 16:55:00
77,84.56,18.59,25.48,31.66,67.59,normal,0,2024-08-27 17:01:00
84,90.71,11.34,29.65,35.02,41.71,normal,0,2024-05-11 07:02:00
16,76.79,18.03,19.06,41.54,68.77,normal,0,2024-04-04 09:53:00
43,66.75,19.74,24.52,32.09,61.47,normal,0,2024-09-05 04:13:00
34,84.19,13.96,29.3,35.49,62.11,normal,0,2024-06-02 04:54:00
64,311.75,-35.8,-27.9,-22.33,167.06,sensor_error,0,2024-08-29 21:05:00
98,97.59,37.8,41.27,49.52,49.64,real_anomaly,1,2024-10-06 08:36:00
86,112.66,49.18,27.29,54.28,45.61,real_anomaly,1,2024-08-11 00:01:00
31,71.64,14.87,26.95,35.91,68.5,normal,0,2024-10-01 15:35:00
78,79.11,19.92,40.52,24.95,56.88,normal,0,2024-10-11 11:49:00
35,74.64,19.78,34.12,37.15,42.66,normal,0,2024-07-23 08:00:00
61,65.26,20.73,44.71,36.11,21.66,normal,0,2024-01-02 15:38:00
43,82.88,12.09,65.06,39.94,50.52,normal,0,2024-10-25 02:08:00
28,83.9,18.56,61.87,31.37,44.87,normal,0,2024-07-03 02:34:00
53,86.5,19.34,55.04,39.14,57.68,normal,0,2024-04-17 15:15:00
3,84.09,9.59,23.35,35.57,75.26,normal,0,2024-12-20 20:13:00
48,82.31,8.0,32.39,34.62,51.61,normal,0,2024-10-02 11:32:00
91,78.31,12.7,35.41,36.79,29.31,normal,0,2024-06-03 17:44:00
11,66.86,12.8,12.61,33.45,22.51,normal,0,2024-01-25 13:59:00
46,67.99,11.55,29.46,34.36,86.05,normal,0,2024-04-04 08:44:00
83,63.57,10.38,39.28,40.75,48.63,normal,0,2024-07-04 04:18:00
22,333.05,-57.16,409.44,-4.07,-33.33,sensor_error,0,2024-02-25 14:50:00
81,71.39,19.73,42.75,41.02,54.98,normal,0,2024-09-21 08:45:00
56,64.76,15.23,18.49,39.41,72.34,normal,0,2024-05-21 04:15:00
80,82.49,17.62,41.17,33.63,63.65,normal,0,2024-06-03 14:05:00
18,67.0,15.81,28.33,28.15,47.45,normal,0,2024-03-19 20:30:00
69,69.93,11.52,27.96,36.86,57.08,normal,0,2024-12-27 14:02:00
21,86.94,14.79,21.03,34.42,64.25,normal,0,2024-01-20 23:08:00
19,75.08,16.62,26.54,34.32,62.34,normal,0,2024-03-02 23:53:00
5,75.86,10.99,25.55,28.67,46.6,normal,0,2024-02-29 00:33:00
17,94.57,17.19,40.18,30.89,44.22,normal,0,2024-11-05 23:22:00
62,-999.0,-93.65,405.55,-21.51,156.68,sensor_error,0,2024-06-09 23:25:00
21,78.35,16.77,39.49,38.89,65.95,normal,0,2024-02-18 13:12:00
58,84.34,16.14,22.44,27.1,22.66,normal,0,2024-02-06 01:06:00
21,74.46,18.84,40.58,30.91,50.56,normal,0,2024-11-20 06:41:00
3,79.06,15.84,26.76,31.03,60.77,normal,0,2024-02-12 09:36:00
3,85.84,7.98,35.44,30.96,44.3,normal,0,2024-04-02 14:19:00
54,80.15,11.79,60.17,37.23,49.54,normal,0,2024-07-14 09:55:00
59,74.29,14.54,24.82,28.69,51.5,normal,0,2024-01-23 07:54:00
19,86.09,15.11,29.65,38.1,61.91,normal,0,2024-11-16 14:27:00
96,76.0,12.89,46.24,28.23,10.0,normal,0,2024-02-08 01:36:00
92,96.51,16.83,36.02,35.09,42.85,normal,0,2024-09-03 02:10:00
62,74.59,15.0,49.18,41.29,78.12,normal,0,2024-09-15 09:37:00
31,70.57,12.12,23.85,37.55,36.61,normal,0,2024-02-22 19:53:00
78,74.83,21.98,41.38,39.34,21.31,normal,0,2024-06-10 20:09:00
53,80.83,20.97,34.59,33.17,42.55,normal,0,2024-06-23 07:39:00
63,84.5,17.52,17.71,38.09,11.63,normal,0,2024-09-22 21:59:00
99,68.43,18.28,35.91,31.11,49.52,normal,0,2024-02-08 23:51:00
72,89.11,19.14,40.66,38.73,84.05,normal,0,2024-11-07 21:32:00
59,80.85,18.0,47.31,35.45,58.96,normal,0,2024-03-16 06:31:00
17,71.22,11.81,28.83,34.49,45.85,normal,0,2024-06-07 08:14:00
53,65.64,18.04,16.91,31.72,51.57,normal,0,2024-08-07 03:34:00
68,67.74,8.51,36.78,34.99,29.39,normal,0,2024-11-20 21:19:00
36,68.07,20.56,40.49,30.02,59.71,normal,0,2024-11-16 23:09:00
33,75.79,14.93,16.32,24.49,58.96,normal,0,2024-05-29 11:22:00
15,100.0,20.67,14.38,41.5,42.12,normal,0,2024-01-10 01:24:00
88,73.78,12.99,20.61,37.87,47.03,normal,0,2024-12-15 11:46:00
1,82.75,16.81,15.59,22.17,55.64,normal,0,2024-03-16 07:34:00
71,80.77,15.5,27.78,38.82,68.05,normal,0,2024-06-17 08:53:00
48,99.42,41.89,29.85,54.37,41.1,real_anomaly,1,2024-01-26 09:44:00
84,80.41,12.12,46.88,32.35,53.41,normal,0,2024-11-28 22:31:00
84,67.33,13.25,19.2,39.16,45.86,normal,0,2024-05-11 22:18:00
28,92.85,18.27,33.24,33.19,55.74,normal,0,2024-08-16 02:18:00
81,73.98,16.2,20.34,36.69,54.69,normal,0,2024-02-01 09:06:00
100,76.32,12.68,45.56,33.3,49.66,normal,0,2024-04-01 04:16:00
32,82.45,13.1,50.38,41.43,32.8,normal,0,2024-05-13 22:48:00
23,91.72,16.23,58.46,32.42,46.5,normal,0,2024-09-16 12:51:00
64,78.33,15.05,30.89,38.15,37.91,normal,0,2024-04-22 21:43:00
80,84.03,12.78,17.28,29.3,45.74,normal,0,2024-04-07 11:22:00
25,75.86,8.57,39.95,29.54,41.53,normal,0,2024-06-03 07:14:00
70,75.53,17.84,49.19,38.55,56.57,normal,0,2024-11-01 04:46:00
1,86.74,11.07,38.51,38.26,39.27,normal,0,2024-05-10 20:29:00
71,69.49,12.33,31.37,35.96,37.45,normal,0,2024-03-13 08:14:00
13,77.01,12.25,23.0,32.37,61.39,normal,0,2024-04-11 18:21:00
75,61.67,17.15,47.66,40.36,57.17,normal,0,2024-05-28 20:10:00
49,78.74,26.24,37.67,40.22,64.81,normal,0,2024-05-25 13:53:00
4,89.79,23.68,56.46,39.34,46.51,normal,0,2024-09-27 16:42:00
81,61.33,11.85,31.09,39.52,36.45,normal,0,2024-02-16 19:01:00
94,71.42,23.01,18.57,30.99,56.44,normal,0,2024-08-22 18:41:00
31,86.95,8.27,14.61,28.21,36.35,normal,0,2024-08-05 22:46:00
99,80.3,16.8,40.23,42.75,44.8,normal,0,2024-10-07 23:00:00
18,78.13,20.88,42.34,36.25,71.95,normal,0,2024-10-01 19:08:00
58,82.24,12.62,27.17,42.67,31.82,normal,0,2024-03-14 10:31:00
90,74.33,13.8,30.02,41.58,62.75,normal,0,2024-08-31 10:01:00
34,68.08,19.24,11.77,40.39,66.5,normal,0,2024-11-30 03:27:00
74,77.26,12.71,41.63,37.71,77.02,normal,0,2024-10-16 19:19:00
88,68.9,12.35,39.8,32.91,34.44,normal,0,2024-09-02 15:41:00
30,91.23,14.47,57.62,30.82,44.94,normal,0,2024-04-14 20:43:00
58,75.57,14.83,55.61,36.37,44.55,normal,0,2024-05-18 13:12:00
24,79.73,17.01,46.87,33.18,67.61,normal,0,2024-01-04 08:36:00
75,66.04,11.09,52.84,34.38,54.0,normal,0,2024-02-22 08:02:00
62,73.71,16.36,27.11,37.15,59.63,normal,0,2024-05-05 13:11:00
51,83.18,13.53,19.01,37.83,22.72,normal,0,2024-05-27 18:38:00
26,77.55,14.84,43.06,35.81,62.85,normal,0,2024-11-27 18:24:00
63,76.53,23.91,27.21,33.83,61.66,normal,0,2024-11-05 16:06:00
50,78.0,22.87,26.7,38.88,58.88,normal,0,2024-01-17 22:52:00
73,86.05,19.42,23.9,43.42,54.87,normal,0,2024-02-16 21:00:00
43,78.2,14.05,51.04,31.53,35.23,normal,0,2024-08-27 07:47:00
12,97.41,10.63,22.52,37.54,26.47,normal,0,2024-10-18 17:55:00
98,91.49,23.53,31.65,27.52,78.93,normal,0,2024-04-26 07:50:00
56,83.23,12.75,44.96,24.84,35.06,normal,0,2024-05-20 20:05:00
91,85.46,17.82,47.17,33.68,56.46,normal,0,2024-02-28 18:06:00
59,83.45,16.38,39.58,39.98,55.98,normal,0,2024-04-06 14:58:00
21,74.56,13.54,33.91,29.27,55.53,normal,0,2024-03-20 21:13:00
44,82.04,18.12,58.36,40.69,65.01,normal,0,2024-01-28 02:49:00
96,91.48,18.81,38.53,30.14,63.88,normal,0,2024-11-30 12:41:00
92,75.33,15.78,36.86,30.82,48.39,normal,0,2024-10-16 01:32:00
79,68.8,10.96,9.34,37.0,47.71,normal,0,2024-03-11 15:05:00
18,78.02,16.52,36.7,29.14,41.96,normal,0,2024-02-08 22:26:00
48,-999.0,-64.99,-18.35,-2.45,263.18,sensor_error,0,2024-04-17 19:56:00
59,79.32,10.64,46.0,40.69,59.28,normal,0,2024-09-12 22:07:00
23,84.93,18.14,50.95,36.54,32.54,normal,0,2024-12-28 15:30:00
7,87.35,8.73,33.29,33.08,45.66,normal,0,2024-08-12 15:16:00
71,74.29,15.57,40.72,40.47,57.17,normal,0,2024-03-17 09:33:00
70,70.02,16.09,19.55,47.96,40.48,normal,0,2024-04-28 22:42:00
14,71.42,15.03,48.75,38.56,51.23,normal,0,2024-07-31 16:42:00
91,77.7,10.43,32.95,42.91,38.8,normal,0,2024-06-13 14:13:00
54,93.82,11.9,16.73,31.95,35.49,normal,0,2024-10-24 12:36:00
32,75.01,10.56,35.16,31.83,67.03,normal,0,2024-03-30 08:26:00
97,68.52,14.16,34.01,37.64,63.81,normal,0,2024-10-23 06:11:00
61,83.78,17.25,34.11,36.53,31.71,normal,0,2024-02-11 18:05:00
5,84.21,13.6,41.6,31.52,55.31,normal,0,2024-03-20 19:39:00
9,89.18,16.91,42.45,37.31,16.1,normal,0,2024-09-26 03:41:00
25,65.79,16.23,48.58,40.51,53.31,normal,0,2024-03-05 10:13:00
99,81.26,11.9,31.72,30.34,26.86,normal,0,2024-07-09 05:04:00
87,91.85,14.52,36.94,38.11,61.11,normal,0,2024-03-07 09:01:00
60,75.82,10.21,28.88,33.93,70.13,normal,0,2024-06-24 23:45:00
53,64.34,14.13,18.45,42.26,69.29,normal,0,2024-02-17 15:47:00
82,75.14,17.11,7.81,36.23,57.92,normal,0,2024-02-21 15:06:00
59,68.08,10.41,30.46,31.71,37.89,normal,0,2024-09-16 00:10:00
90,73.99,13.37,34.8,38.4,33.58,normal,0,2024-11-03 10:09:00
68,71.39,21.83,21.92,43.61,66.36,normal,0,2024-08-18 07:31:00
41,50.0,19.09,55.38,39.15,62.67,normal,0,2024-06-10 05:29:00
98,65.12,11.04,24.56,30.57,54.82,normal,0,2024-10-15 12:21:00
36,382.88,-72.21,-24.04,-5.25,190.9,sensor_error,0,2024-03-10 19:00:00
87,76.65,15.0,28.63,34.64,40.6,normal,0,2024-10-29 04:53:00
69,71.64,15.96,29.03,25.5,47.34,normal,0,2024-12-05 16:37:00
79,64.56,12.7,26.3,30.4,58.16,normal,0,2024-11-30 21:40:00
52,83.02,18.12,48.86,38.13,77.54,normal,0,2024-09-15 16:33:00
29,74.06,10.9,46.12,27.04,40.68,normal,0,2024-09-25 16:23:00
19,71.45,16.85,37.13,39.62,49.0,normal,0,2024-05-02 12:37:00
16,77.52,14.88,40.81,36.11,58.04,normal,0,2024-05-28 05:55:00
91,77.56,18.73,40.95,37.18,31.47,normal,0,2024-08-26 22:09:00
20,79.38,14.37,36.45,38.4,66.49,normal,0,2024-05-12 05:08:00
83,65.82,19.29,30.39,36.45,23.54,normal,0,2024-12-16 22:55:00
92,78.72,13.46,36.05,30.52,72.92,normal,0,2024-01-28 18:17:00
2,78.17,15.16,35.08,34.49,29.88,normal,0,2024-08-15 15:03:00
54,61.84,17.11,31.43,34.49,46.97,normal,0,2024-09-27 21:58:00
97,76.74,13.8,33.14,38.1,17.84,normal,0,2024-06-02 00:12:00
58,70.82,17.59,50.21,39.97,54.63,normal,0,2024-11-08 05:35:00
27,79.0,13.05,46.16,27.13,44.95,normal,0,2024-09-26 21:50:00
24,66.1,14.66,26.57,30.62,32.41,normal,0,2024-03-09 16:03:00
7,74.57,12.01,44.89,32.11,29.69,normal,0,2024-10-07 07:29:00
53,76.07,18.12,23.38,32.36,54.32,normal,0,2024-11-23 18:09:00
25,76.86,15.61,27.21,42.39,44.0,normal,0,2024-06-06 22:42:00
10,72.76,14.82,14.72,24.55,41.54,normal,0,2024-12-13 07:41:00
75,68.94,14.05,34.65,39.16,29.84,normal,0,2024-06-05 07:15:00
76,70.34,13.96,22.22,36.42,47.77,normal,0,2024-08-08 02:21:00
92,81.02,23.62,70.0,31.97,48.02,normal,0,2024-09-19 11:44:00
45,76.38,9.66,35.37,34.83,61.67,normal,0,2024-10-05 13:55:00
22,73.81,19.11,62.02,30.34,65.77,normal,0,2024-09-21 00:16:00
38,78.67,13.94,27.61,25.24,45.5,normal,0,2024-12-27 17:01:00
96,93.44,16.03,46.62,30.72,44.77,normal,0,2024-06-26 17:52:00
54,-999.0,-39.56,271.53,-6.21,248.3,sensor_error,0,2024-05-17 01:17:00
66,69.62,17.67,37.71,35.45,64.71,normal,0,2024-04-19 07:27:00
64,75.66,17.19,22.69,30.12,67.38,normal,0,2024-04-09 15:09:00
32,59.77,17.1,32.85,30.99,43.1,normal,0,2024-11-26 00:26:00
30,94.18,14.98,32.99,36.3,50.57,normal,0,2024-07-28 01:58:00
12,81.78,15.76,51.14,33.0,61.26,normal,0,2024-05-28 14:24:00
92,68.86,10.37,34.36,21.85,20.24,normal,0,2024-05-16 08:09:00
27,72.32,21.07,36.05,38.56,64.42,normal,0,2024-08-29 23:59:00
67,82.87,16.28,38.91,34.97,65.04,normal,0,2024-08-28 16:56:00
54,81.9,17.39,45.12,42.7,54.48,normal,0,2024-07-31 14:47:00
82,78.29,6.75,28.35,32.97,66.43,normal,0,2024-07-31 06:05:00
21,80.22,16.17,38.0,35.81,26.82,normal,0,2024-03-11 04:04:00
54,69.58,17.64,39.77,31.34,51.8,normal,0,2024-04-04 16:22:00
85,71.49,16.94,15.1,32.7,46.49,normal,0,2024-04-16 12:28:00
65,71.28,13.32,40.14,29.56,55.06,normal,0,2024-10-07 11:06:00
50,80.52,17.13,38.23,34.13,76.39,normal,0,2024-04-19 08:30:00
57,68.89,14.54,25.61,35.03,58.17,normal,0,2024-04-07 08:31:00
54,93.79,18.14,37.69,35.35,63.98,normal,0,2024-09-23 06:43:00
87,77.24,13.17,44.48,46.95,31.09,normal,0,2024-01-07 03:56:00
62,58.14,11.89,27.24,26.22,40.18,normal,0,2024-04-15 10:26:00
18,75.18,2.0,57.86,28.43,41.96,normal,0,2024-08-25 18:15:00
91,84.36,19.45,27.38,35.57,51.65,normal,0,2024-09-28 17:45:00
68,88.02,13.18,39.61,41.23,65.71,normal,0,2024-08-06 21:58:00
57,83.4,19.85,28.24,50.09,26.41,normal,0,2024-08-29 12:26:00
58,68.66,19.65,56.42,41.61,48.45,normal,0,2024-03-14 01:34:00
30,77.08,13.46,38.72,31.94,79.15,normal,0,2024-12-21 18:55:00
8,77.37,13.41,52.98,32.85,55.13,normal,0,2024-09-01 01:24:00
64,84.59,19.15,38.44,34.18,57.83,normal,0,2024-08-09 11:15:00
67,62.75,17.74,28.12,38.8,53.09,normal,0,2024-09-23 21:41:00
90,68.9,16.97,49.66,37.85,75.93,normal,0,2024-01-08 23:51:00
4,-999.0,296.85,-48.61,-27.23,232.28,sensor_error,0,2024-02-10 21:33:00
45,88.2,10.7,34.38,31.28,38.16,normal,0,2024-11-13 11:03:00
48,83.3,12.21,54.46,37.15,16.26,normal,0,2024-11-25 17:02:00
19,81.07,12.55,37.6,33.49,43.74,normal,0,2024-10-02 02:32:00
21,70.81,14.76,26.3,36.71,50.96,normal,0,2024-02-07 17:02:00
12,72.37,18.41,16.21,34.81,47.88,normal,0,2024-02-22 22:36:00
58,84.62,18.22,42.29,40.23,71.97,normal,0,2024-06-04 05:39:00
79,63.12,11.55,25.22,40.62,36.81,normal,0,2024-06-14 06:29:00
19,77.59,10.3,41.18,35.32,46.95,normal,0,2024-03-04 17:17:00
38,80.02,13.5,36.64,30.74,41.32,normal,0,2024-09-20 07:07:00
85,74.43,9.02,30.65,42.36,39.88,normal,0,2024-06-18 01:56:00
82,90.44,12.78,47.2,40.4,66.61,normal,0,2024-06-23 06:47:00
93,76.89,6.38,35.04,31.23,19.6,normal,0,2024-01-14 04:14:00
26,86.16,20.56,55.89,43.71,68.51,normal,0,2024-07-13 01:41:00
5,78.74,13.74,41.55,33.98,40.82,normal,0,2024-04-30 19:52:00
30,73.86,12.87,17.15,42.64,62.39,normal,0,2024-08-30 00:54:00
6,66.03,22.19,48.3,38.11,25.73,normal,0,2024-09-01 03:11:00
18,67.42,15.78,36.42,44.17,66.89,normal,0,2024-12-15 01:19:00
68,77.46,16.5,56.18,26.1,50.25,normal,0,2024-05-03 22:44:00
15,81.42,8.31,41.41,32.59,51.69,normal,0,2024-06-18 15:07:00
31,63.14,14.83,43.04,30.94,63.85,normal,0,2024-10-29 06:35:00
51,72.98,20.47,11.06,29.5,42.03,normal,0,2024-05-15 02:32:00
56,73.56,13.07,29.78,35.55,69.6,normal,0,2024-12-28 21:38:00
39,80.47,20.0,48.66,42.37,70.79,normal,0,2024-12-13 15:59:00
14,72.58,16.62,24.84,37.12,59.13,normal,0,2024-01-14 20:56:00
79,71.02,11.11,16.37,28.27,51.41,normal,0,2024-03-25 04:28:00
30,83.15,20.62,48.4,36.76,84.22,normal,0,2024-03-16 21:31:00
68,70.43,13.18,39.59,40.99,43.93,normal,0,2024-09-03 16:19:00
8,82.21,9.02,44.04,30.15,40.93,normal,0,2024-10-06 16:38:00
43,80.91,15.61,19.24,33.12,38.18,normal,0,2024-05-01 07:28:00
7,81.37,17.78,40.28,41.9,54.55,normal,0,2024-08-24 05:57:00
16,75.33,10.61,41.2,41.7,49.22,normal,0,2024-12-11 02:37:00
20,72.92,11.25,2.28,37.67,44.42,normal,0,2024-11-20 22:17:00
37,88.32,11.35,48.32,33.3,43.36,normal,0,2024-12-24 03:12:00
58,66.52,17.21,34.33,31.41,60.63,normal,0,2024-06-11 13:24:00
9,84.33,6.85,47.98,37.75,68.35,normal,0,2024-04-14 16:56:00
12,82.88,12.29,35.58,21.31,57.83,normal,0,2024-03-12 17:24:00
83,88.76,14.28,35.91,36.08,10.07,normal,0,2024-03-23 02:16:00
37,82.39,15.85,26.59,37.23,19.35,normal,0,2024-09-19 08:54:00
63,77.48,12.05,25.21,41.06,56.91,normal,0,2024-06-19 16:43:00
48,76.73,11.97,31.85,34.78,66.94,normal,0,2024-05-22 14:12:00
51,72.47,18.32,32.73,40.67,65.33,normal,0,2024-06-18 16:19:00
40,87.85,6.07,26.73,44.03,22.57,normal,0,2024-05-14 17:49:00
77,102.57,46.06,40.6,57.73,50.65,real_anomaly,1,2024-10-28 21:41:00
43,78.81,18.14,53.63,31.54,51.92,normal,0,2024-07-04 14:48:00
57,73.36,14.82,19.49,32.6,69.92,normal,0,2024-04-12 20:54:00
59,80.62,16.81,34.78,38.16,37.02,normal,0,2024-11-16 08:17:00
91,68.17,17.72,20.98,35.37,44.72,normal,0,2024-12-19 10:54:00
71,62.94,15.0,39.77,43.96,39.3,normal,0,2024-09-22 02:47:00
70,75.7,13.45,37.31,33.57,82.7,normal,0,2024-04-14 04:05:00
91,75.32,13.83,32.26,31.57,68.7,normal,0,2024-01-29 21:13:00
59,78.5,16.94,24.91,30.82,50.5,normal,0,2024-01-18 09:29:00
96,75.55,11.67,60.58,29.32,59.43,normal,0,2024-01-29 21:14:00
82,74.95,15.63,26.02,32.4,76.51,normal,0,2024-02-19 21:28:00
34,83.85,21.95,25.52,28.09,36.15,normal,0,2024-05-01 07:01:00
50,86.26,15.03,29.61,35.54,41.67,normal,0,2024-12-14 16:57:00
25,75.14,17.74,26.58,34.9,41.11,normal,0,2024-10-07 07:13:00
81,86.47,13.49,26.55,24.71,80.9,normal,0,2024-11-11 18:04:00
97,90.34,15.39,51.01,25.23,45.71,normal,0,2024-08-17 22:42:00
32,91.27,13.02,41.08,34.9,47.58,normal,0,2024-07-04 13:29:00
65,70.88,15.46,10.99,41.72,86.7,normal,0,2024-06-18 00:55:00
5,71.34,12.64,20.13,25.17,70.83,normal,0,2024-07-26 04:16:00
96,68.3,9.21,35.2,41.18,61.26,normal,0,2024-05-02 04:35:00
68,83.44,12.67,47.03,25.43,43.34,normal,0,2024-03-01 10:45:00
14,68.42,6.99,31.19,40.81,43.57,normal,0,2024-01-27 16:57:00
20,282.8,448.01,-13.05,-21.88,-41.88,sensor_error,0,2024-11-21 16:40:00
80,77.48,13.22,52.29,37.74,44.39,normal,0,2024-11-21 04:22:00
20,71.43,16.79,30.07,28.12,39.93,normal,0,2024-05-16 22:47:00
26,87.41,15.92,55.45,35.9,46.88,normal,0,2024-12-08 10:04:00
96,76.36,16.9,34.59,35.23,40.19,normal,0,2024-08-06 12:40:00
87,71.76,14.66,43.36,43.56,57.91,normal,0,2024-04-08 17:58:00
70,69.25,10.93,48.77,34.99,40.55,normal,0,2024-07-09 16:44:00
45,86.46,20.17,41.02,33.68,15.37,normal,0,2024-07-27 10:32:00
21,61.08,7.67,16.0,42.04,80.62,normal,0,2024-10-02 18:28:00
64,72.82,25.17,58.23,33.57,59.95,normal,0,2024-05-27 19:18:00
48,69.76,19.83,33.02,35.08,38.94,normal,0,2024-09-05 09:52:00
85,75.57,11.27,13.28,31.7,26.33,normal,0,2024-11-01 22:01:00
74,72.54,19.01,29.51,42.94,41.43,normal,0,2024-11-14 22:43:00
69,68.71,10.72,37.25,30.9,32.81,normal,0,2024-05-20 04:24:00
43,78.8,13.62,34.65,43.93,75.33,normal,0,2024-01-14 03:25:00
6,81.9,9.84,13.3,34.38,60.0,normal,0,2024-02-28 13:17:00
39,93.29,12.47,21.77,44.2,50.83,normal,0,2024-11-29 02:20:00
54,82.95,14.03,19.21,42.12,63.13,normal,0,2024-09-30 12:26:00
87,73.12,12.43,59.34,26.89,63.71,normal,0,2024-04-22 08:14:00
42,62.14,9.08,45.94,34.22,56.01,normal,0,2024-10-04 07:40:00
46,80.87,17.99,32.54,42.04,20.49,normal,0,2024-07-30 23:03:00
87,78.19,19.92,20.67,40.66,13.7,normal,0,2024-07-13 22:41:00
75,73.06,20.19,41.84,38.63,33.56,normal,0,2024-04-04 06:18:00
91,78.04,13.95,41.32,36.71,79.79,normal,0,2024-05-05 15:05:00
30,70.46,11.45,25.86,36.46,51.39,normal,0,2024-01-01 20:21:00
18,93.94,15.72,36.74,35.39,73.56,normal,0,2024-08-27 19:55:00
86,76.69,11.36,10.29,33.34,41.66,normal,0,2024-07-03 01:51:00
88,88.44,10.6,53.29,47.28,78.06,normal,0,2024-11-18 21:40:00
87,74.33,8.83,20.89,31.93,55.22,normal,0,2024-04-12 03:41:00
39,76.79,16.8,38.69,29.21,42.55,normal,0,2024-01-03 17:36:00
88,75.33,12.57,21.86,27.05,50.93,normal,0,2024-09-22 06:01:00
24,70.41,19.71,31.54,26.44,58.12,normal,0,2024-07-11 00:57:00
65,83.28,15.67,49.49,34.9,34.3,normal,0,2024-10-29 23:03:00
36,73.81,19.04,41.37,36.71,10.0,normal,0,2024-05-03 20:23:00
4,76.33,17.35,24.65,28.81,60.97,normal,0,2024-05-11 18:13:00
21,70.64,12.0,35.28,32.71,54.72,normal,0,2024-07-02 16:50:00
72,83.07,17.77,50.05,36.64,64.85,normal,0,2024-07-09 00:39:00
13,81.78,13.88,42.38,34.83,25.14,normal,0,2024-09-08 11:16:00
85,74.06,18.84,51.55,30.03,49.9,normal,0,2024-05-07 08:15:00
8,82.43,9.49,59.15,40.26,45.85,normal,0,2024-04-15 02:20:00
4,65.46,19.38,40.34,42.64,19.81,normal,0,2024-11-15 12:41:00
46,83.55,16.89,58.03,34.7,57.24,normal,0,2024-02-07 02:16:00
45,60.94,16.37,24.28,36.18,59.49,normal,0,2024-06-28 09:52:00
93,75.13,14.87,16.17,37.65,52.84,normal,0,2024-07-23 05:12:00
10,78.69,12.51,24.89,39.59,37.05,normal,0,2024-03-14 01:46:00
86,69.06,13.85,59.32,37.68,46.54,normal,0,2024-12-23 21:42:00
60,77.95,21.13,16.97,35.7,31.1,normal,0,2024-03-04 05:30:00
95,76.48,19.83,48.89,45.12,65.52,normal,0,2024-10-23 15:09:00
2,81.32,10.93,34.69,39.01,50.73,normal,0,2024-11-26 18:29:00
13,92.34,16.4,31.9,30.34,36.97,normal,0,2024-11-30 13:36:00
81,66.87,17.94,30.88,28.87,34.51,normal,0,2024-08-12 13:49:00
19,82.36,20.28,31.53,34.4,63.18,normal,0,2024-06-25 08:45:00
17,81.54,19.66,54.25,26.31,54.51,normal,0,2024-05-05 20:44:00
42,87.71,16.75,31.67,27.43,50.54,normal,0,2024-03-12 02:51:00
54,61.21,9.67,34.41,36.59,19.3,normal,0,2024-12-26 10:15:00
64,69.59,19.21,32.37,37.25,57.47,normal,0,2024-11-09 13:10:00
60,71.55,10.74,17.73,34.05,42.06,normal,0,2024-03-19 07:14:00
11,79.2,20.6,23.16,36.71,21.5,normal,0,2024-02-21 21:06:00
36,77.65,7.21,48.14,31.74,55.64,normal,0,2024-11-29 12:01:00
54,73.44,20.51,37.39,42.54,40.98,normal,0,2024-05-20 12:18:00
46,-42.74,-49.81,-31.91,-35.45,244.12,sensor_error,0,2024-05-06 14:17:00
19,76.45,14.92,18.58,29.35,37.14,normal,0,2024-09-29 00:03:00
99,75.49,15.09,20.16,33.66,49.92,normal,0,2024-09-30 11:41:00
96,80.18,9.66,52.34,44.97,50.49,normal,0,2024-10-11 00:35:00
24,81.2,12.58,39.8,27.73,64.32,normal,0,2024-09-10 12:49:00
8,78.36,17.15,21.29,33.93,41.89,normal,0,2024-06-10 06:53:00
86,69.86,15.77,29.84,39.5,69.93,normal,0,2024-11-12 01:00:00
21,77.82,17.86,47.73,34.82,39.88,normal,0,2024-02-22 03:08:00
40,73.55,11.81,48.35,22.71,71.95,normal,0,2024-03-23 12:24:00
52,61.56,16.58,35.08,41.08,23.72,normal,0,2024-09-11 17:34:00
90,74.63,20.72,40.17,35.36,44.34,normal,0,2024-10-10 15:34:00
13,77.86,16.42,37.87,33.12,66.49,normal,0,2024-03-06 21:58:00
66,74.25,5.31,29.19,33.8,68.56,normal,0,2024-12-08 14:06:00
10,76.38,13.43,19.27,37.14,61.26,normal,0,2024-11-23 12:19:00
58,60.94,9.13,22.71,32.23,54.02,normal,0,2024-10-29 21:42:00
60,72.55,7.85,40.83,38.29,17.62,normal,0,2024-11-30 03:25:00
35,82.96,12.67,44.46,39.41,68.28,normal,0,2024-11-20 04:19:00
64,77.28,13.22,38.88,36.44,63.03,normal,0,2024-11-22 12:46:00
18,59.73,11.49,24.21,33.06,25.0,normal,0,2024-10-15 08:20:00
44,69.04,11.25,35.84,33.23,39.11,normal,0,2024-05-07 04:23:00
41,87.55,11.28,36.36,31.11,64.84,normal,0,2024-12-24 22:06:00
97,76.34,18.9,52.57,42.36,44.35,normal,0,2024-04-25 18:00:00
86,81.55,9.87,47.8,30.09,15.78,normal,0,2024-10-29 17:04:00
90,78.44,14.86,41.69,34.11,42.86,normal,0,2024-06-21 14:13:00
35,80.53,10.36,2.11,36.64,58.73,normal,0,2024-03-25 17:27:00
71,86.66,5.86,28.35,33.75,49.97,normal,0,2024-06-19 02:57:00
23,74.39,17.13,21.72,30.02,25.08,normal,0,2024-10-26 08:30:00
97,74.14,12.36,25.36,35.19,57.18,normal,0,2024-11-16 12:18:00
75,75.28,16.32,28.66,37.66,49.06,normal,0,2024-01-11 22:13:00
4,86.17,15.15,26.04,43.76,34.13,normal,0,2024-11-17 03:21:00
76,62.51,5.44,38.38,39.3,51.55,normal,0,2024-01-12 16:21:00
92,94.51,16.55,23.57,40.65,10.0,normal,0,2024-11-29 06:40:00
69,68.41,13.55,23.0,30.41,42.81,normal,0,2024-08-19 14:03:00
5,79.24,18.63,33.53,33.73,68.37,normal,0,2024-10-01 01:49:00
81,73.32,12.92,27.9,35.92,34.34,normal,0,2024-09-17 22:29:00
92,70.89,14.05,50.06,36.74,50.53,normal,0,2024-06-28 07:00:00
41,73.88,11.29,11.38,37.05,83.58,normal,0,2024-09-18 09:19:00
23,72.85,13.16,41.2,43.58,36.69,normal,0,2024-09-05 15:14:00
67,75.23,14.07,42.01,31.29,51.72,normal,0,2024-10-25 18:31:00
100,89.95,8.49,33.16,37.86,33.58,normal,0,2024-02-20 03:11:00
12,73.71,12.18,37.39,42.6,53.39,normal,0,2024-01-05 10:38:00
39,96.46,13.92,46.16,30.84,59.71,normal,0,2024-06-26 15:30:00
59,94.95,14.66,33.69,38.31,15.52,normal,0,2024-08-30 05:51:00
55,80.48,12.7,16.03,35.18,49.96,normal,0,2024-10-02 20:34:00
94,68.47,17.06,27.72,31.09,56.88,normal,0,2024-08-19 10:31:00
25,84.58,18.38,47.3,34.2,81.33,normal,0,2024-03-29 23:18:00
78,72.88,14.4,35.17,29.92,90.16,normal,0,2024-08-13 00:18:00
70,70.33,13.4,47.39,33.54,62.04,normal,0,2024-03-06 02:51:00
57,70.9,17.61,51.91,35.16,55.98,normal,0,2024-11-14 10:09:00
30,63.74,16.22,22.36,36.71,71.86,normal,0,2024-09-01 10:42:00
56,78.8,18.52,10.44,37.29,55.43,normal,0,2024-07-13 21:59:00
44,82.73,10.48,34.59,45.01,59.53,normal,0,2024-09-20 19:12:00
40,87.17,16.91,46.79,34.71,65.37,normal,0,2024-05-13 05:05:00
13,-31.79,433.46,245.92,-46.54,206.04,sensor_error,0,2024-07-18 10:22:00
9,77.56,16.72,39.03,38.21,31.88,normal,0,2024-01-15 00:57:00
48,65.22,16.83,29.51,37.5,39.17,normal,0,2024-03-13 22:00:00
6,69.92,16.22,8.22,46.41,23.26,normal,0,2024-10-21 00:17:00
47,97.27,16.24,32.83,40.06,69.3,normal,0,2024-01-17 23:35:00
13,71.08,12.31,28.11,31.03,30.23,normal,0,2024-08-01 05:35:00
27,85.84,18.31,35.03,43.25,33.6,normal,0,2024-07-31 01:14:00
58,67.35,18.75,36.69,39.2,54.43,normal,0,2024-08-11 18:41:00
12,84.97,16.07,20.43,40.16,51.18,normal,0,2024-05-28 07:28:00
90,75.55,17.11,54.72,33.93,50.41,normal,0,2024-01-28 14:25:00
52,77.69,15.24,36.19,40.84,37.59,normal,0,2024-09-17 09:33:00
41,-999.0,-71.35,-48.53,-3.16,-31.04,sensor_error,0,2024-02-19 03:43:00
4,82.0,18.86,19.23,40.0,41.79,normal,0,2024-11-03 13:06:00
98,86.52,14.29,25.63,35.6,44.58,normal,0,2024-05-06 05:26:00
61,74.21,10.62,11.38,31.16,51.28,normal,0,2024-04-07 01:17:00
27,83.65,16.11,41.26,34.8,60.58,normal,0,2024-12-23 07:25:00
35,75.89,23.84,19.08,39.27,76.15,normal,0,2024-08-26 17:03:00
87,69.73,16.31,21.8,34.4,65.21,normal,0,2024-01-14 08:14:00
7,83.08,21.79,37.65,44.73,43.44,normal,0,2024-06-14 21:21:00
95,77.62,15.79,49.12,37.64,69.16,normal,0,2024-10-03 04:58:00
73,75.94,14.82,51.58,32.62,38.83,normal,0,2024-03-04 13:01:00
98,71.78,12.2,41.08,41.08,45.99,normal,0,2024-06-14 20:51:00
70,61.36,18.26,15.44,29.89,69.44,normal,0,2024-09-13 20:48:00
53,71.63,13.1,28.68,34.68,33.78,normal,0,2024-06-29 09:17:00
89,69.23,13.77,55.6,32.86,61.15,normal,0,2024-12-19 19:52:00
54,96.43,21.12,31.55,34.66,27.59,normal,0,2024-06-17 04:50:00
9,85.01,11.88,28.35,34.23,64.68,normal,0,2024-11-20 05:08:00
28,62.84,11.34,36.29,36.72,55.32,normal,0,2024-07-09 17:28:00
6,79.21,16.74,26.74,36.73,41.77,normal,0,2024-03-28 11:31:00
56,73.71,11.08,26.04,30.05,74.12,normal,0,2024-03-26 19:20:00
70,77.55,23.78,44.53,32.45,23.47,normal,0,2024-03-17 18:35:00
47,89.3,15.78,26.46,27.81,59.07,normal,0,2024-11-21 10:33:00
4,89.59,16.41,37.95,33.57,62.21,normal,0,2024-06-24 18:36:00
41,84.79,19.25,20.35,37.29,79.66,normal,0,2024-01-05 01:52:00
70,84.01,18.35,43.99,38.21,41.61,normal,0,2024-11-12 00:16:00
70,71.68,14.07,35.81,48.9,79.62,normal,0,2024-11-11 15:14:00
60,74.99,15.83,41.9,38.64,10.94,normal,0,2024-07-02 17:22:00
29,76.15,13.9,24.47,42.76,53.11,normal,0,2024-08-19 18:36:00
19,74.47,18.0,22.71,32.64,44.7,normal,0,2024-07-27 06:12:00
51,79.24,14.73,22.37,30.88,51.13,normal,0,2024-01-21 21:57:00
61,69.45,8.2,10.06,32.89,65.72,normal,0,2024-07-04 03:54:00
15,94.67,21.7,24.47,36.97,56.36,normal,0,2024-01-15 12:02:00
68,72.59,12.58,29.97,34.34,36.84,normal,0,2024-04-12 00:49:00
53,82.25,21.79,45.55,40.17,58.61,normal,0,2024-04-19 18:00:00
11,70.95,15.02,27.38,28.56,50.86,normal,0,2024-07-01 18:35:00
38,70.71,13.81,27.13,36.38,60.4,normal,0,2024-08-14 23:35:00
40,91.42,16.25,39.77,41.48,65.88,normal,0,2024-05-30 09:58:00
23,82.0,17.86,22.21,26.12,39.89,normal,0,2024-11-15 10:31:00
26,66.74,13.65,30.74,30.04,54.54,normal,0,2024-08-11 06:04:00
50,80.48,14.34,38.17,40.14,49.71,normal,0,2024-01-16 09:52:00
48,79.22,15.05,31.71,39.38,46.83,normal,0,2024-08-06 01:03:00
74,79.82,10.97,44.11,29.93,57.52,normal,0,2024-04-20 09:53:00
24,78.31,13.41,46.96,36.11,10.0,normal,0,2024-03-20 18:52:00
19,92.91,8.53,28.94,33.87,45.2,normal,0,2024-12-12 17:32:00
57,71.78,17.0,43.35,28.29,70.73,normal,0,2024-04-05 08:56:00
17,78.65,14.84,36.51,36.39,52.13,normal,0,2024-08-03 14:10:00
83,73.06,12.77,10.4,31.47,40.84,normal,0,2024-01-05 14:51:00
49,76.31,17.8,31.05,39.63,43.44,normal,0,2024-11-06 00:12:00
20,76.76,15.3,36.41,43.28,38.92,normal,0,2024-12-30 23:37:00
3,66.73,16.6,49.93,36.84,54.1,normal,0,2024-01-11 00:36:00
44,75.42,12.46,32.69,39.6,18.9,normal,0,2024-05-05 14:15:00
85,76.49,16.31,39.43,37.34,63.44,normal,0,2024-01-19 11:37:00
84,66.5,18.0,46.58,45.99,40.06,normal,0,2024-05-28 09:17:00
75,80.3,18.7,36.77,28.89,43.71,normal,0,2024-04-27 19:41:00
85,78.71,11.86,22.43,34.12,40.12,normal,0,2024-08-07 08:34:00
42,64.02,7.46,42.14,32.6,49.04,normal,0,2024-09-14 11:19:00
79,73.54,21.3,55.92,32.97,47.38,normal,0,2024-08-24 02:23:00
21,82.17,24.15,46.26,43.54,58.25,normal,0,2024-09-02 22:33:00
85,82.28,14.01,62.75,38.91,45.91,normal,0,2024-12-19 16:49:00
70,64.12,17.14,48.72,35.85,57.51,normal,0,2024-03-12 21:30:00
58,92.24,11.02,38.18,26.11,52.03,normal,0,2024-03-04 18:07:00
4,65.95,15.5,10.65,28.68,51.69,normal,0,2024-08-29 18:59:00
43,75.15,3.6,23.79,43.35,47.77,normal,0,2024-05-05 21:23:00
31,83.63,15.89,28.59,35.77,25.29,normal,0,2024-11-04 13:20:00
13,77.05,9.73,31.03,40.69,35.7,normal,0,2024-01-20 18:08:00
42,79.86,10.75,30.51,38.15,40.61,normal,0,2024-08-19 03:20:00
89,80.12,21.44,22.96,36.04,73.52,normal,0,2024-06-05 03:00:00
43,77.75,16.57,30.8,27.12,64.05,normal,0,2024-07-27 16:05:00
77,77.16,14.58,46.34,31.23,22.92,normal,0,2024-08-09 15:02:00
10,84.45,16.06,38.52,27.06,60.9,normal,0,2024-03-15 03:01:00
77,78.88,9.44,24.84,37.18,44.19,normal,0,2024-06-12 20:16:00
39,79.49,9.05,46.84,37.38,51.9,normal,0,2024-01-01 04:05:00
4,81.65,16.1,34.05,34.44,40.26,normal,0,2024-05-05 04:50:00
76,67.75,19.95,51.39,39.21,28.41,normal,0,2024-07-12 05:23:00
51,79.93,18.79,31.41,40.97,49.7,normal,0,2024-02-11 05:07:00
87,77.33,17.16,11.48,32.9,29.86,normal,0,2024-05-10 18:30:00
88,80.91,15.49,49.98,30.72,56.45,normal,0,2024-05-02 09:54:00
12,67.0,14.35,60.91,36.67,40.64,normal,0,2024-04-02 17:24:00
63,64.84,21.82,34.58,36.29,21.21,normal,0,2024-10-02 04:50:00
99,73.79,12.32,30.1,34.69,46.04,normal,0,2024-07-24 12:42:00
54,72.52,15.48,52.77,35.28,79.25,normal,0,2024-03-11 04:19:00
71,66.89,13.16,21.74,23.78,64.6,normal,0,2024-12-04 10:48:00
42,73.95,17.16,37.62,32.64,25.92,normal,0,2024-06-30 07:14:00
31,72.36,14.31,48.11,35.93,45.68,normal,0,2024-04-22 18:05:00
99,84.82,15.8,8.2,34.5,62.18,normal,0,2024-02-19 01:12:00
30,68.48,12.23,66.61,30.24,59.68,normal,0,2024-11-08 08:00:00
27,59.69,15.21,24.78,37.03,54.64,normal,0,2024-04-29 06:51:00
21,55.87,15.01,30.82,37.03,17.46,normal,0,2024-07-04 02:44:00
55,83.98,12.01,30.24,33.06,47.69,normal,0,2024-09-19 03:28:00
78,64.9,13.7,51.64,33.64,57.69,normal,0,2024-03-05 06:53:00
74,87.22,13.16,48.78,41.9,78.56,normal,0,2024-02-22 13:00:00
96,67.2,13.38,53.92,35.35,16.41,normal,0,2024-10-27 09:02:00
61,77.77,9.08,53.62,34.96,20.47,normal,0,2024-08-04 16:42:00
63,85.18,19.85,40.38,36.14,51.29,normal,0,2024-07-23 22:17:00
56,100.0,9.16,30.38,31.93,16.68,normal,0,2024-05-15 21:07:00
45,75.87,7.88,47.38,34.76,32.49,normal,0,2024-03-19 02:46:00
53,80.83,7.59,39.67,37.46,35.58,normal,0,2024-02-03 16:11:00
5,74.14,17.93,54.65,31.39,25.5,normal,0,2024-08-03 07:41:00
62,91.69,15.98,43.21,45.87,52.03,normal,0,2024-05-24 18:17:00
91,90.69,11.01,40.91,30.31,34.33,normal,0,2024-12-03 13:33:00
95,78.84,18.18,51.69,38.75,42.03,normal,0,2024-05-18 05:24:00
62,61.41,17.9,39.59,26.97,65.61,normal,0,2024-04-06 18:16:00
29,68.05,16.56,28.29,34.55,38.24,normal,0,2024-03-20 23:03:00
42,84.15,17.03,46.31,37.0,48.3,normal,0,2024-10-20 23:35:00
70,77.46,14.33,25.47,43.36,35.9,normal,0,2024-01-03 21:54:00
29,86.32,19.24,45.76,42.21,45.78,normal,0,2024-04-12 23:41:00
51,77.23,13.38,21.09,32.33,48.07,normal,0,2024-10-18 03:17:00
14,75.64,20.99,31.92,37.52,52.21,normal,0,2024-05-01 16:05:00
93,89.95,12.57,12.74,30.69,43.29,normal,0,2024-12-23 22:27:00
89,101.04,59.53,38.76,55.65,57.79,real_anomaly,1,2024-08-06 07:56:00
93,72.07,9.11,40.37,27.96,79.38,normal,0,2024-11-23 22:53:00
16,82.06,17.24,27.11,48.17,23.11,normal,0,2024-03-16 16:12:00
27,78.4,18.72,18.38,42.99,67.51,normal,0,2024-01-28 10:25:00
82,82.88,14.89,45.16,31.84,64.38,normal,0,2024-07-23 22:04:00
98,62.18,14.85,28.67,40.77,23.79,normal,0,2024-06-25 19:42:00
13,74.83,17.43,42.36,39.08,44.06,normal,0,2024-02-10 21:58:00
83,66.78,19.63,34.24,31.15,44.24,normal,0,2024-06-19 23:25:00
98,73.35,21.44,41.61,41.32,53.98,normal,0,2024-07-26 12:53:00
62,75.91,19.01,34.56,35.69,46.47,normal,0,2024-04-05 11:32:00
32,74.24,15.16,32.33,30.51,39.0,normal,0,2024-06-01 19:25:00
52,80.42,11.03,37.78,26.42,42.02,normal,0,2024-03-21 08:18:00
61,381.42,-30.55,-12.29,-40.47,-33.79,sensor_error,0,2024-01-24 00:32:00
61,75.8,12.59,30.7,37.01,49.92,normal,0,2024-08-11 09:49:00
38,87.62,16.22,25.16,31.35,38.86,normal,0,2024-11-26 01:50:00
36,64.68,9.13,41.24,34.65,35.39,normal,0,2024-03-26 07:39:00
43,75.63,9.05,19.8,35.38,42.31,normal,0,2024-03-29 02:24:00
28,74.32,14.53,35.95,29.85,73.37,normal,0,2024-09-09 20:53:00
94,75.79,16.87,42.87,24.77,48.64,normal,0,2024-11-04 21:18:00
65,67.86,13.05,27.56,43.58,74.91,normal,0,2024-09-21 22:03:00
16,87.73,18.01,37.28,36.8,57.75,normal,0,2024-10-01 00:32:00
2,80.32,18.41,25.79,30.48,51.96,normal,0,2024-09-03 10:40:00
37,90.04,9.1,31.16,41.21,32.3,normal,0,2024-03-15 00:19:00
43,74.38,11.96,38.66,39.31,36.23,normal,0,2024-08-07 07:21:00
33,74.25,14.44,14.22,32.99,37.13,normal,0,2024-05-03 03:26:00
27,87.23,10.78,33.3,32.09,60.96,normal,0,2024-10-14 03:12:00
19,78.85,8.81,39.64,36.16,87.17,normal,0,2024-05-28 02:43:00
98,76.59,18.01,46.65,24.78,59.4,normal,0,2024-08-06 14:18:00
87,76.86,18.78,48.63,33.39,77.1,normal,0,2024-06-13 09:29:00
80,90.85,14.33,21.71,41.78,44.39,normal,0,2024-07-15 06:20:00
56,68.85,18.1,34.36,38.1,81.18,normal,0,2024-07-18 08:45:00
41,79.23,19.85,43.27,44.75,35.27,normal,0,2024-02-23 01:41:00
45,72.97,17.73,45.49,32.71,63.32,normal,0,2024-09-04 14:32:00
2,77.25,14.6,49.38,34.19,49.1,normal,0,2024-08-07 12:04:00
23,61.88,15.37,39.93,30.43,53.34,normal,0,2024-05-24 22:17:00
7,82.71,14.82,40.7,34.85,62.25,normal,0,2024-07-25 15:10:00
9,83.03,9.25,1.85,29.77,55.04,normal,0,2024-06-13 09:49:00
95,69.06,16.71,48.4,26.38,29.06,normal,0,2024-02-05 12:08:00
84,78.08,11.81,30.76,30.72,49.23,normal,0,2024-06-17 05:10:00
66,78.3,17.19,70.0,39.74,39.53,normal,0,2024-09-16 11:01:00
52,68.42,8.03,45.72,34.24,46.48,normal,0,2024-05-25 00:30:00
17,60.06,16.54,16.84,36.7,68.51,normal,0,2024-06-07 06:35:00
96,-999.0,-73.31,367.65,-39.27,186.01,sensor_error,0,2024-05-08 12:36:00
100,92.51,10.76,38.56,29.94,48.5,normal,0,2024-03-25 13:25:00
21,73.71,11.04,41.4,41.15,43.65,normal,0,2024-09-20 21:43:00
18,68.34,18.96,49.08,37.64,57.99,normal,0,2024-08-16 02:36:00
13,67.55,22.16,39.99,27.45,46.67,normal,0,2024-03-22 22:30:00
46,70.75,11.2,54.62,43.5,57.92,normal,0,2024-01-26 00:23:00
63,74.12,8.75,33.17,34.2,61.23,normal,0,2024-11-13 07:17:00
78,67.46,16.69,19.69,38.8,44.49,normal,0,2024-04-19 08:36:00
46,79.89,16.59,26.43,30.83,74.2,normal,0,2024-02-14 12:30:00
22,68.63,12.59,35.08,31.51,48.45,normal,0,2024-07-05 20:57:00
95,77.48,10.77,38.63,35.82,64.2,normal,0,2024-08-20 14:42:00
27,75.11,12.09,43.9,30.71,28.82,normal,0,2024-11-29 21:45:00
6,89.42,17.95,48.81,28.22,57.91,normal,0,2024-05-20 10:53:00
65,40.93,40.73,27.86,56.42,48.36,real_anomaly,1,2024-10-08 07:26:00
1,81.45,16.01,29.74,41.21,60.9,normal,0,2024-07-14 03:27:00
33,76.19,7.33,47.79,30.75,60.35,normal,0,2024-01-10 17:19:00
73,76.43,23.24,1.91,36.16,34.74,normal,0,2024-07-16 14:09:00
67,74.16,20.5,40.1,37.1,47.58,normal,0,2024-09-18 19:14:00
51,74.68,13.11,57.14,32.72,45.76,normal,0,2024-01-16 04:47:00
97,83.35,12.19,38.15,36.68,44.38,normal,0,2024-09-15 03:41:00
61,87.86,20.2,37.52,37.69,42.52,normal,0,2024-04-27 17:50:00
82,85.47,10.48,18.2,35.65,70.29,normal,0,2024-04-24 14:23:00
49,73.71,11.79,27.61,33.9,34.72,normal,0,2024-07-01 21:18:00
20,81.07,11.59,52.72,30.84,38.4,normal,0,2024-10-30 22:28:00
2,74.06,20.19,34.27,41.41,25.09,normal,0,2024-03-03 09:20:00
74,76.47,18.01,27.91,34.33,45.52,normal,0,2024-12-01 01:34:00
22,59.06,15.29,32.87,33.86,64.03,normal,0,2024-04-29 09:18:00
75,75.66,3.21,34.12,28.87,47.3,normal,0,2024-11-03 11:04:00
22,70.31,14.82,48.41,27.5,54.59,normal,0,2024-02-24 07:51:00
46,74.12,15.69,31.61,30.32,36.88,normal,0,2024-02-11 10:48:00
90,81.87,11.18,24.28,27.99,63.71,normal,0,2024-02-07 17:56:00
44,82.12,17.94,16.77,38.98,37.59,normal,0,2024-03-06 13:22:00
80,73.75,20.28,61.46,37.26,54.37,normal,0,2024-02-07 16:39:00
37,67.54,17.56,18.96,43.53,27.13,normal,0,2024-08-07 18:09:00
81,81.66,10.85,52.14,37.79,54.28,normal,0,2024-11-06 00:32:00
13,68.3,14.38,26.98,29.58,51.93,normal,0,2024-06-09 13:21:00
65,85.44,13.94,24.56,40.83,31.05,normal,0,2024-09-06 13:32:00
48,64.67,21.72,30.61,34.8,46.15,normal,0,2024-09-06 12:39:00
94,54.69,12.33,16.33,32.79,50.01,normal,0,2024-02-01 03:51:00
7,62.56,16.06,40.86,32.38,45.58,normal,0,2024-04-11 10:43:00
68,65.88,14.52,47.78,32.53,26.87,normal,0,2024-05-25 19:16:00
86,71.61,14.6,33.86,39.09,57.07,normal,0,2024-06-18 11:25:00
54,84.92,19.98,53.97,29.91,40.33,normal,0,2024-03-12 18:54:00
32,71.85,15.07,48.37,30.74,57.41,normal,0,2024-06-11 11:26:00
74,90.39,17.6,27.6,47.14,40.58,normal,0,2024-01-30 01:59:00
30,86.11,11.04,28.94,30.36,44.07,normal,0,2024-08-05 17:15:00
24,72.92,14.0,31.27,35.97,31.51,normal,0,2024-09-13 15:55:00
3,86.94,21.1,36.0,42.02,42.14,normal,0,2024-11-11 17:33:00
23,71.73,13.27,12.19,41.74,47.64,normal,0,2024-09-18 20:05:00
98,87.35,15.96,47.48,34.9,38.94,normal,0,2024-06-27 13:35:00
94,84.73,15.85,32.49,43.22,52.48,normal,0,2024-06-15 23:50:00
34,83.7,24.74,26.24,36.76,44.08,normal,0,2024-03-06 07:13:00
43,76.62,20.07,21.37,44.31,36.5,normal,0,2024-02-13 09:01:00
80,85.64,12.88,24.47,34.48,61.18,normal,0,2024-09-17 10:11:00
74,75.34,19.86,35.12,32.47,65.24,normal,0,2024-06-09 23:12:00
53,81.28,13.87,46.24,34.57,11.11,normal,0,2024-01-30 12:56:00
58,67.56,7.36,13.22,38.34,35.95,normal,0,2024-07-13 01:15:00
100,81.46,17.73,36.05,35.79,47.57,normal,0,2024-04-01 14:29:00
80,60.09,18.11,33.08,33.29,55.93,normal,0,2024-08-03 15:06:00
6,83.76,12.7,33.96,33.06,30.54,normal,0,2024-06-21 01:36:00
29,80.41,14.66,34.54,34.7,36.51,normal,0,2024-06-02 23:16:00
86,453.78,-16.92,-38.69,-48.18,230.22,sensor_error,0,2024-10-18 21:14:00
79,76.5,13.41,45.27,35.75,65.79,normal,0,2024-02-19 04:28:00
11,73.55,19.64,52.66,32.96,53.28,normal,0,2024-10-05 17:16:00
26,77.27,14.5,41.51,31.63,86.2,normal,0,2024-08-17 01:39:00
30,84.71,17.33,27.75,41.29,56.13,normal,0,2024-03-12 06:40:00
70,58.65,14.83,38.65,28.1,37.79,normal,0,2024-01-17 07:54:00
76,61.59,16.31,23.66,37.33,75.47,normal,0,2024-06-18 21:19:00
62,74.24,16.37,56.33,39.87,46.81,normal,0,2024-06-07 13:44:00
10,94.64,7.54,45.15,40.65,27.27,normal,0,2024-02-28 11:42:00
48,87.1,9.29,45.45,39.15,84.22,normal,0,2024-08-01 20:07:00
84,86.6,9.67,31.58,35.22,40.17,normal,0,2024-09-30 17:22:00
97,76.19,16.44,38.63,27.13,83.55,normal,0,2024-08-10 03:20:00
76,66.32,10.0,32.78,41.04,42.16,normal,0,2024-04-10 06:19:00
79,72.98,10.9,56.77,39.01,37.18,normal,0,2024-12-10 15:57:00
19,73.75,16.18,38.9,31.53,33.1,normal,0,2024-04-09 01:02:00
47,73.6,21.65,22.73,36.24,46.92,normal,0,2024-08-06 15:11:00
8,66.95,14.72,4.02,24.98,45.48,normal,0,2024-08-04 05:57:00
72,82.89,10.31,42.69,30.88,64.19,normal,0,2024-04-29 06:45:00
47,76.31,9.07,53.17,32.67,61.85,normal,0,2024-02-05 20:05:00
27,89.79,11.52,35.56,43.21,36.04,normal,0,2024-11-19 14:31:00
89,69.8,11.84,53.28,35.46,53.14,normal,0,2024-08-13 03:59:00
76,78.63,19.3,47.41,36.92,52.45,normal,0,2024-12-04 01:44:00
13,71.41,11.11,53.0,37.25,62.87,normal,0,2024-02-18 17:16:00
51,76.65,21.27,34.55,39.19,42.06,normal,0,2024-09-13 14:42:00
80,84.12,18.91,35.39,34.86,48.64,normal,0,2024-05-26 20:29:00
90,80.75,18.78,35.73,31.35,49.18,normal,0,2024-03-11 23:56:00
94,79.69,15.32,38.43,35.28,56.38,normal,0,2024-11-18 11:25:00
88,82.77,17.22,33.61,39.26,45.39,normal,0,2024-10-30 03:56:00
70,78.15,20.84,38.59,39.99,42.06,normal,0,2024-05-17 13:13:00
49,78.25,8.5,19.12,21.95,38.73,normal,0,2024-05-26 13:05:00
59,72.52,17.11,37.71,34.64,52.58,normal,0,2024-03-20 00:10:00
62,78.16,20.9,29.05,32.64,39.6,normal,0,2024-10-26 16:33:00
59,95.19,11.73,36.56,29.45,30.66,normal,0,2024-06-08 19:21:00
58,76.15,13.36,50.67,28.98,53.5,normal,0,2024-12-24 21:37:00
15,71.68,12.45,20.38,32.3,42.61,normal,0,2024-06-27 17:10:00
22,81.53,10.36,27.33,29.85,52.1,normal,0,2024-02-02 21:02:00
26,80.06,15.73,34.66,32.16,85.94,normal,0,2024-10-31 16:52:00
86,91.32,18.38,16.7,31.28,73.26,normal,0,2024-06-15 11:58:00
51,60.84,15.87,39.26,39.17,22.45,normal,0,2024-05-25 19:56:00
83,73.82,10.53,45.41,42.21,62.78,normal,0,2024-04-16 04:32:00
61,64.37,12.35,28.54,38.67,49.57,normal,0,2024-07-10 19:13:00
8,82.37,15.43,31.51,27.19,43.62,normal,0,2024-04-10 14:35:00
15,78.53,15.9,34.9,33.54,60.39,normal,0,2024-05-08 11:32:00
66,79.19,16.6,28.94,40.36,61.17,normal,0,2024-06-14 02:43:00
59,75.31,19.95,18.27,33.08,77.08,normal,0,2024-12-04 03:23:00
37,74.15,14.97,16.39,24.76,38.39,normal,0,2024-03-26 17:02:00
37,70.23,8.97,47.57,31.46,46.97,normal,0,2024-02-17 01:38:00
47,76.12,15.28,45.16,36.32,35.02,normal,0,2024-09-13 16:19:00
2,65.99,12.37,38.43,32.96,60.12,normal,0,2024-05-09 11:33:00
6,82.71,15.24,36.77,40.08,40.33,normal,0,2024-04-03 21:22:00
43,80.98,20.42,27.41,41.93,53.97,normal,0,2024-01-31 14:01:00
74,83.67,10.53,44.28,32.33,52.17,normal,0,2024-01-09 03:52:00
32,70.11,15.12,30.17,42.74,64.49,normal,0,2024-03-25 20:42:00
87,80.64,18.29,45.09,26.96,57.78,normal,0,2024-03-03 23:11:00
70,85.42,13.33,42.17,27.03,30.38,normal,0,2024-10-21 02:48:00
37,75.46,12.02,49.5,38.91,30.13,normal,0,2024-12-02 11:04:00
64,72.3,17.78,30.07,34.83,33.08,normal,0,2024-11-19 18:06:00
60,80.61,18.14,27.15,40.33,45.18,normal,0,2024-07-14 22:07:00
81,74.78,15.47,25.94,33.24,40.59,normal,0,2024-11-06 20:54:00
96,66.89,19.53,44.16,35.25,37.26,normal,0,2024-06-01 21:12:00
18,83.07,18.23,53.92,35.16,58.04,normal,0,2024-03-03 12:22:00
43,79.72,10.41,61.41,41.14,65.57,normal,0,2024-04-23 02:06:00
66,77.81,17.28,59.46,42.41,35.81,normal,0,2024-08-24 22:40:00
97,78.48,15.02,39.46,37.31,10.0,normal,0,2024-12-30 13:33:00
80,58.32,13.42,31.27,34.13,17.35,normal,0,2024-05-09 08:53:00
41,69.64,14.77,42.55,44.56,34.85,normal,0,2024-07-05 06:38:00
60,72.57,12.24,46.41,32.07,36.65,normal,0,2024-01-14 14:13:00
88,70.4,8.17,46.97,43.55,30.23,normal,0,2024-05-19 23:21:00
54,78.58,14.27,39.16,26.35,50.04,normal,0,2024-06-30 02:38:00
77,74.02,17.63,29.16,39.59,79.74,normal,0,2024-09-01 22:11:00
46,92.81,14.21,33.45,40.42,36.73,normal,0,2024-12-12 11:24:00
68,77.77,14.08,26.04,34.28,51.71,normal,0,2024-10-06 05:24:00
63,56.78,17.13,34.13,36.01,59.14,normal,0,2024-11-25 00:55:00
20,83.86,11.65,28.17,29.56,81.14,normal,0,2024-06-15 16:21:00
72,67.19,13.88,47.35,31.94,69.79,normal,0,2024-05-31 19:30:00
9,76.13,13.41,45.64,30.58,55.85,normal,0,2024-03-27 22:36:00
74,86.76,19.25,31.74,37.74,59.63,normal,0,2024-03-20 20:01:00
44,66.03,22.28,36.22,38.97,32.05,normal,0,2024-07-21 11:36:00
26,68.86,13.97,38.33,35.53,35.47,normal,0,2024-06-14 08:53:00
49,73.44,15.68,35.55,37.99,46.89,normal,0,2024-09-07 14:18:00
20,81.55,17.01,33.87,34.36,29.1,normal,0,2024-07-16 18:44:00
40,84.69,12.98,54.32,35.06,47.93,normal,0,2024-04-07 21:58:00
55,67.37,15.67,36.19,32.96,84.85,normal,0,2024-06-11 08:15:00
39,74.26,19.4,42.54,39.53,48.6,normal,0,2024-12-10 15:22:00
29,65.83,15.06,41.88,33.96,44.25,normal,0,2024-11-13 23:10:00
52,85.39,10.26,32.42,28.23,21.27,normal,0,2024-01-26 17:31:00
51,66.9,10.91,46.42,39.93,34.7,normal,0,2024-12-21 00:27:00
37,88.33,16.65,43.81,30.58,50.94,normal,0,2024-05-21 17:44:00
77,73.58,19.13,44.23,37.82,51.38,normal,0,2024-01-01 05:10:00
7,79.55,10.46,30.17,40.87,64.83,normal,0,2024-06-19 04:23:00
30,82.92,13.05,16.86,25.85,74.85,normal,0,2024-04-05 02:08:00
40,75.86,18.12,12.43,32.27,24.95,normal,0,2024-01-30 22:07:00
61,83.63,25.78,38.11,35.45,49.13,normal,0,2024-02-23 05:08:00
77,80.14,10.82,55.67,35.86,42.01,normal,0,2024-05-21 23:05:00
66,81.12,17.39,31.16,28.42,43.26,normal,0,2024-04-04 20:39:00
25,86.7,12.45,21.36,30.6,62.99,normal,0,2024-10-31 16:55:00
20,76.93,18.41,57.56,29.05,48.51,normal,0,2024-03-23 02:45:00
75,108.58,51.69,36.67,43.48,38.01,real_anomaly,1,2024-04-21 00:11:00
35,82.11,17.57,34.79,35.92,43.82,normal,0,2024-06-29 12:42:00
30,-999.0,415.88,-16.41,-47.59,-43.64,sensor_error,0,2024-03-07 16:55:00
28,65.07,8.78,11.66,34.13,46.2,normal,0,2024-01-09 09:39:00
70,89.12,12.37,26.63,42.34,56.8,normal,0,2024-06-21 03:03:00
52,85.24,17.78,53.99,29.58,54.28,normal,0,2024-02-21 16:06:00
1,77.26,21.46,36.9,43.2,43.52,normal,0,2024-04-25 13:25:00
82,54.47,10.44,42.75,36.13,46.39,normal,0,2024-07-25 18:19:00
86,76.76,12.51,32.94,41.84,69.06,normal,0,2024-09-08 08:40:00
84,74.8,14.7,32.94,36.18,39.56,normal,0,2024-09-24 02:49:00
38,78.2,16.74,27.11,38.38,61.84,normal,0,2024-01-04 20:02:00
35,67.1,16.79,29.62,36.41,61.97,normal,0,2024-08-08 22:25:00
17,85.93,15.5,65.25,27.2,31.48,normal,0,2024-07-28 01:38:00
18,77.9,11.94,34.87,29.1,45.76,normal,0,2024-06-14 11:53:00
29,68.31,13.96,22.34,29.87,58.56,normal,0,2024-02-05 17:33:00
49,83.51,18.24,25.27,44.46,67.83,normal,0,2024-04-26 09:57:00
4,77.76,12.23,38.51,30.92,41.32,normal,0,2024-02-16 21:58:00
100,74.7,13.93,25.09,34.18,46.43,normal,0,2024-05-16 02:50:00
30,85.08,17.08,40.21,28.18,37.1,normal,0,2024-02-07 14:14:00
38,85.39,19.19,10.11,32.47,65.64,normal,0,2024-07-28 02:13:00
39,71.16,14.87,22.68,30.0,45.98,normal,0,2024-03-28 02:14:00
76,86.99,13.96,50.97,40.24,56.09,normal,0,2024-07-01 15:57:00
57,72.88,15.04,43.03,31.31,51.67,normal,0,2024-10-15 07:46:00
73,86.3,9.25,14.47,35.78,56.96,normal,0,2024-03-25 01:44:00
62,84.65,19.56,16.04,29.5,54.2,normal,0,2024-07-03 17:17:00
64,73.95,21.2,23.49,30.35,24.74,normal,0,2024-08-27 05:57:00
18,85.42,10.01,14.13,35.68,54.86,normal,0,2024-08-21 04:35:00
94,82.75,11.55,25.56,36.13,58.68,normal,0,2024-04-22 04:52:00
76,81.46,19.17,36.06,34.93,49.98,normal,0,2024-07-10 13:44:00
58,82.81,16.89,20.12,35.1,44.23,normal,0,2024-01-24 02:19:00
45,80.38,11.91,45.81,30.43,27.51,normal,0,2024-04-17 12:34:00
33,92.41,16.78,51.86,34.39,64.27,normal,0,2024-10-08 00:41:00
27,74.26,11.54,5.82,35.08,53.88,normal,0,2024-05-29 19:23:00
92,69.42,9.72,37.25,28.37,49.84,normal,0,2024-08-14 21:57:00
9,65.48,15.43,21.4,39.22,47.12,normal,0,2024-02-10 12:23:00
61,79.73,12.33,30.44,28.47,57.68,normal,0,2024-02-27 04:45:00
56,87.42,18.63,18.36,40.44,62.4,normal,0,2024-05-20 22:14:00
62,69.6,11.71,41.25,43.81,61.1,normal,0,2024-06-18 07:08:00
30,75.33,7.8,38.77,40.57,50.71,normal,0,2024-08-29 04:08:00
30,71.82,15.34,52.53,35.22,40.9,normal,0,2024-10-08 17:01:00
18,81.11,13.45,42.69,28.32,48.02,normal,0,2024-09-19 00:17:00
96,83.03,12.38,21.14,26.35,86.29,normal,0,2024-11-03 08:37:00
27,84.21,17.43,29.72,45.03,59.11,normal,0,2024-12-14 14:39:00
79,61.22,9.94,38.56,29.71,36.21,normal,0,2024-12-13 00:33:00
14,87.64,18.07,10.68,32.81,43.23,normal,0,2024-09-07 11:45:00
7,72.19,10.44,29.67,37.72,52.44,normal,0,2024-06-19 08:50:00
12,78.67,14.85,34.04,36.16,54.0,normal,0,2024-12-05 04:39:00
29,72.9,16.54,35.69,33.75,35.52,normal,0,2024-08-11 19:48:00
6,71.22,19.31,27.13,42.68,22.84,normal,0,2024-11-02 13:17:00
80,68.16,16.05,60.93,38.89,63.91,normal,0,2024-04-21 00:16:00
86,89.14,18.91,41.18,36.86,68.04,normal,0,2024-06-08 20:36:00
88,78.77,16.82,51.33,37.9,52.44,normal,0,2024-07-26 03:08:00
1,62.81,8.33,32.75,33.27,69.63,normal,0,2024-01-02 11:35:00
49,93.7,19.08,14.17,28.37,10.0,normal,0,2024-03-09 21:49:00
68,67.55,15.59,27.55,34.23,31.7,normal,0,2024-10-22 07:02:00
4,76.74,16.14,42.82,30.93,51.93,normal,0,2024-10-06 00:51:00
35,-999.0,-65.45,427.55,-3.55,153.76,sensor_error,0,2024-12-26 04:21:00
88,78.59,13.35,31.79,36.92,24.65,normal,0,2024-07-01 23:22:00
14,65.59,19.89,33.03,34.15,59.61,normal,0,2024-12-22 22:39:00
52,69.81,13.91,36.0,34.09,60.56,normal,0,2024-08-02 20:21:00
55,75.96,24.01,52.8,30.35,36.06,normal,0,2024-04-23 12:04:00
25,82.93,18.78,20.5,35.1,59.46,normal,0,2024-01-29 02:17:00
27,83.53,16.73,37.4,38.29,25.78,normal,0,2024-04-13 22:17:00
34,75.21,15.58,44.77,27.93,71.2,normal,0,2024-12-18 18:38:00
45,92.81,11.55,46.01,35.09,33.56,normal,0,2024-04-27 02:25:00
50,59.19,17.63,32.25,29.61,46.08,normal,0,2024-01-05 04:24:00
52,76.33,16.83,14.89,29.39,34.44,normal,0,2024-12-30 03:52:00
23,70.52,19.08,50.47,40.93,72.41,normal,0,2024-06-06 18:14:00
72,44.35,57.74,30.89,44.72,50.96,real_anomaly,1,2024-10-31 20:43:00
61,66.89,11.24,22.12,30.62,21.27,normal,0,2024-05-26 13:00:00
98,68.76,7.29,21.0,36.2,26.05,normal,0,2024-09-28 15:59:00
32,81.77,12.18,34.8,37.81,39.49,normal,0,2024-08-17 02:18:00
5,78.4,17.01,19.23,47.93,70.87,normal,0,2024-12-25 18:57:00
2,79.44,17.6,26.95,32.58,17.91,normal,0,2024-05-17 14:56:00
27,91.81,9.67,59.2,20.08,39.21,normal,0,2024-07-30 00:19:00
24,76.96,17.08,34.5,34.84,36.82,normal,0,2024-10-08 12:03:00
88,94.08,10.4,35.25,31.28,84.27,normal,0,2024-09-04 03:18:00
76,71.12,9.47,44.35,41.44,53.86,normal,0,2024-02-04 15:39:00
94,65.66,6.87,67.59,34.33,68.27,normal,0,2024-06-28 20:50:00
15,70.79,18.83,53.09,39.6,52.87,normal,0,2024-09-18 14:58:00
49,60.47,17.63,36.88,43.79,48.03,normal,0,2024-08-06 16:39:00
95,83.67,17.53,45.5,38.42,56.55,normal,0,2024-12-29 10:51:00
60,69.19,14.3,21.38,32.98,47.67,normal,0,2024-12-03 04:42:00
46,71.3,22.76,17.81,35.67,47.32,normal,0,2024-10-08 02:02:00
22,86.53,18.11,37.66,30.41,65.66,normal,0,2024-09-11 23:28:00
9,86.3,16.49,50.82,29.45,41.27,normal,0,2024-01-23 02:28:00
69,73.1,23.51,27.84,35.07,52.34,normal,0,2024-09-06 00:56:00
66,84.73,10.19,25.08,32.32,39.29,normal,0,2024-12-26 01:18:00
44,72.48,22.37,31.68,33.47,41.32,normal,0,2024-01-24 15:21:00
62,85.01,13.05,38.44,33.56,33.73,normal,0,2024-06-24 11:00:00
56,82.04,14.33,11.31,36.3,37.17,normal,0,2024-01-01 23:10:00
55,70.08,15.39,30.79,28.54,41.17,normal,0,2024-06-14 19:01:00
2,80.59,12.53,21.97,38.1,31.3,normal,0,2024-02-23 22:37:00
93,117.28,47.06,29.47,44.53,37.74,real_anomaly,1,2024-03-19 12:34:00
13,76.74,15.86,38.4,33.87,41.07,normal,0,2024-06-11 08:55:00
27,89.47,16.58,34.52,41.73,73.56,normal,0,2024-06-20 07:25:00
60,72.34,12.71,23.02,32.61,58.7,normal,0,2024-09-10 23:57:00
87,80.35,8.56,34.18,37.8,45.99,normal,0,2024-09-03 01:51:00
94,399.2,-79.44,250.72,-12.0,250.77,sensor_error,0,2024-06-12 14:38:00
32,58.89,15.65,47.33,36.68,53.28,normal,0,2024-07-19 05:50:00
44,76.84,20.56,54.5,41.95,29.74,normal,0,2024-11-29 07:29:00
70,77.19,21.1,42.97,34.34,44.67,normal,0,2024-02-16 19:42:00
4,66.19,16.64,42.8,35.12,47.71,normal,0,2024-05-08 17:31:00
1,69.51,17.21,37.11,30.29,46.61,normal,0,2024-09-11 11:05:00
16,84.27,16.96,14.53,41.65,82.48,normal,0,2024-07-04 05:10:00
25,88.38,18.7,42.14,43.16,40.33,normal,0,2024-10-31 06:23:00
96,71.3,19.16,28.56,32.14,77.14,normal,0,2024-08-16 18:47:00
23,74.45,10.72,23.74,32.31,54.74,normal,0,2024-10-27 18:48:00
24,63.92,10.65,49.39,37.43,33.77,normal,0,2024-04-21 22:49:00
22,75.5,12.49,38.68,35.08,60.48,normal,0,2024-12-12 04:02:00
53,73.95,19.61,29.84,36.06,39.58,normal,0,2024-11-12 06:25:00
53,71.4,15.51,38.22,37.89,34.91,normal,0,2024-05-16 08:58:00
85,63.62,17.11,12.77,23.41,16.27,normal,0,2024-03-21 00:56:00
26,81.92,20.82,47.53,38.38,39.98,normal,0,2024-05-11 17:28:00
89,71.2,18.52,35.25,41.74,41.14,normal,0,2024-07-11 12:01:00
31,76.89,16.59,34.28,30.32,58.67,normal,0,2024-06-29 15:58:00
67,45.82,59.96,35.13,63.14,45.09,real_anomaly,1,2024-01-27 12:53:00
75,80.31,13.82,24.97,33.89,52.01,normal,0,2024-08-21 20:14:00
42,75.87,16.31,49.84,29.26,26.77,normal,0,2024-05-28 11:28:00
53,62.79,13.53,29.14,34.08,61.95,normal,0,2024-02-22 11:27:00
93,80.46,15.63,24.37,31.38,25.14,normal,0,2024-01-19 15:30:00
45,79.42,9.42,35.91,33.31,43.86,normal,0,2024-05-11 13:48:00
28,83.49,15.61,35.12,36.99,60.86,normal,0,2024-06-16 05:03:00
21,77.46,18.27,36.03,31.43,56.06,normal,0,2024-05-17 09:54:00
80,72.09,18.29,20.26,36.31,58.96,normal,0,2024-11-17 18:49:00
61,71.2,16.62,28.51,37.64,44.52,normal,0,2024-04-03 08:10:00
2,70.98,8.64,29.42,33.28,34.66,normal,0,2024-04-01 10:10:00
56,80.91,16.53,37.79,26.43,45.8,normal,0,2024-07-16 19:32:00
65,81.46,14.18,46.26,45.46,32.33,normal,0,2024-05-11 08:04:00
62,73.7,18.46,24.01,38.4,44.5,normal,0,2024-11-13 22:43:00
83,63.21,17.78,27.77,34.19,59.85,normal,0,2024-11-17 12:57:00
54,83.03,16.67,39.41,39.92,45.11,normal,0,2024-06-17 21:17:00
88,58.25,19.9,59.36,37.82,66.13,normal,0,2024-01-16 09:45:00
16,79.68,12.29,50.09,35.58,69.15,normal,0,2024-10-08 03:51:00
79,59.97,15.91,29.94,29.43,46.54,normal,0,2024-07-17 00:56:00
41,84.91,13.79,60.58,37.65,61.44,normal,0,2024-03-25 08:37:00
34,90.76,17.07,18.68,32.4,79.8,normal,0,2024-02-01 20:51:00
35,75.01,11.31,35.61,40.77,43.57,normal,0,2024-09-25 05:43:00
84,93.68,9.82,40.34,41.28,75.7,normal,0,2024-06-14 23:22:00
54,78.21,9.57,41.34,40.73,61.13,normal,0,2024-08-28 23:26:00
86,88.08,20.97,25.53,45.5,38.68,normal,0,2024-10-15 10:50:00
95,57.86,16.99,29.84,31.02,46.64,normal,0,2024-11-19 22:36:00
42,87.59,10.99,31.18,38.93,24.29,normal,0,2024-01-19 18:15:00
92,81.47,21.38,52.19,31.33,57.76,normal,0,2024-07-13 07:58:00
82,68.72,12.09,28.62,32.53,54.48,normal,0,2024-08-20 23:59:00
6,-999.0,-19.67,-16.42,-33.37,238.08,sensor_error,0,2024-05-20 00:48:00
47,83.73,13.14,29.46,39.45,41.62,normal,0,2024-07-07 08:50:00
86,76.42,14.9,31.15,32.68,67.46,normal,0,2024-09-30 01:21:00
32,79.58,21.22,27.58,39.94,55.0,normal,0,2024-07-28 01:43:00
92,84.1,20.06,29.62,37.99,29.16,normal,0,2024-07-20 21:04:00
88,72.54,17.3,26.57,31.58,61.47,normal,0,2024-07-08 04:05:00
48,84.8,10.67,34.64,39.05,53.89,normal,0,2024-05-19 16:35:00
25,77.58,13.41,14.96,34.55,39.59,normal,0,2024-06-11 15:24:00
4,69.0,15.33,40.47,26.68,51.4,normal,0,2024-01-29 05:59:00
85,74.38,12.04,25.27,34.88,33.02,normal,0,2024-09-22 07:21:00
14,58.94,13.38,43.74,41.67,45.8,normal,0,2024-11-01 05:58:00
32,41.98,38.16,32.04,46.43,40.37,real_anomaly,1,2024-12-19 05:21:00
51,79.36,18.99,24.05,37.61,27.69,normal,0,2024-04-03 02:01:00
65,79.63,11.52,20.2,31.23,75.4,normal,0,2024-08-24 23:39:00
27,85.78,16.4,47.21,38.74,26.19,normal,0,2024-02-06 02:00:00
76,67.34,10.65,25.87,43.63,54.55,normal,0,2024-10-04 23:58:00
95,73.7,13.52,45.58,34.49,51.68,normal,0,2024-02-14 22:29:00
82,82.07,10.9,17.05,36.2,68.62,normal,0,2024-05-18 03:43:00
4,85.16,14.41,28.13,26.45,60.9,normal,0,2024-07-29 17:49:00
10,73.92,18.8,46.44,30.39,51.79,normal,0,2024-12-19 04:55:00
56,81.44,14.52,42.16,33.92,46.9,normal,0,2024-07-17 06:06:00
62,75.25,11.03,51.1,39.31,53.67,normal,0,2024-07-05 11:09:00
40,74.1,15.87,66.8,36.77,35.03,normal,0,2024-11-03 20:13:00
53,87.28,16.0,20.89,40.61,49.6,normal,0,2024-03-29 08:20:00
40,72.03,18.67,40.14,26.41,74.27,normal,0,2024-11-14 05:53:00
83,63.95,16.62,50.36,36.46,31.78,normal,0,2024-12-14 03:24:00
44,105.16,53.27,37.78,41.14,54.75,real_anomaly,1,2024-08-07 12:28:00
72,87.69,12.81,30.3,37.13,78.56,normal,0,2024-12-15 13:20:00
4,355.92,486.91,435.91,-43.57,262.41,sensor_error,0,2024-04-06 13:55:00
3,84.89,22.75,38.85,38.16,34.11,normal,0,2024-03-28 15:26:00
88,81.05,9.81,37.27,35.94,40.23,normal,0,2024-02-29 15:56:00
100,68.97,8.07,47.46,37.26,39.68,normal,0,2024-12-21 19:39:00
65,83.81,14.89,50.73,41.19,62.85,normal,0,2024-01-05 06:25:00
70,68.17,10.58,43.06,38.67,39.68,normal,0,2024-02-09 17:14:00
4,73.28,16.7,20.41,34.38,47.76,normal,0,2024-02-29 09:32:00
87,71.34,13.97,26.49,30.82,63.93,normal,0,2024-09-03 18:41:00
69,77.42,16.82,29.63,41.74,65.73,normal,0,2024-03-30 18:12:00
19,74.33,17.78,40.02,40.27,41.41,normal,0,2024-04-04 09:16:00
74,77.69,17.51,33.29,33.67,57.42,normal,0,2024-09-11 20:26:00
77,83.96,13.71,47.58,35.71,50.64,normal,0,2024-05-03 07:13:00
9,94.34,16.39,42.43,33.4,47.36,normal,0,2024-06-21 10:25:00
78,79.35,16.29,39.56,40.1,63.58,normal,0,2024-07-13 22:11:00
1,68.7,14.24,19.32,27.08,67.29,normal,0,2024-09-10 18:53:00
51,71.44,16.93,33.63,35.47,49.52,normal,0,2024-06-17 07:10:00
57,71.01,9.44,28.25,42.11,70.06,normal,0,2024-01-12 13:28:00
55,82.29,12.75,36.22,33.01,63.4,normal,0,2024-03-29 03:53:00
45,79.57,16.57,37.09,32.58,47.8,normal,0,2024-07-07 20:53:00
45,82.02,19.24,30.04,35.19,55.6,normal,0,2024-03-04 01:10:00
65,69.97,15.01,34.59,34.8,63.18,normal,0,2024-02-29 07:45:00
98,77.64,15.83,34.99,33.16,26.12,normal,0,2024-04-06 06:40:00
29,87.24,14.71,50.57,37.39,76.32,normal,0,2024-04-07 22:00:00
58,92.76,20.91,33.68,39.87,51.43,normal,0,2024-09-01 17:53:00
65,66.29,18.05,37.88,31.91,72.78,normal,0,2024-12-19 14:59:00
22,81.02,20.79,40.67,30.07,42.89,normal,0,2024-11-19 01:49:00
2,68.04,15.42,17.17,42.71,53.46,normal,0,2024-03-08 01:52:00
24,68.3,15.1,38.05,39.44,12.8,normal,0,2024-06-11 03:54:00
32,67.92,17.23,58.89,40.85,59.13,normal,0,2024-01-16 08:10:00
82,78.49,9.51,24.23,37.14,51.36,normal,0,2024-06-18 08:24:00
46,72.32,18.97,39.78,39.35,61.87,normal,0,2024-07-03 07:47:00
91,80.25,15.59,34.03,37.42,53.25,normal,0,2024-07-02 23:38:00
26,90.95,10.38,21.94,28.72,28.5,normal,0,2024-09-20 11:26:00
76,80.13,4.21,24.71,38.85,80.9,normal,0,2024-04-07 13:06:00
97,68.81,22.25,37.28,37.43,75.5,normal,0,2024-10-03 15:40:00
69,74.01,20.23,34.73,38.31,58.34,normal,0,2024-07-17 18:29:00
6,87.43,14.33,30.08,28.22,65.98,normal,0,2024-06-29 14:41:00
27,81.58,8.68,22.84,38.34,67.58,normal,0,2024-09-30 16:58:00
1,71.34,15.82,41.3,30.2,74.43,normal,0,2024-05-12 06:58:00
39,71.48,18.04,42.96,29.88,34.48,normal,0,2024-01-23 16:59:00
25,72.95,14.6,43.68,32.56,42.33,normal,0,2024-04-15 09:19:00
23,80.78,19.64,4.74,27.38,44.5,normal,0,2024-03-26 04:50:00
15,74.97,21.02,37.19,30.63,74.73,normal,0,2024-03-13 17:01:00
22,83.95,15.91,42.05,32.46,39.7,normal,0,2024-10-20 21:04:00
85,71.05,15.36,27.24,38.75,68.42,normal,0,2024-02-14 01:40:00
28,63.64,19.89,34.07,40.58,82.49,normal,0,2024-05-17 22:33:00
13,76.07,17.52,39.19,37.12,48.66,normal,0,2024-12-15 16:35:00
51,65.58,19.76,47.22,35.32,84.41,normal,0,2024-11-29 03:52:00
51,72.23,6.93,32.96,34.59,75.13,normal,0,2024-10-12 12:55:00
18,73.4,8.15,35.25,36.38,70.76,normal,0,2024-11-28 17:12:00
88,82.48,20.88,45.45,32.9,24.11,normal,0,2024-11-10 12:07:00
92,73.32,13.26,45.25,29.13,72.27,normal,0,2024-07-08 02:40:00
63,73.28,19.8,48.47,36.66,57.62,normal,0,2024-09-16 08:42:00
58,72.99,7.64,31.83,26.49,56.63,normal,0,2024-03-19 21:07:00
85,77.64,12.16,31.1,37.77,57.98,normal,0,2024-03-21 16:21:00
82,80.82,14.36,8.06,36.31,43.04,normal,0,2024-05-28 06:09:00
89,79.21,18.8,15.97,30.7,34.97,normal,0,2024-06-23 23:24:00
44,93.59,17.91,25.85,28.31,40.27,normal,0,2024-02-28 16:44:00
69,85.58,9.75,33.53,42.16,59.05,normal,0,2024-04-11 05:04:00
3,52.07,14.37,35.25,34.87,67.62,normal,0,2024-06-02 16:44:00
97,82.93,16.11,27.61,30.35,50.33,normal,0,2024-02-18 02:12:00
58,87.67,16.09,28.77,37.52,83.63,normal,0,2024-04-27 18:27:00
95,79.14,24.1,23.45,33.3,35.89,normal,0,2024-06-07 08:11:00
33,69.85,8.62,17.79,34.9,29.54,normal,0,2024-11-08 00:16:00
6,70.32,18.71,29.97,34.79,46.64,normal,0,2024-11-25 18:26:00
94,56.49,15.64,46.15,30.88,54.3,normal,0,2024-07-20 12:15:00
90,87.94,17.22,21.65,39.25,29.1,normal,0,2024-02-25 05:43:00
39,73.85,12.31,27.31,33.68,58.0,normal,0,2024-08-07 21:58:00
76,85.04,22.4,32.54,34.47,40.59,normal,0,2024-11-15 07:42:00
5,91.33,9.99,43.42,37.42,64.08,normal,0,2024-02-20 19:18:00
1,85.03,12.17,38.88,37.39,28.72,normal,0,2024-12-09 23:28:00
98,88.66,19.39,33.01,33.31,53.84,normal,0,2024-06-04 12:49:00
58,69.78,13.26,32.68,30.72,34.5,normal,0,2024-11-28 00:31:00
49,81.95,18.53,38.01,38.32,59.22,normal,0,2024-04-28 16:30:00
39,67.99,14.22,60.18,50.74,34.12,normal,0,2024-02-10 06:23:00
34,70.12,13.0,16.65,38.53,66.12,normal,0,2024-01-18 14:24:00
24,73.16,14.6,13.5,35.05,51.34,normal,0,2024-10-26 12:28:00
13,72.26,12.24,43.66,35.72,48.93,normal,0,2024-01-09 12:25:00
17,71.97,16.92,47.07,39.13,31.94,normal,0,2024-04-17 04:37:00
45,84.09,8.91,47.82,37.97,41.24,normal,0,2024-08-18 09:06:00
3,80.58,17.14,57.38,41.47,76.47,normal,0,2024-05-05 07:13:00
52,82.57,14.65,32.25,36.51,42.67,normal,0,2024-09-01 02:12:00
37,80.31,23.23,43.69,31.03,44.96,normal,0,2024-03-16 02:19:00
64,76.95,12.55,0.45,45.13,16.12,normal,0,2024-09-08 11:43:00
80,75.65,20.72,41.32,36.11,33.42,normal,0,2024-03-10 02:28:00
57,69.3,10.54,28.7,28.71,42.74,normal,0,2024-06-28 07:03:00
3,79.6,20.65,24.27,26.72,77.67,normal,0,2024-10-23 10:06:00
94,77.91,11.53,23.28,32.74,53.38,normal,0,2024-05-05 03:06:00
85,75.49,12.7,21.82,34.54,60.55,normal,0,2024-05-17 15:03:00
65,82.17,13.25,57.35,38.84,90.84,normal,0,2024-10-12 00:34:00
93,85.58,18.14,17.51,31.76,49.41,normal,0,2024-12-14 23:28:00
89,88.69,12.16,18.66,35.84,53.02,normal,0,2024-11-05 12:37:00
43,67.9,24.7,5.11,39.41,43.41,normal,0,2024-02-06 14:31:00
37,73.54,22.54,30.27,46.62,63.47,normal,0,2024-01-09 02:00:00
7,79.22,11.75,41.79,37.97,62.04,normal,0,2024-07-01 15:38:00
93,70.7,18.89,50.42,38.74,57.87,normal,0,2024-09-23 11:42:00
23,82.15,17.87,28.84,29.96,33.31,normal,0,2024-05-13 10:09:00
96,77.85,22.16,26.94,36.58,53.28,normal,0,2024-09-15 17:17:00
45,76.28,17.75,16.61,33.48,79.0,normal,0,2024-10-09 07:17:00
48,57.71,23.24,19.34,41.18,50.61,normal,0,2024-09-15 21:18:00
14,78.51,8.63,37.76,40.46,46.07,normal,0,2024-11-17 09:01:00
80,73.57,14.93,18.21,32.78,80.6,normal,0,2024-12-22 17:34:00
10,69.29,11.83,39.87,44.72,55.44,normal,0,2024-06-10 14:50:00
20,100.0,17.63,32.31,41.94,47.09,normal,0,2024-09-20 08:05:00
83,72.8,12.72,61.45,34.23,45.1,normal,0,2024-03-23 00:50:00
84,84.67,15.06,39.56,32.22,52.89,normal,0,2024-08-22 06:15:00
41,75.6,12.67,13.81,41.25,68.25,normal,0,2024-02-28 03:09:00
34,78.15,19.99,62.08,40.59,44.19,normal,0,2024-06-09 03:03:00
80,80.74,13.92,22.03,40.48,68.22,normal,0,2024-03-03 22:11:00
100,75.11,7.05,37.62,34.59,40.51,normal,0,2024-05-23 20:40:00
86,77.19,10.7,53.1,29.41,45.5,normal,0,2024-03-16 21:49:00
12,66.72,13.29,41.7,31.64,43.91,normal,0,2024-06-27 09:08:00
34,78.76,11.53,0.46,29.01,95.0,normal,0,2024-07-18 16:03:00
62,79.79,10.41,27.07,29.68,57.57,normal,0,2024-12-16 02:14:00
20,78.72,20.63,34.19,27.29,39.21,normal,0,2024-07-30 08:36:00
6,67.45,13.05,35.59,23.72,62.59,normal,0,2024-02-12 10:44:00
61,92.24,16.13,55.73,29.44,58.27,normal,0,2024-10-15 16:31:00
5,81.25,8.79,45.02,34.65,40.92,normal,0,2024-06-17 16:16:00
100,70.71,9.13,16.87,41.83,50.49,normal,0,2024-09-08 14:42:00
95,77.29,7.25,43.66,39.98,43.05,normal,0,2024-10-20 08:07:00
58,71.42,14.05,10.63,25.69,36.51,normal,0,2024-01-29 13:40:00
90,70.66,14.08,23.99,27.19,55.96,normal,0,2024-07-29 01:37:00
77,82.27,11.97,15.92,38.98,37.29,normal,0,2024-06-09 05:17:00
38,80.84,15.35,44.04,38.96,60.05,normal,0,2024-11-14 03:53:00
33,82.61,18.25,35.67,28.46,46.23,normal,0,2024-10-18 05:18:00
18,76.51,23.49,31.39,40.41,58.26,normal,0,2024-06-30 17:25:00
33,69.16,7.49,56.34,29.92,21.31,normal,0,2024-02-17 12:38:00
40,68.28,17.62,32.75,39.19,63.36,normal,0,2024-07-24 19:43:00
96,76.97,13.86,26.55,34.16,28.93,normal,0,2024-03-01 15:50:00
12,86.31,18.69,48.86,32.42,16.43,normal,0,2024-05-27 18:55:00
97,74.16,15.02,33.56,35.09,64.56,normal,0,2024-03-21 09:01:00
79,63.99,11.52,39.37,25.97,53.61,normal,0,2024-11-14 20:55:00
58,80.57,16.13,53.78,43.68,28.02,normal,0,2024-10-22 10:10:00
88,71.71,18.21,31.63,39.8,41.87,normal,0,2024-09-16 01:49:00
56,82.21,12.05,18.11,46.69,33.74,normal,0,2024-11-29 23:18:00
4,84.27,17.16,39.67,30.26,91.76,normal,0,2024-04-09 18:29:00
41,81.74,12.39,20.22,34.74,58.28,normal,0,2024-07-06 08:10:00
16,80.87,8.06,36.29,38.58,51.0,normal,0,2024-08-18 15:34:00
3,73.21,14.91,41.26,31.09,54.7,normal,0,2024-07-29 09:29:00
47,88.64,21.26,28.19,34.11,64.67,normal,0,2024-11-06 07:28:00
9,71.56,19.89,43.24,32.83,41.27,normal,0,2024-07-23 09:42:00
28,76.19,16.49,28.33,30.45,17.93,normal,0,2024-05-19 22:46:00
58,66.97,16.74,53.88,29.86,51.12,normal,0,2024-01-12 21:10:00
23,87.75,14.54,32.74,32.77,45.18,normal,0,2024-08-11 01:25:00
56,72.15,12.58,22.97,39.97,27.07,normal,0,2024-02-04 04:18:00
14,78.52,11.21,18.81,34.36,54.4,normal,0,2024-01-30 00:49:00
87,76.53,2.52,17.85,31.8,54.4,normal,0,2024-10-03 15:18:00
39,64.0,15.73,28.59,30.18,56.54,normal,0,2024-01-19 04:02:00
66,88.12,19.28,27.85,29.83,34.29,normal,0,2024-11-13 12:22:00
95,62.52,13.44,38.74,34.1,74.72,normal,0,2024-09-05 22:29:00
21,64.66,14.16,11.96,31.05,57.1,normal,0,2024-09-27 12:39:00
75,78.12,15.73,32.63,31.95,59.03,normal,0,2024-04-11 22:43:00
19,76.67,7.59,25.57,36.34,52.15,normal,0,2024-05-01 02:27:00
13,78.05,8.21,29.92,33.78,50.84,normal,0,2024-07-04 16:56:00
72,68.68,10.41,26.41,43.01,38.54,normal,0,2024-08-05 02:44:00
12,88.35,19.88,38.34,41.86,89.97,normal,0,2024-09-08 21:05:00
56,78.0,13.12,45.07,20.0,52.19,normal,0,2024-11-24 00:57:00
41,74.65,16.08,39.06,30.94,39.64,normal,0,2024-02-02 19:26:00
90,76.82,19.43,41.22,30.67,75.35,normal,0,2024-03-20 09:37:00
73,68.35,14.69,38.36,38.49,43.78,normal,0,2024-01-16 08:48:00
88,77.38,15.96,36.08,26.06,49.51,normal,0,2024-04-15 09:33:00
67,65.67,13.38,29.96,38.81,58.07,normal,0,2024-11-11 14:50:00
32,70.72,17.47,29.37,31.13,51.12,normal,0,2024-08-23 23:57:00
87,75.76,13.41,33.56,44.88,58.0,normal,0,2024-02-21 19:32:00
36,84.33,14.56,52.18,36.78,67.44,normal,0,2024-10-31 22:52:00
85,70.43,14.79,52.9,32.13,24.99,normal,0,2024-08-12 03:55:00
67,82.77,23.13,46.21,36.9,80.0,normal,0,2024-06-19 21:34:00
25,79.98,16.15,59.77,33.23,58.05,normal,0,2024-02-16 06:50:00
34,79.73,19.29,47.06,25.82,47.85,normal,0,2024-08-23 20:55:00
71,74.32,17.12,33.17,37.36,55.17,normal,0,2024-11-10 23:06:00
2,-37.62,-10.72,-32.14,-22.08,-16.18,sensor_error,0,2024-12-26 00:05:00
63,79.97,14.25,24.24,36.44,64.31,normal,0,2024-11-26 09:40:00
78,77.15,14.28,25.44,42.56,48.27,normal,0,2024-11-19 05:54:00
99,80.68,9.75,37.86,42.32,69.27,normal,0,2024-11-27 03:31:00
36,88.43,15.79,32.2,31.9,80.51,normal,0,2024-03-21 03:39:00
16,85.42,16.32,47.33,39.62,19.03,normal,0,2024-02-01 18:47:00
47,85.08,7.93,53.81,40.3,53.96,normal,0,2024-11-22 22:05:00
30,80.39,18.65,43.04,40.67,63.75,normal,0,2024-04-28 22:16:00
34,-44.5,-60.4,432.73,-37.18,-26.15,sensor_error,0,2024-07-15 19:40:00
96,63.13,16.36,28.91,38.88,37.98,normal,0,2024-08-20 15:30:00
84,76.57,14.51,21.42,27.71,46.36,normal,0,2024-08-29 09:21:00
3,86.59,7.57,21.31,39.06,65.59,normal,0,2024-07-23 15:26:00
45,65.45,20.34,31.31,30.51,43.88,normal,0,2024-12-01 13:34:00
41,86.62,19.27,53.08,25.92,36.47,normal,0,2024-11-20 12:17:00
59,64.3,17.91,28.18,46.95,31.98,normal,0,2024-04-29 23:12:00
49,87.53,12.36,24.55,47.06,47.79,normal,0,2024-03-21 13:34:00
26,86.16,12.38,41.43,33.54,51.06,normal,0,2024-10-20 02:35:00
81,78.98,17.45,53.41,34.78,39.08,normal,0,2024-10-21 21:42:00
14,65.47,23.98,24.92,32.56,40.01,normal,0,2024-05-31 02:01:00
3,-17.84,348.9,299.52,-29.63,-33.64,sensor_error,0,2024-05-17 19:30:00
75,77.7,12.69,35.45,36.79,69.6,normal,0,2024-02-12 21:54:00
86,44.31,58.6,40.51,51.48,68.68,real_anomaly,1,2024-07-17 21:00:00
20,77.52,11.89,28.73,35.11,53.11,normal,0,2024-10-10 20:51:00
8,73.62,11.93,51.21,41.53,50.72,normal,0,2024-01-13 00:20:00
43,61.62,20.38,33.29,27.95,33.78,normal,0,2024-11-04 10:38:00
33,85.99,21.84,26.6,36.58,54.37,normal,0,2024-01-05 19:55:00
91,62.26,10.09,29.34,36.39,54.46,normal,0,2024-01-16 06:32:00
62,67.28,11.13,56.45,37.94,31.97,normal,0,2024-01-06 11:25:00
78,62.96,7.77,45.12,32.56,24.32,normal,0,2024-12-24 19:24:00
27,82.37,15.17,48.83,28.76,54.65,normal,0,2024-02-25 23:37:00
13,60.96,12.51,16.99,43.93,53.81,normal,0,2024-05-28 02:52:00
97,83.76,10.02,28.12,34.47,46.71,normal,0,2024-05-02 23:20:00
64,73.4,12.59,41.71,41.17,63.4,normal,0,2024-04-27 06:17:00
54,85.54,14.97,16.22,42.68,52.04,normal,0,2024-06-14 16:39:00
89,77.7,23.82,35.26,42.81,54.15,normal,0,2024-08-03 01:46:00
80,64.26,16.58,31.7,35.21,55.83,normal,0,2024-08-15 05:13:00
77,85.52,17.17,28.62,32.6,50.52,normal,0,2024-01-28 01:24:00
80,76.62,19.12,43.33,37.27,50.77,normal,0,2024-01-28 18:10:00
50,74.07,11.98,40.16,32.95,65.66,normal,0,2024-04-29 20:03:00
86,72.17,17.2,37.47,38.6,80.86,normal,0,2024-08-22 12:10:00
42,81.3,7.83,42.6,38.39,51.27,normal,0,2024-11-13 15:09:00
43,68.14,13.84,48.33,35.46,44.85,normal,0,2024-03-19 09:25:00
65,80.9,15.74,36.94,26.57,69.6,normal,0,2024-10-19 04:20:00
92,75.31,4.67,34.35,36.02,70.15,normal,0,2024-03-01 00:35:00
54,79.73,13.49,31.04,30.23,16.85,normal,0,2024-04-10 12:38:00
58,69.23,10.52,22.37,38.98,26.11,normal,0,2024-09-01 09:55:00
38,81.77,17.24,27.49,33.79,69.15,normal,0,2024-04-18 14:08:00
19,80.62,10.46,22.69,39.55,74.83,normal,0,2024-12-20 00:48:00
60,74.9,17.08,32.05,30.05,20.52,normal,0,2024-04-16 09:23:00
86,86.08,15.02,15.42,33.11,30.37,normal,0,2024-01-13 21:15:00
71,65.6,12.49,58.57,36.44,28.86,normal,0,2024-04-13 23:16:00
89,87.52,14.39,20.67,28.55,52.38,normal,0,2024-10-12 07:46:00
20,72.17,11.63,31.04,29.54,73.78,normal,0,2024-09-01 08:22:00
4,78.68,17.43,37.67,38.1,71.41,normal,0,2024-01-19 19:54:00
43,91.38,9.23,46.24,45.43,79.44,normal,0,2024-10-04 22:18:00
44,81.56,16.01,32.6,33.24,48.93,normal,0,2024-07-20 02:49:00
50,74.6,6.91,30.01,34.57,48.74,normal,0,2024-10-12 14:28:00
5,74.36,11.81,24.38,40.37,32.94,normal,0,2024-04-22 03:51:00
65,75.09,13.79,27.28,39.34,43.77,normal,0,2024-03-09 07:03:00
64,64.21,7.92,26.44,35.62,43.58,normal,0,2024-11-17 18:33:00
63,53.46,11.03,24.59,40.74,53.86,normal,0,2024-02-09 06:50:00
65,68.02,13.78,48.43,31.38,44.19,normal,0,2024-01-18 23:58:00
7,82.22,17.32,35.06,35.61,61.36,normal,0,2024-12-18 17:23:00
91,87.66,19.27,37.81,36.19,73.18,normal,0,2024-05-05 13:51:00
19,79.33,18.77,31.14,28.0,58.94,normal,0,2024-07-08 11:43:00
44,66.35,16.47,22.04,38.02,42.33,normal,0,2024-04-12 07:01:00
27,72.2,13.63,25.73,31.61,65.35,normal,0,2024-03-15 22:20:00
73,77.97,15.15,17.65,38.44,56.72,normal,0,2024-02-08 21:16:00
87,79.45,16.91,42.54,33.24,34.76,normal,0,2024-04-18 12:20:00
43,85.09,11.14,36.75,36.57,66.63,normal,0,2024-04-22 08:56:00
54,74.63,17.22,38.71,34.61,44.87,normal,0,2024-04-21 08:07:00
15,74.09,22.14,35.72,37.01,44.04,normal,0,2024-06-22 10:48:00
62,67.55,24.63,31.28,33.15,52.36,normal,0,2024-07-06 00:53:00
7,68.43,11.42,18.42,36.46,42.13,normal,0,2024-08-23 23:34:00
87,74.23,18.81,38.04,32.18,32.49,normal,0,2024-05-13 06:25:00
12,72.37,6.96,35.2,37.88,67.79,normal,0,2024-08-17 17:20:00
96,79.11,12.4,43.78,33.5,64.02,normal,0,2024-09-08 04:46:00
87,79.31,19.72,48.14,38.03,57.65,normal,0,2024-01-06 06:49:00
46,73.77,12.75,40.77,36.42,33.06,normal,0,2024-05-18 20:02:00
81,75.92,10.62,34.87,40.69,54.49,normal,0,2024-11-13 09:53:00
63,50.0,18.94,59.6,36.12,38.72,normal,0,2024-01-19 01:14:00
42,65.1,18.32,23.41,38.56,55.91,normal,0,2024-08-31 05:45:00
60,74.17,12.57,28.79,33.32,40.47,normal,0,2024-11-21 08:58:00
91,56.69,16.41,47.78,35.19,55.9,normal,0,2024-05-03 23:45:00
45,87.58,16.18,38.07,29.48,56.03,normal,0,2024-12-12 21:41:00
92,81.44,5.14,38.12,46.03,73.55,normal,0,2024-02-17 23:30:00
29,77.27,16.59,52.79,30.19,63.79,normal,0,2024-07-12 15:43:00
66,72.84,15.67,30.91,31.85,63.14,normal,0,2024-12-25 17:40:00
42,89.28,18.09,39.71,32.79,44.07,normal,0,2024-12-02 19:56:00
81,88.39,15.86,29.32,37.31,63.8,normal,0,2024-09-23 16:12:00
100,93.72,15.66,40.07,30.34,39.58,normal,0,2024-06-23 23:02:00
69,64.79,13.14,41.94,35.64,58.62,normal,0,2024-12-13 09:22:00
28,78.96,15.6,51.94,35.52,47.28,normal,0,2024-04-20 17:05:00
13,84.42,15.75,17.26,28.45,51.44,normal,0,2024-01-27 06:44:00
67,68.89,14.23,57.98,39.8,86.07,normal,0,2024-03-21 22:25:00
88,79.25,11.65,0.94,32.34,44.01,normal,0,2024-12-09 09:53:00
11,83.93,12.21,26.55,39.99,10.0,normal,0,2024-01-29 09:22:00
98,67.92,17.67,29.53,34.93,79.22,normal,0,2024-12-14 19:15:00
21,83.2,14.28,38.51,38.23,57.13,normal,0,2024-12-17 15:18:00
75,73.78,12.5,18.77,38.29,82.91,normal,0,2024-12-26 08:59:00
66,64.82,10.35,31.16,34.73,55.84,normal,0,2024-08-01 04:11:00
74,75.86,13.28,33.03,32.9,50.12,normal,0,2024-11-07 09:13:00
5,84.13,20.29,52.39,37.14,73.83,normal,0,2024-03-10 09:29:00
38,81.3,20.48,57.54,43.91,37.2,normal,0,2024-07-16 09:22:00
12,74.54,11.43,35.95,29.83,71.22,normal,0,2024-05-03 10:02:00
20,79.09,24.94,26.29,37.71,55.51,normal,0,2024-02-18 09:25:00
2,74.67,15.65,45.09,39.99,61.47,normal,0,2024-12-27 04:08:00
87,68.08,17.31,55.98,27.82,49.51,normal,0,2024-01-16 22:17:00
62,81.96,14.2,37.72,29.19,73.17,normal,0,2024-09-28 08:04:00
16,78.87,12.2,37.97,33.36,56.23,normal,0,2024-08-02 23:20:00
42,74.63,10.4,28.06,32.65,43.9,normal,0,2024-11-17 08:48:00
49,77.37,8.85,34.94,38.11,48.91,normal,0,2024-01-19 02:27:00
8,100.0,13.99,27.08,31.58,41.97,normal,0,2024-09-15 16:49:00
9,80.3,20.98,18.92,29.96,44.01,normal,0,2024-10-18 03:31:00
29,76.99,16.41,37.17,31.8,32.73,normal,0,2024-01-01 21:28:00
24,87.47,12.78,51.26,41.53,26.11,normal,0,2024-01-17 23:04:00
40,64.06,14.54,40.6,43.34,79.29,normal,0,2024-03-27 08:31:00
42,79.4,15.3,33.09,26.19,43.43,normal,0,2024-07-03 05:20:00
29,95.33,9.0,37.9,42.9,59.87,normal,0,2024-08-07 10:55:00
31,78.06,22.4,35.0,31.15,55.08,normal,0,2024-03-30 16:55:00
50,87.65,16.77,28.22,37.66,53.01,normal,0,2024-12-20 19:26:00
68,84.96,10.62,55.62,40.82,48.21,normal,0,2024-01-22 15:47:00
1,76.94,13.16,30.07,37.72,46.54,normal,0,2024-01-26 07:52:00
6,80.77,13.55,25.34,41.64,48.35,normal,0,2024-11-15 21:15:00
5,75.9,13.0,37.54,35.28,24.97,normal,0,2024-05-08 08:21:00
64,79.18,20.74,26.42,42.44,43.6,normal,0,2024-10-06 00:42:00
87,73.08,10.54,26.98,37.19,57.52,normal,0,2024-05-15 05:53:00
86,70.75,13.85,39.22,32.33,45.45,normal,0,2024-06-10 02:13:00
2,84.05,20.63,22.0,38.94,49.05,normal,0,2024-03-01 06:05:00
80,66.33,18.65,29.5,46.89,16.64,normal,0,2024-02-11 05:21:00
1,82.82,18.39,44.11,40.0,80.16,normal,0,2024-09-04 04:24:00
55,75.94,19.27,28.46,35.25,38.09,normal,0,2024-04-15 21:37:00
28,71.66,15.9,48.81,35.45,48.32,normal,0,2024-05-27 21:23:00
92,84.63,12.98,35.73,36.94,72.09,normal,0,2024-09-26 02:22:00
46,80.5,14.49,36.24,39.99,55.26,normal,0,2024-04-27 11:55:00
52,64.02,20.51,22.11,41.73,40.61,normal,0,2024-06-30 15:45:00
93,85.29,22.62,27.49,33.97,38.33,normal,0,2024-11-15 21:38:00
50,83.91,22.34,53.82,35.67,56.4,normal,0,2024-06-04 05:55:00
85,90.15,18.84,25.8,31.55,46.68,normal,0,2024-02-20 03:33:00
41,67.93,12.89,53.41,32.27,40.12,normal,0,2024-12-04 02:36:00
88,83.21,10.84,18.58,35.45,56.58,normal,0,2024-06-19 12:42:00
69,67.52,13.25,25.04,35.09,60.85,normal,0,2024-01-30 05:09:00
100,86.51,16.59,13.39,29.45,40.73,normal,0,2024-12-28 02:26:00
25,75.08,7.56,39.71,35.35,49.46,normal,0,2024-07-01 08:23:00
57,79.48,16.19,51.77,43.93,14.61,normal,0,2024-03-30 03:45:00
5,82.78,12.55,28.44,33.98,54.42,normal,0,2024-04-15 22:01:00
95,85.62,19.82,23.58,39.21,52.28,normal,0,2024-05-19 10:45:00
47,75.14,9.45,31.28,34.05,22.57,normal,0,2024-10-02 13:34:00
75,65.59,9.84,41.48,36.3,58.34,normal,0,2024-12-30 18:26:00
96,85.29,19.12,19.24,35.02,52.68,normal,0,2024-06-04 04:18:00
9,57.59,22.65,55.16,33.62,76.57,normal,0,2024-12-23 08:43:00
75,85.87,6.67,35.09,24.45,56.5,normal,0,2024-10-21 09:37:00
59,90.73,12.91,54.84,29.14,59.28,normal,0,2024-08-10 15:12:00
22,66.73,16.47,38.67,32.96,33.24,normal,0,2024-03-26 13:23:00
34,76.82,14.35,36.75,40.31,33.25,normal,0,2024-07-18 07:07:00
23,79.36,11.7,42.05,34.64,81.11,normal,0,2024-02-21 09:10:00
6,79.03,18.26,52.48,34.81,44.21,normal,0,2024-12-07 19:22:00
89,80.83,13.82,50.38,30.45,55.16,normal,0,2024-08-08 16:28:00
81,82.89,23.24,38.96,39.49,52.21,normal,0,2024-09-11 15:26:00
34,62.88,20.81,32.18,29.46,44.18,normal,0,2024-01-18 23:32:00
45,61.28,16.78,34.45,35.65,48.51,normal,0,2024-02-24 23:00:00
6,80.43,15.04,15.06,35.55,59.62,normal,0,2024-08-29 03:54:00
24,71.45,21.01,45.36,28.79,53.65,normal,0,2024-12-24 03:28:00
41,54.18,10.28,29.68,45.68,34.07,normal,0,2024-09-16 01:36:00
34,71.88,15.65,14.28,37.08,73.19,normal,0,2024-08-05 11:04:00
61,70.82,18.0,22.79,28.18,56.03,normal,0,2024-07-05 16:14:00
100,71.82,14.03,49.79,37.58,71.69,normal,0,2024-05-12 01:34:00
49,81.09,20.4,38.01,38.34,43.35,normal,0,2024-08-01 22:36:00
61,78.2,14.35,32.4,34.32,68.45,normal,0,2024-07-01 14:53:00
14,-30.8,-15.13,444.37,-28.12,-44.79,sensor_error,0,2024-03-26 06:34:00
24,81.32,18.5,38.46,34.14,41.96,normal,0,2024-07-30 01:42:00
81,78.33,10.87,18.25,41.11,56.53,normal,0,2024-03-08 19:50:00
93,78.67,21.01,43.46,33.91,71.36,normal,0,2024-06-20 01:13:00
93,71.34,13.94,28.78,33.29,49.43,normal,0,2024-12-10 14:11:00
19,70.02,14.49,44.97,35.21,76.32,normal,0,2024-09-03 10:43:00
64,81.23,14.7,39.57,31.3,11.72,normal,0,2024-06-05 05:39:00
18,62.06,13.25,38.66,38.44,70.47,normal,0,2024-06-11 11:53:00
39,77.2,15.26,11.35,33.4,71.58,normal,0,2024-12-13 16:29:00
90,75.06,5.66,30.33,33.6,48.74,normal,0,2024-01-08 09:58:00
66,78.1,19.3,40.16,36.81,57.59,normal,0,2024-10-02 07:59:00
59,73.69,17.65,51.14,34.98,53.61,normal,0,2024-09-02 13:06:00
59,77.03,14.24,33.98,42.48,60.69,normal,0,2024-03-01 15:22:00
7,80.0,13.44,22.77,34.48,29.47,normal,0,2024-02-20 20:11:00
55,73.89,18.36,36.41,29.68,58.47,normal,0,2024-09-21 08:54:00
30,86.87,16.31,64.63,34.88,56.36,normal,0,2024-05-24 07:56:00
99,65.21,18.53,35.45,34.32,51.54,normal,0,2024-06-30 09:48:00
69,85.95,12.45,35.5,31.43,45.53,normal,0,2024-05-26 18:33:00
65,77.56,19.04,43.49,47.33,46.09,normal,0,2024-05-03 07:27:00
82,91.34,11.69,45.9,35.32,79.73,normal,0,2024-08-26 17:07:00
50,72.72,14.91,37.28,39.59,82.56,normal,0,2024-05-18 04:11:00
65,72.81,15.55,19.57,35.58,49.45,normal,0,2024-06-02 22:58:00
6,83.37,17.54,23.91,28.34,43.1,normal,0,2024-09-18 02:22:00
81,100.0,13.03,13.9,29.92,32.28,normal,0,2024-12-17 06:29:00
26,77.44,16.25,8.92,27.41,91.17,normal,0,2024-11-10 03:55:00
5,83.36,17.49,31.57,36.53,68.6,normal,0,2024-09-15 07:45:00
35,85.8,16.33,50.42,24.61,58.14,normal,0,2024-10-24 21:52:00
91,69.28,14.5,27.6,34.98,48.35,normal,0,2024-10-15 10:22:00
65,75.63,13.8,25.35,37.67,53.91,normal,0,2024-06-05 15:30:00
98,80.31,10.92,38.52,38.43,64.37,normal,0,2024-02-09 08:08:00
35,73.66,13.73,4.22,42.29,80.64,normal,0,2024-10-20 07:40:00
51,94.28,12.97,27.48,36.35,48.9,normal,0,2024-06-28 04:08:00
45,70.75,16.12,39.45,45.98,50.48,normal,0,2024-07-03 04:19:00
98,87.93,16.03,33.88,30.22,56.16,normal,0,2024-05-18 05:55:00
71,77.76,7.18,28.64,35.16,40.54,normal,0,2024-04-28 07:02:00
69,69.17,17.48,23.25,26.02,51.72,normal,0,2024-07-14 01:52:00
20,61.24,18.71,41.19,32.4,58.33,normal,0,2024-10-01 23:40:00
9,80.59,14.13,31.8,37.03,37.37,normal,0,2024-12-09 19:04:00
26,81.97,14.69,33.62,40.3,45.62,normal,0,2024-10-03 20:18:00
76,69.39,14.1,50.23,35.37,36.68,normal,0,2024-04-25 02:38:00
83,82.41,14.82,42.42,35.4,25.72,normal,0,2024-06-05 02:09:00
60,57.19,10.03,27.71,26.26,25.68,normal,0,2024-10-12 10:07:00
80,74.39,17.22,29.03,33.45,57.81,normal,0,2024-10-13 17:18:00
44,75.53,19.8,32.7,31.51,48.09,normal,0,2024-08-21 01:09:00
79,68.93,14.96,25.26,45.34,51.67,normal,0,2024-01-14 02:58:00
31,82.65,14.95,24.28,40.64,41.31,normal,0,2024-11-17 03:48:00
55,58.3,8.66,45.58,33.59,41.37,normal,0,2024-06-11 05:21:00
45,74.92,11.24,39.94,30.04,41.17,normal,0,2024-11-28 05:22:00
30,74.63,11.18,42.66,32.61,54.54,normal,0,2024-06-12 23:38:00
74,82.27,14.0,42.9,38.77,41.25,normal,0,2024-08-25 11:29:00
51,79.92,23.14,22.96,28.03,63.9,normal,0,2024-01-17 01:56:00
2,-999.0,-99.32,-24.96,-48.27,-22.27,sensor_error,0,2024-04-16 10:27:00
16,88.91,12.78,39.17,37.88,39.34,normal,0,2024-02-29 13:33:00
20,74.52,14.65,31.55,44.97,53.44,normal,0,2024-01-16 04:17:00
33,69.21,14.8,42.48,46.6,47.99,normal,0,2024-03-16 03:50:00
54,84.25,17.85,42.53,29.1,73.98,normal,0,2024-01-25 09:30:00
29,68.28,9.0,26.26,32.42,53.97,normal,0,2024-01-11 10:04:00
96,84.52,20.69,34.74,41.12,52.41,normal,0,2024-01-15 06:38:00
63,76.88,14.02,29.82,26.73,50.51,normal,0,2024-02-11 11:35:00
18,69.73,10.86,44.84,38.17,42.11,normal,0,2024-04-22 18:31:00
31,90.91,23.97,13.7,36.3,43.47,normal,0,2024-07-14 20:43:00
55,86.69,11.31,48.3,29.67,42.46,normal,0,2024-08-23 07:24:00
67,94.28,14.28,44.12,40.11,63.16,normal,0,2024-03-26 07:51:00
25,84.15,15.19,15.44,34.95,76.56,normal,0,2024-03-28 03:12:00
56,73.44,15.49,26.86,32.48,61.55,normal,0,2024-03-03 16:42:00
41,71.49,12.23,39.77,27.25,61.49,normal,0,2024-01-27 00:39:00
1,84.89,16.81,16.12,40.47,36.67,normal,0,2024-01-30 19:24:00
100,78.66,9.73,34.73,26.81,56.98,normal,0,2024-08-20 20:03:00
42,90.56,12.29,24.63,27.84,28.75,normal,0,2024-04-14 00:34:00
18,73.4,13.59,41.28,38.41,76.42,normal,0,2024-08-11 13:45:00
43,88.16,11.71,42.94,28.23,66.65,normal,0,2024-12-21 00:56:00
20,85.69,14.75,37.28,31.98,38.61,normal,0,2024-10-30 19:00:00
40,66.31,17.98,38.16,34.58,65.87,normal,0,2024-09-08 17:00:00
76,82.09,24.4,38.51,30.16,59.13,normal,0,2024-12-25 12:47:00
51,73.53,13.9,33.37,36.96,30.81,normal,0,2024-11-20 04:35:00
51,71.61,10.33,45.08,33.55,59.44,normal,0,2024-01-04 21:09:00
26,71.89,10.21,42.07,35.8,70.79,normal,0,2024-01-30 08:20:00
49,70.23,10.0,26.75,36.21,66.26,normal,0,2024-09-18 14:31:00
8,71.08,14.54,48.5,33.15,69.87,normal,0,2024-01-13 22:59:00
45,83.15,16.19,42.5,40.39,50.95,normal,0,2024-02-18 08:07:00
40,92.79,17.8,37.89,40.16,10.5,normal,0,2024-07-25 12:35:00
85,71.56,11.38,44.61,34.73,14.2,normal,0,2024-11-28 18:28:00
71,73.12,14.0,51.06,31.67,59.22,normal,0,2024-04-03 13:50:00
60,78.79,20.0,35.06,32.05,49.8,normal,0,2024-12-19 04:26:00
64,78.1,9.54,32.57,36.86,58.56,normal,0,2024-09-25 14:13:00
4,-999.0,218.96,-25.06,-24.63,-18.58,sensor_error,0,2024-09-05 04:19:00
51,67.39,9.74,18.46,30.88,49.35,normal,0,2024-07-19 08:16:00
83,79.27,2.0,54.14,38.28,36.6,normal,0,2024-05-09 12:46:00
17,78.05,15.03,26.4,39.0,40.35,normal,0,2024-02-21 23:40:00
3,78.87,14.76,34.01,37.74,43.81,normal,0,2024-10-12 21:33:00
80,84.43,10.71,36.51,30.79,42.82,normal,0,2024-12-01 02:03:00
18,68.94,12.96,14.92,33.43,46.02,normal,0,2024-02-18 09:52:00
36,67.85,16.68,18.8,33.31,32.91,normal,0,2024-06-23 08:14:00
71,68.98,11.51,29.94,37.92,50.78,normal,0,2024-02-21 19:07:00
42,86.8,6.02,44.22,33.81,10.0,normal,0,2024-09-06 07:32:00
89,78.16,15.97,31.03,33.43,31.19,normal,0,2024-02-05 23:53:00
60,70.02,21.51,11.84,38.13,39.08,normal,0,2024-07-20 08:32:00
95,67.88,17.56,36.18,42.12,55.53,normal,0,2024-05-25 18:28:00
81,75.78,17.46,36.96,32.78,38.76,normal,0,2024-10-16 11:21:00
13,87.0,20.59,22.14,27.67,57.23,normal,0,2024-04-17 19:27:00
87,75.38,11.54,32.21,36.44,55.15,normal,0,2024-09-21 19:50:00
63,63.35,14.84,40.23,25.45,53.42,normal,0,2024-02-26 21:05:00
86,67.66,15.78,41.98,29.85,29.03,normal,0,2024-05-06 18:33:00
49,80.63,13.73,44.25,37.47,43.67,normal,0,2024-01-14 03:32:00
12,72.59,14.35,34.35,32.61,61.39,normal,0,2024-04-12 19:44:00
83,79.39,13.53,38.2,40.34,64.2,normal,0,2024-01-05 11:01:00
55,81.23,8.38,44.4,42.53,70.2,normal,0,2024-06-08 19:55:00
26,79.53,16.32,25.58,35.5,64.45,normal,0,2024-12-18 18:41:00
60,90.69,19.98,23.66,30.51,79.38,normal,0,2024-10-18 10:15:00
96,74.38,14.07,38.58,42.28,69.17,normal,0,2024-02-06 20:02:00
2,81.23,13.46,29.75,44.68,62.68,normal,0,2024-05-18 01:10:00
98,76.9,15.77,42.78,38.12,44.46,normal,0,2024-09-22 19:48:00
62,78.47,14.89,29.27,33.82,45.66,normal,0,2024-09-21 21:32:00
94,72.89,22.57,58.0,35.65,20.83,normal,0,2024-05-02 16:42:00
51,69.18,11.79,31.47,36.88,67.53,normal,0,2024-06-08 16:10:00
55,78.08,8.58,25.58,29.54,36.68,normal,0,2024-11-30 17:33:00
27,76.56,18.44,37.47,35.91,45.15,normal,0,2024-03-21 04:47:00
58,74.66,16.02,21.17,32.02,10.0,normal,0,2024-11-01 04:43:00
23,67.92,16.36,42.82,30.84,46.33,normal,0,2024-08-03 09:08:00
83,72.52,17.83,26.07,42.13,68.43,normal,0,2024-05-28 03:39:00
8,74.59,18.31,46.82,32.58,43.9,normal,0,2024-03-12 11:44:00
93,474.79,225.64,-21.16,-45.87,268.2,sensor_error,0,2024-04-11 08:19:00
31,79.65,23.15,39.69,42.17,57.0,normal,0,2024-03-03 04:26:00
54,63.88,9.77,36.59,37.33,25.6,normal,0,2024-07-27 08:35:00
13,63.4,11.19,33.78,34.78,41.47,normal,0,2024-01-06 22:11:00
35,85.24,4.64,31.79,25.57,58.6,normal,0,2024-05-19 03:48:00
41,83.45,12.72,30.39,33.06,48.25,normal,0,2024-03-28 01:35:00
1,81.24,23.57,35.88,37.69,20.37,normal,0,2024-04-26 17:35:00
85,71.06,15.01,54.59,34.66,59.17,normal,0,2024-07-29 03:06:00
60,65.72,14.33,48.43,39.58,24.64,normal,0,2024-05-19 12:11:00
52,92.98,15.09,48.73,34.69,51.34,normal,0,2024-04-20 10:07:00
64,73.97,21.54,37.47,38.43,41.24,normal,0,2024-02-17 15:40:00
61,82.53,11.73,38.53,29.04,72.91,normal,0,2024-07-15 00:14:00
63,74.76,17.25,33.86,36.36,41.83,normal,0,2024-04-16 00:00:00
67,67.77,13.96,54.08,35.89,62.49,normal,0,2024-09-06 21:04:00
22,72.7,8.81,44.68,35.26,32.22,normal,0,2024-09-14 06:48:00
2,61.48,18.88,33.97,33.39,76.61,normal,0,2024-01-03 23:55:00
60,72.53,17.3,48.72,42.77,63.12,normal,0,2024-03-30 09:53:00
55,74.27,14.13,33.87,32.19,68.58,normal,0,2024-09-21 21:09:00
100,73.39,8.0,36.4,36.06,57.39,normal,0,2024-08-14 09:28:00
96,71.15,21.58,33.72,29.2,27.06,normal,0,2024-08-02 04:10:00
88,87.04,18.64,49.01,30.95,10.0,normal,0,2024-09-04 05:45:00
4,67.49,13.41,52.34,30.49,40.64,normal,0,2024-02-11 13:24:00
80,84.93,10.96,53.68,35.16,44.5,normal,0,2024-06-07 05:37:00
72,64.44,17.5,15.29,24.33,33.94,normal,0,2024-11-03 05:55:00
93,77.03,11.51,39.57,30.81,48.31,normal,0,2024-05-06 03:54:00
41,75.17,10.32,52.26,30.75,58.38,normal,0,2024-04-22 09:22:00
6,82.97,15.16,56.79,41.72,31.67,normal,0,2024-01-17 17:39:00
47,68.74,13.9,30.18,42.36,66.19,normal,0,2024-12-30 09:37:00
86,84.22,15.3,11.98,29.94,46.7,normal,0,2024-09-27 00:31:00
98,69.28,16.95,58.34,20.0,52.71,normal,0,2024-04-30 10:18:00
3,73.0,15.06,61.17,39.02,20.5,normal,0,2024-06-30 03:30:00
59,86.6,13.91,53.2,42.33,64.45,normal,0,2024-10-23 04:27:00
26,50.22,13.62,38.29,33.58,46.34,normal,0,2024-04-12 13:41:00
42,64.26,21.25,49.76,36.33,65.12,normal,0,2024-04-19 10:54:00
97,78.04,10.95,39.1,29.6,61.01,normal,0,2024-06-03 23:35:00
22,65.63,11.28,34.55,38.85,62.7,normal,0,2024-12-01 08:00:00
5,90.14,20.34,19.73,36.5,50.93,normal,0,2024-08-14 19:28:00
31,78.46,13.78,19.62,32.74,67.86,normal,0,2024-07-29 02:14:00
38,82.15,17.06,49.35,28.56,52.37,normal,0,2024-03-17 14:06:00
38,64.85,10.54,19.99,33.56,24.14,normal,0,2024-11-30 09:43:00
25,73.03,19.26,34.85,40.51,29.54,normal,0,2024-05-20 20:48:00
32,93.44,18.39,45.09,26.79,54.16,normal,0,2024-03-04 03:15:00
60,77.87,9.72,23.27,29.63,47.82,normal,0,2024-07-01 12:24:00
31,91.52,8.84,47.24,29.67,34.42,normal,0,2024-07-29 18:19:00
25,85.69,11.81,48.42,36.09,45.94,normal,0,2024-04-23 20:29:00
42,75.07,12.35,21.59,29.72,57.12,normal,0,2024-03-06 07:36:00
95,71.72,16.22,61.43,35.64,51.55,normal,0,2024-04-29 05:58:00
56,86.01,13.7,33.92,38.24,68.87,normal,0,2024-09-26 04:51:00
70,71.79,15.21,32.48,33.59,34.55,normal,0,2024-03-14 00:55:00
33,83.49,16.62,25.1,30.0,35.44,normal,0,2024-02-13 13:06:00
63,85.8,7.54,48.03,45.83,52.16,normal,0,2024-11-16 21:42:00
69,78.07,12.61,42.96,37.46,47.02,normal,0,2024-07-11 04:00:00
29,63.33,12.89,14.9,40.14,51.63,normal,0,2024-10-31 09:30:00
73,74.7,20.49,25.86,39.25,46.01,normal,0,2024-01-29 08:16:00
13,74.24,14.28,27.09,26.38,55.07,normal,0,2024-05-19 11:34:00
30,70.02,15.33,43.6,39.48,53.82,normal,0,2024-01-25 03:56:00
6,75.32,10.25,23.48,36.16,23.17,normal,0,2024-09-22 17:05:00
20,75.37,13.63,29.95,39.57,44.56,normal,0,2024-01-10 07:45:00
87,60.59,11.1,30.32,33.05,71.07,normal,0,2024-10-21 06:02:00
4,92.64,15.9,39.98,30.17,53.29,normal,0,2024-04-11 08:25:00
10,69.53,18.87,33.08,42.02,44.17,normal,0,2024-10-16 09:29:00
50,76.87,17.74,38.54,33.05,64.57,normal,0,2024-05-12 10:44:00
23,71.19,18.48,15.73,30.48,39.22,normal,0,2024-02-12 02:53:00
22,76.72,12.27,24.24,29.9,63.63,normal,0,2024-11-06 01:48:00
50,77.59,18.92,32.18,37.97,45.15,normal,0,2024-03-03 21:37:00
69,82.01,8.44,38.82,33.8,41.63,normal,0,2024-10-06 12:05:00
67,79.86,17.89,37.72,35.79,55.38,normal,0,2024-08-26 05:41:00
25,63.88,11.06,34.71,35.29,46.64,normal,0,2024-03-24 06:52:00
98,81.25,11.18,34.15,32.45,44.94,normal,0,2024-06-14 13:14:00
2,58.92,10.93,36.51,34.55,67.89,normal,0,2024-12-16 13:56:00
44,65.66,16.26,34.94,33.96,58.83,normal,0,2024-12-18 04:22:00
27,79.07,18.35,24.7,34.24,28.4,normal,0,2024-09-20 08:08:00
97,94.26,13.58,20.35,33.74,38.96,normal,0,2024-05-01 17:27:00
48,93.5,13.93,44.54,37.41,76.89,normal,0,2024-01-06 06:05:00
13,71.42,13.06,39.04,36.34,48.57,normal,0,2024-06-19 13:23:00
79,67.91,15.99,49.53,27.32,37.1,normal,0,2024-08-16 02:39:00
51,66.07,23.25,46.91,40.49,46.68,normal,0,2024-04-05 22:39:00
11,72.94,23.38,45.5,33.41,38.83,normal,0,2024-05-05 02:31:00
41,86.27,17.06,45.79,33.23,52.62,normal,0,2024-06-10 03:31:00
69,78.36,12.55,21.07,44.13,48.49,normal,0,2024-04-21 08:12:00
98,62.0,12.93,39.32,38.54,60.41,normal,0,2024-05-30 10:35:00
40,82.12,16.48,21.67,41.16,56.84,normal,0,2024-10-28 18:03:00
55,70.59,11.76,22.59,43.42,70.26,normal,0,2024-08-29 22:43:00
55,73.8,15.46,28.72,28.25,50.74,normal,0,2024-10-06 07:16:00
39,82.62,19.2,18.07,27.17,65.73,normal,0,2024-06-02 19:58:00
30,89.94,13.1,6.51,36.16,46.47,normal,0,2024-10-29 10:00:00
74,73.99,14.32,38.11,33.75,21.43,normal,0,2024-12-01 20:01:00
29,75.49,13.54,42.66,32.51,43.11,normal,0,2024-11-09 23:36:00
46,72.5,13.5,33.89,24.91,54.8,normal,0,2024-01-30 12:52:00
88,82.99,5.77,2.93,35.3,50.9,normal,0,2024-06-20 02:53:00
44,78.59,15.32,28.08,30.44,50.88,normal,0,2024-01-19 22:25:00
56,62.11,8.79,27.92,32.3,32.48,normal,0,2024-01-31 20:18:00
98,86.25,21.37,35.2,22.58,47.01,normal,0,2024-08-26 12:17:00
4,77.39,18.7,45.29,36.01,50.06,normal,0,2024-06-10 23:08:00
4,72.58,22.55,46.93,37.41,37.74,normal,0,2024-07-25 16:49:00
75,73.84,15.24,39.29,38.59,12.55,normal,0,2024-02-27 13:47:00
72,64.62,17.74,33.93,31.93,48.43,normal,0,2024-01-16 18:20:00
58,76.75,22.17,29.01,36.63,64.22,normal,0,2024-06-30 19:20:00
38,81.93,15.5,32.59,43.45,56.72,normal,0,2024-05-02 18:48:00
99,74.54,19.87,26.57,26.28,54.83,normal,0,2024-05-28 02:36:00
65,62.61,17.16,56.48,38.78,55.95,normal,0,2024-09-04 03:53:00
49,71.65,15.5,48.7,34.03,42.46,normal,0,2024-12-05 04:34:00
6,77.91,12.3,35.07,36.18,65.99,normal,0,2024-03-07 17:14:00
31,89.25,14.69,26.81,27.43,64.62,normal,0,2024-11-16 04:30:00
28,70.9,14.28,43.31,39.51,43.13,normal,0,2024-07-04 00:38:00
85,82.62,18.31,41.55,34.89,69.73,normal,0,2024-06-30 14:53:00
60,76.25,21.21,57.13,36.55,72.31,normal,0,2024-05-24 22:27:00
49,77.86,24.47,34.81,39.75,40.62,normal,0,2024-08-10 07:52:00
60,87.82,13.3,37.58,27.7,36.21,normal,0,2024-07-23 23:33:00
45,69.42,12.94,68.5,26.88,75.9,normal,0,2024-03-04 05:44:00
72,85.89,10.95,41.74,27.04,63.58,normal,0,2024-07-17 01:26:00
79,71.95,22.68,35.98,32.38,61.34,normal,0,2024-11-21 09:44:00
36,74.18,11.5,36.78,33.23,29.34,normal,0,2024-06-21 03:34:00
83,89.71,8.93,42.93,38.63,40.17,normal,0,2024-07-29 02:36:00
96,-46.01,-83.69,-44.68,-24.32,-18.13,sensor_error,0,2024-12-01 16:04:00
17,81.09,15.33,36.73,23.76,46.83,normal,0,2024-12-05 05:32:00
98,73.39,19.04,38.96,29.7,64.14,normal,0,2024-06-10 01:19:00
48,83.93,18.37,21.8,34.09,29.77,normal,0,2024-02-21 05:22:00
22,66.31,13.81,37.49,27.38,85.13,normal,0,2024-03-15 07:05:00
80,78.33,16.43,41.74,33.98,58.2,normal,0,2024-10-21 16:41:00
40,84.74,18.28,22.83,27.35,65.67,normal,0,2024-05-24 19:06:00
58,80.11,23.07,24.4,36.22,48.87,normal,0,2024-07-25 12:58:00
29,77.45,18.7,25.51,30.87,52.16,normal,0,2024-01-06 10:03:00
35,84.84,16.04,47.66,29.88,66.36,normal,0,2024-03-28 09:46:00
62,75.1,11.74,36.48,36.66,65.49,normal,0,2024-02-25 15:36:00
41,71.32,15.1,28.46,37.98,44.07,normal,0,2024-03-12 09:45:00
14,67.13,13.44,43.94,36.59,40.59,normal,0,2024-03-21 06:33:00
13,80.9,14.22,58.08,42.67,40.64,normal,0,2024-05-01 17:51:00
47,89.1,14.88,40.85,28.82,55.05,normal,0,2024-02-14 23:34:00
59,70.26,11.26,45.25,36.67,47.42,normal,0,2024-07-28 23:25:00
58,63.82,15.27,29.72,38.85,55.33,normal,0,2024-08-05 10:44:00
96,66.35,11.48,25.39,32.87,29.6,normal,0,2024-10-31 01:59:00
80,78.85,8.7,44.1,29.02,53.38,normal,0,2024-01-30 13:41:00
30,79.94,17.07,32.13,35.79,34.9,normal,0,2024-04-21 00:44:00
18,87.83,17.2,30.18,38.41,61.41,normal,0,2024-06-21 16:45:00
26,92.03,18.6,24.47,33.37,73.12,normal,0,2024-08-10 02:32:00
29,76.76,4.19,40.93,38.14,55.64,normal,0,2024-04-27 14:05:00
60,76.92,14.46,21.42,35.98,41.84,normal,0,2024-09-25 05:51:00
83,77.32,16.42,32.3,40.37,43.16,normal,0,2024-06-09 00:34:00
99,77.67,15.11,37.71,40.22,73.65,normal,0,2024-11-23 09:49:00
65,73.91,24.57,40.26,30.76,31.08,normal,0,2024-07-12 19:03:00
43,80.18,11.63,51.14,36.91,32.81,normal,0,2024-05-19 08:56:00
91,80.25,17.26,32.1,28.53,64.89,normal,0,2024-07-08 23:22:00
37,68.17,14.39,38.66,26.44,52.58,normal,0,2024-04-26 00:38:00
10,60.37,14.46,28.66,43.62,80.43,normal,0,2024-12-20 19:03:00
80,341.41,-96.6,-40.7,-30.94,190.92,sensor_error,0,2024-09-02 02:04:00
32,87.24,20.57,15.77,40.0,49.0,normal,0,2024-10-19 22:00:00
83,76.04,8.11,36.68,34.94,26.87,normal,0,2024-10-05 17:05:00
45,69.16,15.27,48.62,37.43,66.08,normal,0,2024-01-10 05:28:00
14,62.48,13.49,42.7,31.07,52.14,normal,0,2024-06-15 01:16:00
65,88.47,12.33,43.9,39.7,41.32,normal,0,2024-11-07 23:10:00
6,62.29,21.92,43.16,30.37,53.86,normal,0,2024-01-01 07:42:00
47,72.25,13.4,28.22,30.77,55.29,normal,0,2024-07-08 01:25:00
10,69.14,24.73,51.04,35.3,63.62,normal,0,2024-01-21 19:47:00
41,79.71,17.15,27.43,37.06,45.08,normal,0,2024-06-22 15:16:00
53,80.16,17.94,44.39,33.69,60.19,normal,0,2024-03-10 22:47:00
28,80.19,10.06,32.04,36.91,82.3,normal,0,2024-10-22 15:25:00
88,67.19,21.25,42.19,34.39,55.14,normal,0,2024-03-11 06:09:00
55,80.95,12.95,20.99,20.0,29.53,normal,0,2024-06-21 09:52:00
69,66.77,16.27,45.51,34.16,66.5,normal,0,2024-04-22 19:55:00
66,82.13,19.32,41.72,35.8,41.89,normal,0,2024-11-08 03:11:00
6,72.03,15.49,21.5,31.53,56.5,normal,0,2024-01-31 13:08:00
33,84.37,18.78,25.66,33.25,36.29,normal,0,2024-09-13 16:13:00
68,100.0,12.77,26.59,37.5,60.59,normal,0,2024-12-04 16:06:00
88,73.63,19.4,28.12,41.33,32.31,normal,0,2024-05-18 13:12:00
3,86.76,14.32,39.63,40.15,22.45,normal,0,2024-05-28 05:10:00
17,81.96,19.73,34.77,35.07,52.36,normal,0,2024-01-22 14:39:00
11,100.0,10.35,43.98,31.8,72.91,normal,0,2024-09-21 13:52:00
32,85.01,12.47,34.17,34.15,57.87,normal,0,2024-10-04 13:53:00
82,77.42,20.18,19.34,26.67,61.64,normal,0,2024-03-25 23:39:00
63,82.18,20.48,26.51,30.88,36.74,normal,0,2024-05-10 12:36:00
30,67.03,7.32,35.96,42.34,46.08,normal,0,2024-11-08 19:39:00
38,66.05,17.61,45.05,37.42,65.11,normal,0,2024-11-30 07:41:00
53,73.72,12.82,60.19,33.03,70.0,normal,0,2024-08-27 23:40:00
77,74.82,18.12,45.23,44.95,58.92,normal,0,2024-08-31 21:36:00
97,87.47,16.22,34.16,32.99,34.68,normal,0,2024-01-12 13:12:00
14,75.38,15.0,9.44,30.76,61.66,normal,0,2024-05-12 02:22:00
73,79.26,18.19,43.22,40.93,48.8,normal,0,2024-05-25 22:26:00
21,77.18,14.17,15.63,34.07,23.96,normal,0,2024-06-23 03:42:00
94,80.72,12.36,33.25,32.04,48.58,normal,0,2024-09-05 06:30:00
11,60.06,20.99,24.58,28.5,54.4,normal,0,2024-07-20 15:03:00
83,69.96,14.39,30.73,37.48,54.83,normal,0,2024-09-21 12:58:00
77,72.78,19.72,36.06,35.47,45.48,normal,0,2024-08-19 08:20:00
4,95.49,15.06,32.29,34.65,50.76,normal,0,2024-11-19 15:49:00
12,77.21,18.19,23.04,30.39,49.61,normal,0,2024-05-22 06:55:00
48,81.32,14.75,37.02,39.92,38.84,normal,0,2024-08-13 23:21:00
81,78.92,20.15,23.27,41.18,59.22,normal,0,2024-05-24 05:33:00
90,73.08,11.78,25.35,38.83,45.11,normal,0,2024-04-18 06:21:00
27,83.92,14.19,37.8,34.98,62.66,normal,0,2024-05-25 19:14:00
92,73.98,22.94,39.03,37.9,72.38,normal,0,2024-06-07 22:15:00
48,83.9,13.65,11.12,34.98,72.66,normal,0,2024-03-17 10:16:00
70,82.54,10.57,37.72,31.21,28.83,normal,0,2024-07-10 04:55:00
6,73.77,17.64,28.91,34.14,58.17,normal,0,2024-09-17 08:47:00
36,74.48,19.28,56.48,34.97,62.07,normal,0,2024-09-21 11:31:00
11,72.33,16.6,17.07,30.72,64.21,normal,0,2024-06-27 04:22:00
36,76.88,11.36,41.14,41.59,33.7,normal,0,2024-02-23 04:07:00
80,-16.77,216.4,-16.1,-30.33,-18.89,sensor_error,0,2024-01-27 16:22:00
95,86.7,11.91,43.14,34.72,13.97,normal,0,2024-01-15 13:50:00
84,71.45,23.51,26.48,33.55,32.48,normal,0,2024-01-16 01:33:00
17,64.12,18.66,28.35,31.31,61.14,normal,0,2024-08-01 07:19:00
10,76.32,11.43,34.28,39.55,26.72,normal,0,2024-04-20 02:49:00
62,83.16,13.53,36.26,41.45,23.1,normal,0,2024-02-26 18:17:00
8,71.65,8.71,39.54,35.42,60.01,normal,0,2024-10-02 15:44:00
22,77.2,18.24,15.71,31.69,25.29,normal,0,2024-04-03 10:04:00
1,337.95,484.25,245.3,-18.43,-18.65,sensor_error,0,2024-06-23 00:01:00
10,64.75,14.96,16.05,32.24,35.97,normal,0,2024-05-08 23:46:00
6,73.81,21.69,23.02,44.8,67.3,normal,0,2024-10-15 03:04:00
30,76.35,16.55,65.79,27.79,50.27,normal,0,2024-08-05 12:02:00
98,56.53,15.59,37.01,35.06,60.95,normal,0,2024-02-03 15:20:00
4,90.28,16.84,30.82,29.17,47.95,normal,0,2024-05-13 19:04:00
72,78.82,20.3,34.7,39.97,60.15,normal,0,2024-01-04 13:57:00
35,-999.0,-18.32,427.41,-17.6,204.81,sensor_error,0,2024-09-02 06:56:00
31,82.17,13.88,50.21,34.08,73.86,normal,0,2024-12-18 23:00:00
47,74.63,18.64,55.47,38.23,85.81,normal,0,2024-12-09 01:01:00
31,71.01,11.79,43.27,38.21,63.58,normal,0,2024-07-04 11:34:00
41,81.5,14.01,23.56,35.04,62.41,normal,0,2024-03-29 13:25:00
86,79.32,15.18,42.14,31.65,32.91,normal,0,2024-09-27 19:13:00
74,69.87,19.13,43.52,34.55,30.72,normal,0,2024-01-03 08:43:00
60,79.86,15.86,40.22,38.91,51.57,normal,0,2024-12-10 19:06:00
36,69.75,18.35,20.28,33.16,49.16,normal,0,2024-04-25 16:29:00
64,93.95,20.1,41.46,34.54,59.85,normal,0,2024-05-27 14:55:00
45,62.59,18.42,37.34,39.12,23.7,normal,0,2024-03-22 02:44:00
56,81.41,16.35,44.49,33.72,57.01,normal,0,2024-04-08 08:02:00
22,71.33,17.67,51.85,32.98,18.28,normal,0,2024-07-14 20:51:00
88,80.55,17.7,28.69,38.47,38.23,normal,0,2024-12-25 14:07:00
67,79.75,7.8,37.84,32.3,37.71,normal,0,2024-12-07 09:00:00
99,84.75,19.56,42.51,33.74,46.33,normal,0,2024-04-27 08:00:00
17,69.46,13.63,48.13,32.46,56.53,normal,0,2024-04-19 23:41:00
3,70.96,14.46,39.77,30.08,34.72,normal,0,2024-08-02 05:12:00
17,74.61,15.61,34.78,27.86,51.85,normal,0,2024-03-20 20:27:00
95,75.98,15.93,48.58,45.76,34.3,normal,0,2024-02-26 15:10:00
95,87.9,23.13,42.39,36.01,58.62,normal,0,2024-12-15 21:53:00
47,86.7,15.63,29.77,34.14,58.22,normal,0,2024-01-17 04:46:00
90,68.26,10.45,35.22,32.65,69.49,normal,0,2024-08-12 22:15:00
50,104.33,33.78,14.64,52.52,54.98,real_anomaly,1,2024-03-21 02:45:00
88,66.25,11.39,22.2,33.81,54.13,normal,0,2024-10-07 15:03:00
8,73.93,13.35,33.01,35.65,34.69,normal,0,2024-08-03 13:25:00
51,74.2,11.72,40.63,29.05,39.28,normal,0,2024-06-02 16:54:00
74,93.69,6.07,28.45,31.68,10.0,normal,0,2024-09-18 21:44:00
53,82.36,12.34,43.48,45.09,37.27,normal,0,2024-06-18 08:43:00
29,84.0,16.3,20.26,30.97,53.8,normal,0,2024-09-29 19:39:00
95,80.76,14.07,30.22,32.76,49.53,normal,0,2024-07-27 09:35:00
35,-32.1,495.07,341.28,-1.73,254.75,sensor_error,0,2024-04-24 16:36:00
38,83.22,14.44,32.91,36.59,50.29,normal,0,2024-09-20 07:20:00
42,66.4,10.27,43.75,30.01,26.41,normal,0,2024-01-29 00:44:00
90,75.95,13.16,39.3,36.41,45.33,normal,0,2024-07-09 02:37:00
90,87.52,11.45,38.09,41.16,51.85,normal,0,2024-02-11 04:04:00
75,63.59,15.25,53.48,30.47,47.06,normal,0,2024-11-16 06:37:00
74,88.34,10.87,30.72,35.75,45.53,normal,0,2024-02-22 12:06:00
74,84.28,11.23,44.27,28.49,56.93,normal,0,2024-08-25 01:36:00
47,62.59,17.44,33.32,30.34,48.33,normal,0,2024-04-22 10:30:00
81,70.66,20.37,35.54,38.44,51.91,normal,0,2024-11-23 03:48:00
19,75.38,17.11,44.19,33.05,48.16,normal,0,2024-06-14 05:50:00
80,82.03,10.63,15.72,27.52,63.57,normal,0,2024-12-27 23:25:00
53,83.74,15.48,42.94,40.78,71.77,normal,0,2024-03-01 04:09:00
79,83.42,17.11,45.71,35.28,27.26,normal,0,2024-09-04 06:44:00
25,66.9,12.25,53.65,32.62,34.75,normal,0,2024-08-28 13:38:00
99,69.24,18.68,28.39,36.87,52.84,normal,0,2024-10-13 08:40:00
2,89.24,15.8,34.83,34.24,54.09,normal,0,2024-12-19 09:32:00
38,71.8,13.57,50.51,42.6,48.04,normal,0,2024-04-13 22:53:00
49,54.82,16.7,37.14,44.14,53.67,normal,0,2024-12-08 22:53:00
82,70.34,11.94,22.7,29.67,44.5,normal,0,2024-07-06 19:18:00
28,78.25,16.57,60.56,39.7,61.76,normal,0,2024-10-17 08:00:00
17,83.17,17.99,43.76,35.57,43.38,normal,0,2024-06-13 15:05:00
49,85.01,16.79,38.61,37.81,27.13,normal,0,2024-08-03 15:07:00
28,65.39,5.11,20.67,48.37,37.2,normal,0,2024-01-22 10:56:00
69,70.84,12.28,46.28,37.02,51.83,normal,0,2024-08-30 06:41:00
60,80.51,17.91,48.19,38.11,36.0,normal,0,2024-05-31 09:41:00
79,67.38,12.15,23.91,45.07,50.19,normal,0,2024-05-23 01:30:00
40,86.59,8.23,25.4,30.86,47.51,normal,0,2024-05-31 22:18:00
46,79.77,14.92,37.02,36.31,36.01,normal,0,2024-04-20 03:40:00
78,85.12,10.58,29.93,34.39,20.47,normal,0,2024-08-23 22:57:00
60,75.33,14.03,28.62,34.74,60.55,normal,0,2024-03-21 11:43:00
50,82.1,16.69,51.4,40.61,56.45,normal,0,2024-11-16 05:26:00
80,78.91,14.57,29.96,33.16,56.92,normal,0,2024-05-04 05:13:00
26,90.86,11.72,46.09,41.61,31.97,normal,0,2024-05-03 11:55:00
44,76.84,10.47,27.09,32.87,53.17,normal,0,2024-05-14 04:21:00
58,89.86,18.3,58.58,36.8,54.23,normal,0,2024-04-18 04:09:00
68,67.74,13.09,34.33,30.9,35.45,normal,0,2024-09-16 03:49:00
30,66.51,11.94,63.22,45.43,48.02,normal,0,2024-10-21 11:42:00
34,70.64,18.42,31.66,23.71,46.26,normal,0,2024-06-25 18:55:00
38,88.1,11.53,12.66,38.51,61.47,normal,0,2024-02-09 23:06:00
80,74.86,14.69,40.96,35.51,55.34,normal,0,2024-11-01 08:42:00
71,85.01,14.74,55.61,39.6,57.96,normal,0,2024-02-13 00:26:00
68,76.59,9.35,34.91,34.86,54.66,normal,0,2024-01-03 22:33:00
75,86.29,22.53,38.89,40.49,47.08,normal,0,2024-05-06 17:59:00
9,70.15,26.39,27.56,35.99,88.59,normal,0,2024-12-21 21:13:00
26,88.05,11.82,33.92,29.36,42.05,normal,0,2024-05-24 16:14:00
46,84.64,9.32,22.21,29.95,48.82,normal,0,2024-03-24 06:52:00
82,74.86,18.37,40.83,31.22,15.21,normal,0,2024-06-27 16:34:00
67,72.5,14.83,30.72,37.94,46.52,normal,0,2024-12-14 04:07:00
17,76.72,20.02,30.42,26.46,52.31,normal,0,2024-05-19 12:59:00
34,77.5,12.68,40.58,29.54,40.65,normal,0,2024-03-11 02:15:00
76,80.63,16.55,30.88,37.25,58.0,normal,0,2024-10-11 06:25:00
82,78.94,14.98,40.09,37.1,47.56,normal,0,2024-05-28 10:22:00
47,65.59,11.49,2.29,42.15,41.84,normal,0,2024-04-22 21:56:00
4,90.24,21.07,31.82,37.23,45.9,normal,0,2024-06-08 08:24:00
13,66.14,17.93,16.58,36.9,54.18,normal,0,2024-03-05 15:05:00
90,79.32,22.88,40.94,32.88,81.62,normal,0,2024-12-04 22:18:00
49,75.55,14.1,46.02,26.86,41.97,normal,0,2024-04-10 17:52:00
87,72.65,13.69,28.12,38.12,28.68,normal,0,2024-12-23 06:20:00
15,90.79,13.54,33.37,38.72,53.66,normal,0,2024-01-01 00:55:00
100,69.59,12.58,20.34,46.03,13.26,normal,0,2024-09-08 03:30:00
41,84.79,24.72,56.91,36.18,31.47,normal,0,2024-03-01 05:46:00
38,71.2,9.98,13.85,31.56,25.47,normal,0,2024-09-24 00:42:00
77,64.35,18.51,33.18,31.41,24.56,normal,0,2024-02-25 10:15:00
77,88.13,17.87,56.82,30.59,57.58,normal,0,2024-10-11 02:34:00
95,93.61,16.96,43.23,31.7,41.48,normal,0,2024-08-14 16:36:00
20,93.42,18.2,30.08,33.07,51.11,normal,0,2024-09-23 22:41:00
35,86.72,11.58,33.39,35.99,74.07,normal,0,2024-07-08 13:43:00
92,65.04,15.73,31.69,39.87,56.94,normal,0,2024-08-04 19:27:00
27,70.46,13.0,31.18,41.14,51.97,normal,0,2024-01-12 00:42:00
15,72.37,12.6,31.75,36.61,47.13,normal,0,2024-09-05 09:16:00
7,69.65,13.26,29.3,32.96,65.5,normal,0,2024-05-14 17:21:00
13,71.53,14.98,31.12,40.61,48.53,normal,0,2024-10-27 11:45:00
87,70.18,15.33,35.48,42.68,45.45,normal,0,2024-11-13 15:42:00
20,69.5,15.06,34.69,35.25,31.07,normal,0,2024-03-27 16:29:00
4,84.97,11.78,26.66,41.08,73.54,normal,0,2024-08-02 20:50:00
92,77.8,17.67,50.12,42.75,43.21,normal,0,2024-02-03 09:11:00
27,80.65,11.29,24.51,35.96,51.94,normal,0,2024-05-12 22:16:00
93,81.88,21.08,22.8,37.31,33.37,normal,0,2024-03-21 06:30:00
95,75.36,15.76,47.57,31.5,75.38,normal,0,2024-12-20 00:45:00
63,79.52,8.38,36.63,28.16,33.85,normal,0,2024-01-07 12:02:00
64,69.84,12.05,18.75,37.42,37.65,normal,0,2024-04-25 12:31:00
64,74.07,8.74,45.78,31.27,57.02,normal,0,2024-12-01 23:57:00
59,64.16,21.18,13.29,30.66,24.81,normal,0,2024-04-28 02:01:00
52,80.92,16.74,42.62,36.55,29.69,normal,0,2024-08-01 16:48:00
51,91.83,16.88,11.69,31.72,62.5,normal,0,2024-10-13 19:00:00
100,70.96,16.86,22.91,40.29,61.2,normal,0,2024-11-23 21:53:00
36,76.51,15.73,31.37,37.05,38.13,normal,0,2024-12-16 19:05:00
63,76.83,11.18,40.98,23.99,33.86,normal,0,2024-12-03 06:13:00
35,73.49,15.37,14.58,35.32,49.27,normal,0,2024-01-13 06:23:00
11,91.2,18.75,29.13,38.94,34.35,normal,0,2024-12-14 22:25:00
85,78.4,6.96,17.18,37.73,74.98,normal,0,2024-07-19 14:50:00
25,86.11,14.89,33.85,31.88,59.09,normal,0,2024-01-30 07:04:00
99,73.79,15.88,44.74,33.08,26.77,normal,0,2024-03-11 14:10:00
51,83.78,12.14,35.48,36.29,35.01,normal,0,2024-09-13 21:57:00
58,68.23,23.4,33.56,29.7,47.78,normal,0,2024-07-26 13:38:00
86,71.66,12.15,30.26,29.15,38.66,normal,0,2024-04-09 17:02:00
82,73.33,17.24,29.91,26.23,45.19,normal,0,2024-03-31 08:55:00
93,71.49,12.37,15.82,37.44,64.81,normal,0,2024-03-22 03:08:00
44,84.45,8.06,54.91,38.6,57.11,normal,0,2024-05-12 16:42:00
90,82.61,9.15,33.43,33.94,54.11,normal,0,2024-10-10 22:57:00
99,73.77,17.16,15.33,31.3,70.34,normal,0,2024-01-03 11:15:00
84,77.2,17.11,19.49,29.83,64.83,normal,0,2024-08-18 20:19:00
18,73.42,13.22,31.69,35.91,40.47,normal,0,2024-03-30 02:02:00
38,81.5,4.47,57.9,38.63,62.33,normal,0,2024-06-29 07:03:00
2,86.29,8.51,25.41,36.99,38.46,normal,0,2024-06-17 10:16:00
57,91.13,22.04,35.52,27.82,35.54,normal,0,2024-04-18 15:50:00
33,73.83,17.06,5.7,34.6,48.76,normal,0,2024-09-08 18:11:00
75,76.6,15.37,33.88,37.7,50.08,normal,0,2024-09-06 13:40:00
26,79.17,20.02,18.05,32.37,77.74,normal,0,2024-12-10 17:30:00
68,76.01,17.48,40.45,30.77,36.96,normal,0,2024-09-19 15:01:00
78,78.2,14.19,37.13,39.31,33.1,normal,0,2024-10-03 03:59:00
41,74.68,9.93,43.38,30.87,73.27,normal,0,2024-08-18 03:20:00
78,86.72,19.85,34.84,44.83,56.57,normal,0,2024-05-10 04:36:00
62,80.37,13.33,20.56,31.27,50.55,normal,0,2024-07-31 03:52:00
67,85.99,16.79,48.55,41.31,69.55,normal,0,2024-08-19 12:21:00
63,71.53,12.06,48.9,35.49,72.79,normal,0,2024-01-04 21:40:00
83,67.66,14.35,43.09,41.03,10.0,normal,0,2024-08-13 23:11:00
29,77.4,17.69,14.8,30.48,62.79,normal,0,2024-10-15 23:49:00
90,80.35,13.78,17.85,32.97,67.22,normal,0,2024-05-26 03:18:00
68,77.49,17.32,28.81,34.81,43.49,normal,0,2024-06-01 23:16:00
32,82.89,18.4,51.21,44.76,52.35,normal,0,2024-08-05 12:39:00
66,70.51,14.44,27.99,33.44,40.14,normal,0,2024-03-14 22:59:00
19,76.93,11.55,22.45,25.84,43.87,normal,0,2024-06-21 15:00:00
44,81.76,10.11,27.09,35.65,51.66,normal,0,2024-08-16 12:54:00
20,77.4,19.4,45.34,39.0,21.8,normal,0,2024-03-26 07:33:00
74,75.73,11.5,34.09,23.72,19.24,normal,0,2024-07-16 22:22:00
74,70.19,19.36,17.33,32.29,60.59,normal,0,2024-04-28 21:47:00
18,82.36,17.42,12.19,33.96,81.03,normal,0,2024-08-04 10:11:00
59,74.6,10.92,32.94,25.01,46.41,normal,0,2024-11-03 13:21:00
43,83.26,14.98,37.43,44.4,50.57,normal,0,2024-03-14 00:21:00
20,68.61,15.78,56.17,34.37,51.9,normal,0,2024-02-13 06:04:00
33,67.82,16.9,43.51,32.55,57.32,normal,0,2024-05-05 21:55:00
41,85.76,15.7,24.42,34.36,57.79,normal,0,2024-03-30 03:08:00
54,81.01,18.71,29.18,38.16,76.82,normal,0,2024-01-27 04:03:00
30,89.03,22.06,58.32,30.38,49.18,normal,0,2024-06-18 19:37:00
5,74.3,12.88,23.17,41.47,33.22,normal,0,2024-10-19 05:04:00
94,74.77,19.26,11.54,25.28,24.04,normal,0,2024-11-03 13:34:00
2,88.5,17.96,52.67,31.56,70.0,normal,0,2024-04-17 19:30:00
76,81.64,19.32,25.58,34.88,65.38,normal,0,2024-02-28 18:34:00
58,86.05,13.94,12.49,43.74,67.09,normal,0,2024-06-16 04:43:00
34,75.28,12.29,28.52,32.58,39.35,normal,0,2024-10-13 21:21:00
20,72.47,14.43,34.92,41.33,55.08,normal,0,2024-10-18 04:14:00
100,73.7,21.41,34.69,35.07,36.07,normal,0,2024-09-03 05:33:00
87,85.77,11.34,41.99,34.76,74.29,normal,0,2024-01-23 15:17:00
30,77.32,21.22,37.94,41.59,78.99,normal,0,2024-10-20 21:30:00
6,89.36,20.06,40.81,28.39,68.75,normal,0,2024-07-07 13:52:00
44,74.64,15.16,40.66,28.4,78.97,normal,0,2024-04-24 09:54:00
81,94.64,10.38,41.05,23.96,91.95,normal,0,2024-09-02 08:00:00
15,83.9,9.16,42.35,37.85,56.92,normal,0,2024-10-24 13:38:00
73,76.4,12.86,37.75,40.93,51.34,normal,0,2024-03-25 16:57:00
26,79.23,20.07,34.56,28.32,47.4,normal,0,2024-01-18 09:09:00
81,83.35,10.68,35.57,32.14,24.47,normal,0,2024-12-11 12:01:00
51,69.78,8.38,49.24,25.86,53.78,normal,0,2024-06-27 17:18:00
3,69.36,16.21,15.12,32.16,56.97,normal,0,2024-07-07 21:09:00
90,74.98,8.7,51.03,34.86,67.62,normal,0,2024-08-16 03:08:00
80,71.05,8.74,25.61,35.31,67.66,normal,0,2024-05-02 14:38:00
56,86.77,17.12,32.08,38.33,61.66,normal,0,2024-11-13 14:28:00
85,74.26,11.41,37.53,34.1,58.03,normal,0,2024-08-01 17:56:00
78,76.68,10.62,44.28,43.02,39.01,normal,0,2024-06-10 19:34:00
33,78.85,11.37,37.04,33.66,38.98,normal,0,2024-07-05 01:31:00
26,70.85,16.8,52.79,30.68,69.13,normal,0,2024-04-22 01:40:00
13,70.79,17.71,29.87,33.95,47.67,normal,0,2024-07-01 14:44:00
1,83.45,22.0,44.91,40.38,17.88,normal,0,2024-06-21 06:54:00
94,89.64,12.17,35.12,38.68,65.74,normal,0,2024-01-29 13:33:00
51,69.81,17.96,52.87,41.24,55.71,normal,0,2024-05-21 11:47:00
35,83.99,13.02,51.96,34.48,35.93,normal,0,2024-08-17 13:22:00
54,71.64,7.79,32.4,34.76,52.93,normal,0,2024-03-19 04:47:00
99,85.04,17.13,41.05,35.08,33.87,normal,0,2024-06-12 08:18:00
67,75.74,23.7,19.47,40.55,43.93,normal,0,2024-05-19 22:15:00
97,81.16,17.24,43.63,41.65,46.45,normal,0,2024-06-17 02:57:00
7,85.69,17.25,31.09,35.94,49.79,normal,0,2024-05-08 04:44:00
31,106.16,54.33,41.8,52.5,37.08,real_anomaly,1,2024-08-09 12:16:00
24,69.3,15.69,33.15,32.04,32.9,normal,0,2024-10-19 03:23:00
8,87.02,10.4,47.33,49.28,43.11,normal,0,2024-01-13 08:19:00
5,77.25,13.68,25.49,42.65,53.14,normal,0,2024-03-14 00:26:00
53,80.45,17.68,41.88,42.21,56.53,normal,0,2024-07-28 14:24:00
77,68.91,15.81,29.88,37.65,31.0,normal,0,2024-10-20 09:45:00
18,84.51,15.07,35.17,33.2,49.86,normal,0,2024-08-09 03:17:00
60,78.51,16.01,34.97,28.88,31.03,normal,0,2024-06-23 11:33:00
80,92.3,16.15,27.48,38.03,42.91,normal,0,2024-08-10 12:32:00
73,87.56,20.11,24.24,42.02,47.27,normal,0,2024-04-03 01:55:00
66,71.25,18.37,31.13,38.07,54.8,normal,0,2024-10-29 11:22:00
2,85.91,16.3,47.28,36.49,42.36,normal,0,2024-08-20 03:51:00
20,82.79,15.45,31.93,33.82,71.57,normal,0,2024-02-25 04:49:00
83,71.89,9.69,32.1,32.92,54.53,normal,0,2024-01-28 09:40:00
96,87.85,10.67,18.43,34.39,27.76,normal,0,2024-11-28 04:51:00
23,73.25,11.83,14.42,28.73,56.98,normal,0,2024-01-18 00:47:00
87,82.21,17.71,11.92,27.7,56.52,normal,0,2024-02-27 20:04:00
17,74.04,20.55,32.13,29.23,56.17,normal,0,2024-10-03 19:44:00
50,77.05,13.97,34.64,33.03,50.08,normal,0,2024-12-03 20:47:00
17,93.54,15.37,45.42,36.81,39.37,normal,0,2024-06-11 19:52:00
75,77.35,12.38,31.11,28.08,49.26,normal,0,2024-08-16 16:27:00
19,75.2,18.02,24.35,35.03,68.18,normal,0,2024-12-01 07:40:00
40,80.73,18.9,41.89,27.44,77.18,normal,0,2024-05-12 12:33:00
26,76.91,13.48,52.96,28.24,63.55,normal,0,2024-07-31 05:51:00
37,76.88,5.03,25.5,29.63,57.4,normal,0,2024-05-25 01:29:00
99,64.29,10.33,27.25,39.66,35.05,normal,0,2024-09-04 09:16:00
8,76.11,15.88,38.69,37.8,30.4,normal,0,2024-01-17 20:53:00
78,71.93,15.03,43.38,41.85,72.88,normal,0,2024-04-06 16:07:00
3,73.94,8.75,29.86,34.34,68.97,normal,0,2024-04-04 23:49:00
14,72.81,17.02,31.77,27.41,48.23,normal,0,2024-11-11 12:39:00
68,71.94,19.87,26.11,33.94,45.44,normal,0,2024-10-28 15:49:00
49,438.01,289.51,406.64,-22.22,223.98,sensor_error,0,2024-05-28 03:31:00
92,83.2,16.25,42.24,39.48,54.38,normal,0,2024-07-24 17:10:00
3,72.3,15.8,41.32,35.48,35.8,normal,0,2024-12-23 07:28:00
29,63.92,11.79,35.75,35.74,41.42,normal,0,2024-12-22 17:42:00
90,82.45,16.95,26.37,36.91,43.53,normal,0,2024-02-23 07:04:00
71,78.68,14.4,33.51,33.67,38.94,normal,0,2024-11-30 00:21:00
99,65.67,14.68,5.85,24.69,62.92,normal,0,2024-04-23 07:44:00
50,89.55,22.47,33.23,32.08,49.69,normal,0,2024-12-05 18:59:00
96,62.81,19.17,22.07,32.62,27.39,normal,0,2024-01-21 21:53:00
81,83.4,19.72,31.22,28.11,56.25,normal,0,2024-02-16 07:50:00
88,70.19,15.39,13.74,29.7,50.6,normal,0,2024-09-11 06:24:00
56,75.47,17.25,52.26,32.76,45.43,normal,0,2024-03-17 18:18:00
59,76.88,12.76,51.91,35.27,80.38,normal,0,2024-11-08 03:54:00
87,75.02,11.53,42.9,44.41,44.89,normal,0,2024-07-27 08:33:00
18,88.91,9.03,43.33,35.75,41.03,normal,0,2024-08-03 17:55:00
46,82.38,16.96,43.33,28.48,62.41,normal,0,2024-02-08 23:03:00
50,76.65,15.23,33.96,36.99,60.49,normal,0,2024-02-19 23:30:00
34,74.89,8.42,42.94,39.11,68.75,normal,0,2024-08-13 01:17:00
18,78.85,14.63,60.29,41.78,45.86,normal,0,2024-03-14 16:25:00
82,87.96,16.74,37.81,33.38,62.98,normal,0,2024-05-29 05:29:00
98,92.26,18.89,34.95,25.4,59.09,normal,0,2024-09-30 09:30:00
11,80.23,8.27,42.65,38.8,66.45,normal,0,2024-09-10 10:58:00
15,100.0,13.1,21.09,32.64,60.35,normal,0,2024-11-16 10:20:00
10,87.24,16.49,55.41,31.59,75.84,normal,0,2024-05-27 05:27:00
99,65.26,15.8,49.12,42.96,19.46,normal,0,2024-07-21 16:00:00
45,62.99,9.02,33.48,33.94,59.23,normal,0,2024-10-30 23:04:00
88,90.9,22.02,40.3,30.92,58.14,normal,0,2024-11-22 18:52:00
45,81.44,5.86,41.84,36.94,60.79,normal,0,2024-09-01 08:56:00
40,67.94,11.44,16.59,35.72,40.08,normal,0,2024-07-19 23:19:00
69,76.97,10.28,44.27,39.37,51.15,normal,0,2024-01-11 14:11:00
100,82.52,14.03,36.29,31.51,35.7,normal,0,2024-01-18 14:54:00
89,82.46,18.58,47.92,33.24,54.89,normal,0,2024-04-17 20:28:00
86,66.31,16.24,27.39,37.1,33.1,normal,0,2024-07-13 19:17:00
100,78.51,16.72,26.72,25.71,44.45,normal,0,2024-05-17 04:23:00
66,65.51,19.61,47.81,32.05,54.49,normal,0,2024-09-18 02:31:00
8,68.13,14.03,36.3,40.44,38.44,normal,0,2024-10-09 23:42:00
82,76.49,16.81,39.92,37.11,51.1,normal,0,2024-02-05 02:25:00
85,-16.33,420.4,378.17,-33.2,-19.41,sensor_error,0,2024-02-24 12:57:00
29,72.91,19.1,32.01,33.86,70.18,normal,0,2024-07-16 22:29:00
21,90.49,13.7,28.65,33.72,65.36,normal,0,2024-05-29 07:06:00
68,81.93,15.85,24.68,39.08,60.77,normal,0,2024-07-11 11:09:00
3,63.81,18.24,31.93,24.66,57.91,normal,0,2024-01-06 14:29:00
95,84.46,14.8,40.87,38.76,28.02,normal,0,2024-07-11 18:43:00
80,66.34,15.28,32.17,34.42,43.28,normal,0,2024-02-22 02:26:00
84,81.47,17.43,22.35,37.37,43.31,normal,0,2024-09-09 04:08:00
54,72.71,11.11,55.38,24.1,66.94,normal,0,2024-05-27 16:42:00
73,64.62,19.33,56.45,32.29,46.21,normal,0,2024-02-02 20:10:00
58,80.94,6.32,27.43,32.4,67.56,normal,0,2024-10-23 07:43:00
83,58.3,21.15,41.64,44.5,50.37,normal,0,2024-03-01 21:25:00
88,80.79,17.96,47.19,40.78,35.47,normal,0,2024-06-07 13:35:00
1,83.37,22.37,40.34,39.24,15.73,normal,0,2024-05-19 02:18:00
46,79.48,8.79,36.61,34.36,41.65,normal,0,2024-07-27 18:06:00
5,79.28,21.73,42.11,38.0,23.3,normal,0,2024-04-22 13:16:00
12,72.98,19.22,32.3,39.96,31.34,normal,0,2024-06-08 19:47:00
10,90.49,13.55,43.75,27.77,63.42,normal,0,2024-02-29 18:37:00
28,83.65,16.69,27.71,33.13,38.9,normal,0,2024-11-02 13:44:00
93,71.15,20.59,40.26,42.81,36.26,normal,0,2024-08-17 21:34:00
95,83.78,11.41,18.89,31.12,64.55,normal,0,2024-12-07 17:16:00
24,92.83,12.96,41.43,29.91,63.27,normal,0,2024-02-15 10:08:00
74,85.4,17.91,10.09,34.87,55.01,normal,0,2024-03-24 06:56:00
16,63.03,13.65,15.49,34.72,44.31,normal,0,2024-08-04 13:04:00
97,86.68,16.75,29.5,40.35,59.47,normal,0,2024-01-07 21:51:00
19,83.54,12.19,30.68,39.41,44.64,normal,0,2024-10-21 10:12:00
78,78.15,21.56,33.58,33.01,78.17,normal,0,2024-04-30 16:00:00
18,70.12,17.95,36.88,31.72,56.67,normal,0,2024-04-14 21:44:00
55,80.8,11.95,29.16,31.33,50.61,normal,0,2024-03-01 19:51:00
50,66.93,10.7,34.0,36.74,47.92,normal,0,2024-06-24 10:40:00
91,84.03,7.86,44.43,30.57,53.24,normal,0,2024-05-06 01:22:00
45,66.63,14.28,33.84,38.69,45.5,normal,0,2024-08-28 22:17:00
70,73.78,20.27,23.44,24.88,35.24,normal,0,2024-03-14 06:42:00
2,67.32,16.44,32.35,50.71,70.5,normal,0,2024-10-11 23:55:00
70,69.97,14.38,30.56,37.97,38.89,normal,0,2024-03-20 03:00:00
94,73.76,13.23,23.04,36.06,70.26,normal,0,2024-07-01 01:52:00
57,79.52,13.91,35.73,44.28,53.3,normal,0,2024-12-29 06:24:00
97,86.64,15.61,34.7,31.83,62.74,normal,0,2024-05-30 21:56:00
84,74.26,15.25,32.12,43.21,48.19,normal,0,2024-04-30 03:44:00
67,69.18,10.94,39.99,46.69,54.16,normal,0,2024-09-24 07:08:00
97,80.05,19.26,41.81,31.3,23.99,normal,0,2024-12-07 13:37:00
88,76.79,9.24,37.47,32.11,40.68,normal,0,2024-02-18 09:45:00
50,69.55,19.65,36.23,26.49,31.94,normal,0,2024-11-16 05:11:00
3,79.45,16.2,38.2,22.28,28.37,normal,0,2024-10-31 05:36:00
81,334.92,285.86,201.64,-2.1,-30.19,sensor_error,0,2024-11-12 10:29:00
78,70.65,12.73,36.5,32.33,47.62,normal,0,2024-03-02 06:06:00
33,111.64,51.78,41.93,47.68,68.96,real_anomaly,1,2024-11-06 17:39:00
21,77.27,13.25,47.02,44.8,66.02,normal,0,2024-03-16 02:58:00
74,82.66,4.48,28.61,30.87,22.36,normal,0,2024-07-22 17:46:00
10,85.6,15.75,42.77,44.91,53.16,normal,0,2024-01-29 04:37:00
45,78.35,19.86,51.84,42.59,59.71,normal,0,2024-08-03 20:23:00
87,75.75,17.62,12.99,28.63,57.79,normal,0,2024-01-08 13:37:00
85,72.09,5.76,39.07,20.23,57.77,normal,0,2024-05-21 04:30:00
99,75.81,7.42,33.99,33.25,73.54,normal,0,2024-01-19 21:15:00
35,77.21,20.45,47.24,28.12,58.44,normal,0,2024-09-27 05:57:00
82,74.05,17.83,40.87,36.06,77.94,normal,0,2024-12-25 14:37:00
52,65.37,21.32,5.8,33.64,25.06,normal,0,2024-02-25 10:55:00
79,70.08,10.81,24.9,40.43,34.61,normal,0,2024-02-20 02:38:00
25,60.79,14.17,42.55,27.87,55.26,normal,0,2024-10-10 09:25:00
60,66.65,12.23,36.14,24.77,58.14,normal,0,2024-02-10 10:46:00
96,85.44,12.96,15.96,40.24,40.25,normal,0,2024-04-30 23:36:00
55,69.29,15.14,26.72,36.16,50.98,normal,0,2024-06-23 08:30:00
86,75.14,13.25,43.57,33.65,64.56,normal,0,2024-08-07 05:56:00
43,86.23,12.28,47.37,34.77,61.22,normal,0,2024-02-03 21:28:00
19,78.77,13.35,41.51,29.2,68.73,normal,0,2024-09-24 20:32:00
75,71.87,20.0,40.23,40.46,37.18,normal,0,2024-03-20 01:25:00
45,68.93,10.92,49.75,38.95,48.89,normal,0,2024-09-12 03:36:00
7,76.08,12.6,45.48,38.43,50.17,normal,0,2024-12-17 23:34:00
2,86.64,8.39,41.74,34.65,45.36,normal,0,2024-04-09 04:19:00
88,93.18,15.33,36.25,38.45,21.79,normal,0,2024-04-10 19:21:00
38,74.34,19.92,43.25,35.61,46.31,normal,0,2024-08-21 04:06:00
74,68.87,12.49,28.4,33.57,61.15,normal,0,2024-03-11 05:21:00
58,59.06,15.5,22.59,38.64,64.94,normal,0,2024-09-25 15:12:00
53,74.23,16.94,40.72,33.11,30.82,normal,0,2024-11-25 11:43:00
78,84.6,14.99,35.88,39.15,50.46,normal,0,2024-06-19 02:33:00
57,93.11,17.8,50.12,36.94,49.02,normal,0,2024-09-25 05:06:00
100,85.0,16.06,44.88,43.46,67.41,normal,0,2024-03-17 14:18:00
3,73.72,14.94,21.24,33.83,37.36,normal,0,2024-09-29 08:21:00
79,73.7,10.83,48.54,33.97,44.83,normal,0,2024-04-20 13:50:00
78,84.06,13.64,36.15,39.26,32.53,normal,0,2024-01-24 07:57:00
82,78.03,12.66,27.75,35.9,50.05,normal,0,2024-09-06 08:23:00
15,79.95,17.39,45.28,38.05,36.98,normal,0,2024-12-16 16:41:00
42,59.07,8.51,50.57,33.76,42.11,normal,0,2024-02-16 02:34:00
59,74.4,20.13,35.82,32.99,36.92,normal,0,2024-08-21 15:34:00
25,63.2,13.87,24.75,37.08,64.84,normal,0,2024-04-05 04:30:00
39,75.26,13.69,36.0,38.13,69.78,normal,0,2024-07-25 10:35:00
40,73.08,16.69,24.2,30.6,34.71,normal,0,2024-12-01 06:01:00
63,67.99,15.85,7.67,35.6,59.84,normal,0,2024-09-23 11:33:00
60,81.65,9.64,37.74,27.98,11.94,normal,0,2024-03-06 16:15:00
46,73.91,10.24,38.21,30.72,38.18,normal,0,2024-06-09 00:49:00
75,80.69,8.03,28.05,40.55,40.65,normal,0,2024-02-27 04:44:00
47,73.19,19.42,16.26,28.2,10.0,normal,0,2024-01-15 07:42:00
61,82.66,16.86,26.45,38.53,53.79,normal,0,2024-11-26 10:11:00
18,76.37,10.17,31.29,27.42,41.06,normal,0,2024-01-22 13:48:00
69,80.05,15.58,25.67,36.38,66.41,normal,0,2024-06-23 07:23:00
46,74.12,25.4,46.96,35.0,37.77,normal,0,2024-04-27 07:08:00
45,73.63,17.19,50.55,37.73,56.47,normal,0,2024-02-01 12:52:00
52,85.11,16.51,34.43,39.06,67.83,normal,0,2024-04-27 10:20:00
13,77.7,16.15,36.29,35.48,45.54,normal,0,2024-04-05 02:53:00
33,63.33,12.29,52.57,28.34,43.51,normal,0,2024-11-15 16:09:00
98,71.13,14.91,40.38,34.58,56.01,normal,0,2024-11-15 15:15:00
86,62.58,12.23,43.84,34.35,23.9,normal,0,2024-04-18 22:41:00
34,74.74,22.51,33.85,29.52,10.0,normal,0,2024-02-26 00:53:00
82,90.71,12.9,24.28,45.38,48.65,normal,0,2024-09-28 13:16:00
43,83.14,15.17,31.86,35.26,32.7,normal,0,2024-04-23 18:54:00
12,79.5,9.36,23.89,28.67,52.57,normal,0,2024-01-31 10:18:00
87,63.14,17.64,38.56,41.83,24.55,normal,0,2024-05-13 17:04:00
95,69.96,20.34,21.51,34.07,49.26,normal,0,2024-12-12 07:39:00
93,92.43,11.55,30.71,32.73,68.43,normal,0,2024-07-21 13:52:00
7,84.12,12.95,24.51,46.65,52.42,normal,0,2024-06-17 09:13:00
91,72.59,20.65,48.88,33.32,54.33,normal,0,2024-02-20 15:36:00
20,70.04,20.29,19.34,36.21,24.15,normal,0,2024-05-30 07:52:00
68,71.53,19.35,55.67,36.43,60.94,normal,0,2024-10-23 05:56:00
61,100.0,18.84,40.69,39.11,71.67,normal,0,2024-02-05 12:44:00
86,70.93,10.74,32.09,37.73,48.29,normal,0,2024-03-17 05:13:00
64,69.79,17.05,29.06,36.28,80.37,normal,0,2024-11-04 02:58:00
37,68.62,15.53,35.09,34.34,27.73,normal,0,2024-12-25 05:35:00
79,69.86,15.55,31.09,36.75,37.06,normal,0,2024-03-05 17:36:00
58,81.88,11.63,26.42,39.16,69.03,normal,0,2024-01-12 02:59:00
82,66.48,11.95,55.35,31.26,64.2,normal,0,2024-10-12 11:44:00
71,78.7,16.04,29.02,31.32,48.52,normal,0,2024-02-17 03:52:00
50,67.2,19.88,21.72,37.91,46.58,normal,0,2024-04-12 10:01:00
81,80.66,15.35,16.18,38.15,47.55,normal,0,2024-08-13 19:05:00
53,85.23,9.83,29.61,36.66,34.54,normal,0,2024-05-12 16:09:00
25,62.04,12.46,41.0,34.34,56.89,normal,0,2024-04-27 02:49:00
90,84.76,23.45,40.83,37.0,60.51,normal,0,2024-08-21 05:27:00
48,83.63,15.44,46.89,24.3,31.1,normal,0,2024-12-30 08:31:00
88,70.18,15.11,56.43,38.8,75.8,normal,0,2024-11-15 11:28:00
61,68.44,19.12,30.09,41.64,38.35,normal,0,2024-12-27 15:24:00
93,68.49,17.09,30.29,32.29,38.17,normal,0,2024-06-16 11:58:00
84,79.61,18.11,37.04,35.41,55.96,normal,0,2024-06-18 22:29:00
92,91.19,8.74,14.64,36.07,53.72,normal,0,2024-06-10 11:27:00
52,80.22,11.69,13.56,34.31,44.47,normal,0,2024-04-29 17:35:00
17,83.38,18.93,29.69,37.05,40.47,normal,0,2024-06-28 22:26:00
11,80.29,15.08,41.55,36.19,41.68,normal,0,2024-01-12 00:16:00
12,78.76,13.81,29.21,36.48,56.07,normal,0,2024-11-12 04:03:00
88,72.67,9.82,46.46,34.39,55.08,normal,0,2024-07-09 11:18:00
44,82.26,14.94,31.16,41.45,41.99,normal,0,2024-11-17 06:13:00
2,83.3,15.56,31.77,32.65,26.24,normal,0,2024-01-07 01:31:00
3,76.32,17.96,24.08,34.2,55.18,normal,0,2024-09-19 16:48:00
8,74.74,15.48,27.52,35.66,37.54,normal,0,2024-06-10 11:28:00
55,77.55,17.1,32.85,25.9,38.41,normal,0,2024-04-09 02:17:00
23,80.65,12.82,26.91,34.22,84.75,normal,0,2024-10-06 17:46:00
47,79.22,14.48,13.89,37.57,61.61,normal,0,2024-02-16 19:09:00
85,72.36,18.96,30.32,43.21,43.68,normal,0,2024-10-31 16:16:00
14,66.51,13.15,51.84,22.6,32.13,normal,0,2024-01-12 13:19:00
71,75.72,16.4,58.13,37.84,47.5,normal,0,2024-01-03 10:42:00
71,72.11,15.16,24.84,43.95,68.9,normal,0,2024-10-11 21:46:00
87,71.75,15.66,27.93,47.0,58.62,normal,0,2024-03-15 11:29:00
64,75.24,15.53,31.65,26.28,49.87,normal,0,2024-02-26 20:00:00
72,70.7,18.24,48.64,33.89,41.45,normal,0,2024-05-09 03:59:00
12,67.56,18.2,45.88,40.64,50.88,normal,0,2024-04-07 13:36:00
91,65.05,12.2,29.29,33.61,55.17,normal,0,2024-05-12 06:13:00
82,80.46,18.04,40.13,37.38,63.37,normal,0,2024-12-29 00:18:00
19,75.2,16.76,13.8,23.46,37.38,normal,0,2024-02-20 09:57:00
27,73.99,15.88,39.29,38.8,71.4,normal,0,2024-11-11 00:38:00
46,80.13,13.16,57.52,28.84,76.27,normal,0,2024-06-14 02:15:00
81,79.71,13.18,10.62,49.7,51.91,normal,0,2024-06-16 16:47:00
16,64.65,14.4,32.93,34.77,55.64,normal,0,2024-06-22 21:46:00
61,93.29,12.33,32.61,31.39,53.17,normal,0,2024-02-23 07:52:00
43,78.29,20.61,25.62,40.28,42.04,normal,0,2024-03-02 14:49:00
81,79.85,13.07,40.6,27.31,46.4,normal,0,2024-05-04 14:52:00
42,79.12,15.98,50.52,33.11,51.47,normal,0,2024-09-04 18:09:00
9,64.09,21.14,22.08,38.74,53.82,normal,0,2024-07-23 09:17:00
62,79.66,14.47,26.94,34.49,61.05,normal,0,2024-03-03 01:25:00
60,67.66,17.44,40.31,42.39,69.88,normal,0,2024-10-13 04:25:00
87,77.3,4.74,28.13,30.67,58.94,normal,0,2024-05-31 21:09:00
47,86.13,14.57,29.02,35.65,29.92,normal,0,2024-02-05 13:50:00
7,74.02,18.13,32.84,40.83,57.38,normal,0,2024-10-11 17:06:00
52,80.28,9.76,53.43,38.48,39.35,normal,0,2024-05-10 04:04:00
58,80.26,18.66,49.97,40.88,53.8,normal,0,2024-05-19 02:27:00
12,87.62,11.0,31.08,41.0,58.76,normal,0,2024-03-14 21:21:00
2,493.08,-61.8,246.32,-13.54,281.35,sensor_error,0,2024-11-01 12:57:00
99,79.79,17.41,15.22,37.85,43.97,normal,0,2024-08-23 06:54:00
60,76.62,18.25,30.36,29.05,44.65,normal,0,2024-07-17 23:46:00
57,82.5,14.74,32.02,30.92,53.52,normal,0,2024-08-10 16:21:00
31,76.74,14.21,35.08,35.64,84.54,normal,0,2024-12-15 09:45:00
95,86.88,17.21,41.06,31.65,45.52,normal,0,2024-02-03 23:10:00
40,72.07,17.99,46.2,31.68,58.59,normal,0,2024-02-04 04:58:00
91,67.15,20.81,9.94,32.85,38.56,normal,0,2024-12-14 00:30:00
59,80.58,10.01,39.97,26.12,55.45,normal,0,2024-05-14 07:43:00
62,87.4,17.16,58.93,40.43,57.87,normal,0,2024-04-23 18:12:00
13,83.11,10.68,28.12,44.19,59.36,normal,0,2024-04-21 11:20:00
90,81.07,25.69,15.69,27.41,70.05,normal,0,2024-08-23 02:45:00
29,80.85,9.03,41.98,32.58,40.12,normal,0,2024-07-24 18:14:00
41,77.34,21.74,27.55,32.19,23.19,normal,0,2024-07-13 03:57:00
16,74.53,14.43,32.21,39.79,47.09,normal,0,2024-08-24 01:12:00
42,90.22,11.91,29.8,38.43,73.63,normal,0,2024-10-26 12:43:00
28,85.01,15.06,42.54,34.77,41.6,normal,0,2024-11-01 13:47:00
86,75.57,13.87,46.82,33.27,88.53,normal,0,2024-08-24 22:51:00
90,70.5,18.94,48.99,28.37,61.83,normal,0,2024-02-24 13:01:00
44,67.45,15.6,48.13,36.94,57.99,normal,0,2024-08-27 04:18:00
66,74.63,15.51,40.89,29.63,41.69,normal,0,2024-05-31 20:03:00
23,74.89,16.68,21.23,27.17,55.29,normal,0,2024-09-03 23:47:00
47,80.27,16.27,34.94,43.41,42.53,normal,0,2024-01-24 08:15:00
27,68.33,7.74,38.56,46.04,61.84,normal,0,2024-10-10 06:56:00
49,74.38,18.49,21.12,32.04,63.24,normal,0,2024-09-08 23:37:00
42,74.12,10.63,32.5,31.15,45.08,normal,0,2024-03-09 12:51:00
29,75.17,14.82,48.49,25.66,34.17,normal,0,2024-04-21 06:27:00
59,77.45,16.71,35.7,31.82,49.16,normal,0,2024-01-28 16:43:00
36,86.59,15.09,41.65,31.46,47.16,normal,0,2024-05-12 00:04:00
45,88.17,14.4,26.62,36.82,54.39,normal,0,2024-07-27 03:01:00
11,64.69,11.19,20.3,35.34,48.09,normal,0,2024-08-25 04:00:00
50,78.26,13.13,26.07,42.58,57.57,normal,0,2024-02-29 23:15:00
72,74.73,18.67,36.31,22.92,63.93,normal,0,2024-02-06 17:36:00
22,80.68,22.18,15.07,27.77,56.44,normal,0,2024-08-11 14:59:00
12,71.23,14.86,59.77,30.76,36.53,normal,0,2024-04-14 04:14:00
100,82.62,10.71,39.89,33.75,51.16,normal,0,2024-09-13 01:20:00
15,71.77,15.98,37.36,32.41,86.79,normal,0,2024-12-28 15:31:00
54,79.06,13.58,43.37,39.43,61.04,normal,0,2024-01-09 11:12:00
17,75.82,19.32,24.33,34.24,36.32,normal,0,2024-07-18 05:58:00
5,91.07,12.96,24.5,37.59,48.95,normal,0,2024-03-04 13:59:00
35,65.78,18.36,26.53,36.57,54.81,normal,0,2024-06-08 02:39:00
61,68.14,16.81,16.22,45.6,65.9,normal,0,2024-06-02 14:41:00
86,84.95,14.89,64.67,36.67,34.96,normal,0,2024-12-20 16:16:00
62,82.15,18.8,41.35,42.88,54.85,normal,0,2024-03-04 18:07:00
27,62.03,11.55,28.47,37.85,38.63,normal,0,2024-06-18 20:32:00
4,78.72,16.35,37.23,35.19,33.32,normal,0,2024-04-26 06:48:00
39,87.86,24.42,23.13,36.95,28.65,normal,0,2024-12-05 19:35:00
15,75.99,16.31,38.56,37.82,74.52,normal,0,2024-06-18 01:58:00
81,75.8,16.03,37.7,36.5,46.85,normal,0,2024-06-20 06:20:00
63,73.41,9.67,36.24,35.07,28.38,normal,0,2024-06-04 04:16:00
2,95.06,17.1,49.15,39.33,58.59,normal,0,2024-04-10 16:11:00
88,82.12,12.06,34.0,31.32,68.76,normal,0,2024-10-20 14:31:00
7,77.93,12.62,55.33,32.42,57.77,normal,0,2024-12-28 03:28:00
55,79.84,10.44,21.7,24.39,38.55,normal,0,2024-02-13 20:18:00
49,74.52,17.47,37.5,34.26,53.14,normal,0,2024-08-23 05:11:00
10,81.57,15.04,24.33,33.29,37.53,normal,0,2024-02-13 12:40:00
86,79.18,15.47,30.29,50.75,46.38,normal,0,2024-01-30 08:08:00
6,76.32,14.37,45.38,37.31,95.0,normal,0,2024-11-07 15:57:00
96,75.14,7.71,43.61,35.12,48.77,normal,0,2024-03-13 16:37:00
24,73.24,18.3,15.69,42.92,73.33,normal,0,2024-06-10 23:42:00
28,81.04,16.28,37.2,38.3,81.69,normal,0,2024-12-06 18:33:00
34,88.42,11.28,45.85,38.59,46.14,normal,0,2024-05-02 08:18:00
4,73.99,14.82,30.45,31.16,74.6,normal,0,2024-03-25 02:36:00
24,93.77,13.23,37.02,40.82,75.68,normal,0,2024-01-03 23:58:00
18,79.26,13.54,46.02,30.82,50.35,normal,0,2024-05-24 02:52:00
45,78.92,18.02,47.53,29.82,26.41,normal,0,2024-08-27 08:34:00
75,77.39,17.12,57.19,34.33,62.04,normal,0,2024-01-11 00:29:00
67,105.96,39.98,42.77,50.73,21.34,real_anomaly,1,2024-03-16 23:13:00
79,75.18,21.62,43.09,37.08,39.24,normal,0,2024-02-17 02:29:00
16,79.09,17.53,34.55,25.07,57.99,normal,0,2024-08-11 09:22:00
74,91.63,20.11,36.9,34.17,51.27,normal,0,2024-05-10 03:16:00
66,76.58,17.14,36.72,38.17,30.34,normal,0,2024-07-05 23:06:00
2,64.8,11.35,27.59,27.36,41.98,normal,0,2024-01-26 16:46:00
36,74.57,9.99,31.01,34.67,43.75,normal,0,2024-02-02 18:24:00
47,81.99,13.1,51.97,33.2,51.04,normal,0,2024-06-26 13:53:00
62,91.18,12.69,27.16,29.99,30.2,normal,0,2024-03-29 06:23:00
86,75.85,6.46,59.94,33.76,52.5,normal,0,2024-12-24 15:58:00
27,77.67,23.04,33.75,26.27,56.92,normal,0,2024-07-26 15:46:00
20,80.41,14.43,26.99,36.88,44.3,normal,0,2024-03-10 23:14:00
98,68.03,16.81,29.19,34.54,61.36,normal,0,2024-06-23 08:53:00
3,75.02,11.88,41.07,24.84,58.48,normal,0,2024-11-16 13:27:00
9,70.77,11.57,53.71,42.85,62.29,normal,0,2024-05-17 04:40:00
92,74.64,18.29,69.69,35.85,55.27,normal,0,2024-03-27 17:52:00
37,75.19,17.41,30.73,31.53,58.86,normal,0,2024-04-20 20:36:00
94,75.72,15.57,32.68,24.47,30.05,normal,0,2024-10-12 07:02:00
35,76.85,16.42,40.73,27.8,51.6,normal,0,2024-04-05 17:05:00
16,58.96,15.89,31.7,34.01,58.61,normal,0,2024-04-27 05:59:00
94,76.91,13.46,18.14,33.46,59.19,normal,0,2024-08-21 01:58:00
34,67.85,16.29,29.26,33.81,65.71,normal,0,2024-07-17 12:23:00
76,69.44,14.73,50.88,36.64,37.05,normal,0,2024-08-15 01:50:00
13,100.66,34.77,35.86,49.74,50.98,real_anomaly,1,2024-03-25 19:52:00
75,80.99,13.17,31.36,35.29,39.87,normal,0,2024-06-11 07:51:00
54,90.29,18.75,25.88,34.01,76.56,normal,0,2024-02-23 21:33:00
62,77.16,7.46,51.37,39.48,61.84,normal,0,2024-01-20 06:03:00
37,78.01,18.17,43.21,33.37,50.01,normal,0,2024-11-21 04:03:00
47,84.9,19.16,54.3,29.45,31.83,normal,0,2024-07-30 23:05:00
55,78.48,17.61,47.31,21.27,51.14,normal,0,2024-09-05 07:03:00
19,78.61,17.35,33.97,28.98,40.18,normal,0,2024-01-05 08:53:00
22,78.23,17.76,24.6,40.01,51.01,normal,0,2024-09-06 12:59:00
63,72.07,11.8,46.95,34.65,63.68,normal,0,2024-06-25 18:52:00
28,82.29,16.84,31.92,27.84,28.03,normal,0,2024-03-01 20:53:00
34,76.96,10.52,35.03,40.12,23.97,normal,0,2024-07-23 16:35:00
88,81.03,7.12,48.09,37.59,81.75,normal,0,2024-01-25 11:22:00
39,67.01,11.22,45.93,31.02,72.5,normal,0,2024-08-28 01:46:00
99,82.38,7.42,42.19,41.59,62.42,normal,0,2024-10-29 15:37:00
65,63.28,13.85,33.3,34.97,49.08,normal,0,2024-10-05 23:31:00
69,90.77,16.75,48.81,30.48,73.11,normal,0,2024-08-07 01:16:00
65,77.86,15.42,22.81,38.18,66.49,normal,0,2024-12-17 13:03:00
17,88.28,18.05,30.86,33.86,58.47,normal,0,2024-07-25 15:37:00
7,93.08,16.51,32.85,31.63,37.67,normal,0,2024-08-12 13:10:00
21,83.47,13.05,42.03,36.16,55.72,normal,0,2024-09-11 08:16:00
11,68.81,28.51,58.59,34.65,40.06,normal,0,2024-02-07 05:46:00
36,83.13,15.25,33.27,28.2,53.34,normal,0,2024-03-19 05:33:00
47,80.64,12.66,44.03,44.2,32.53,normal,0,2024-02-17 08:41:00
56,72.89,15.25,29.3,34.63,70.26,normal,0,2024-10-31 18:18:00
83,83.54,7.82,30.78,40.95,64.49,normal,0,2024-03-09 21:18:00
61,82.0,18.84,50.9,41.55,60.23,normal,0,2024-01-09 19:12:00
22,76.69,20.21,46.2,28.59,70.55,normal,0,2024-04-20 18:30:00
47,71.48,12.01,22.76,40.01,69.52,normal,0,2024-02-16 02:55:00
27,86.47,22.51,25.07,29.22,29.3,normal,0,2024-08-29 14:03:00
94,72.51,11.09,24.08,44.05,53.41,normal,0,2024-05-03 19:49:00
16,85.77,20.11,30.33,33.5,53.26,normal,0,2024-08-05 07:03:00
7,72.8,15.14,33.23,35.18,53.31,normal,0,2024-03-18 04:21:00
72,71.16,14.29,56.02,30.76,77.32,normal,0,2024-01-19 19:09:00
45,77.05,16.91,28.56,28.22,52.77,normal,0,2024-05-05 01:36:00
46,72.66,18.24,34.84,40.45,80.84,normal,0,2024-06-26 14:19:00
25,80.66,14.45,34.97,35.86,48.44,normal,0,2024-07-08 23:34:00
23,75.7,17.18,50.2,35.77,68.49,normal,0,2024-08-03 08:51:00
5,75.82,12.98,33.57,44.16,58.11,normal,0,2024-10-20 00:03:00
64,83.36,18.74,33.94,35.83,31.28,normal,0,2024-08-22 17:47:00
21,81.46,9.77,12.53,30.77,39.9,normal,0,2024-06-06 15:45:00
3,72.74,10.29,32.51,42.11,10.28,normal,0,2024-08-02 03:42:00
47,71.22,11.02,51.11,33.56,57.11,normal,0,2024-09-06 00:44:00
69,83.69,22.49,19.47,37.6,46.16,normal,0,2024-04-06 16:46:00
88,76.79,8.63,46.25,28.46,31.75,normal,0,2024-05-16 13:49:00
53,78.12,12.69,56.08,35.65,69.66,normal,0,2024-12-25 01:52:00
33,72.38,9.99,34.57,41.22,54.93,normal,0,2024-07-09 17:20:00
13,99.67,17.21,26.15,41.87,50.81,normal,0,2024-04-19 08:12:00
3,77.24,10.93,32.33,41.07,64.82,normal,0,2024-04-18 13:11:00
95,74.4,13.83,24.44,34.82,56.21,normal,0,2024-06-13 04:55:00
55,77.97,14.7,29.62,31.96,38.64,normal,0,2024-07-25 00:25:00
58,103.53,54.85,28.74,51.73,73.69,real_anomaly,1,2024-07-01 02:02:00
12,65.97,12.02,41.73,34.13,38.67,normal,0,2024-04-18 11:25:00
60,78.4,15.06,24.21,33.59,43.39,normal,0,2024-07-31 09:22:00
84,71.17,10.38,43.82,31.08,46.24,normal,0,2024-09-22 23:03:00
21,73.34,17.7,16.51,36.95,40.74,normal,0,2024-02-01 22:34:00
50,74.15,16.97,48.23,40.32,47.17,normal,0,2024-07-14 08:15:00
66,74.45,19.32,25.59,34.33,40.53,normal,0,2024-07-05 16:29:00
60,93.35,16.44,17.91,36.69,47.11,normal,0,2024-09-13 00:41:00
5,79.5,16.2,23.65,42.74,54.84,normal,0,2024-10-20 19:34:00
57,61.75,17.9,11.38,40.47,28.71,normal,0,2024-01-03 17:19:00
79,82.21,9.03,26.85,26.92,60.55,normal,0,2024-10-02 08:15:00
97,79.3,17.16,31.19,33.73,58.16,normal,0,2024-03-20 06:55:00
70,67.8,18.03,19.89,31.36,39.18,normal,0,2024-05-30 12:57:00
84,-45.41,-34.78,378.05,-35.42,281.24,sensor_error,0,2024-08-19 20:27:00
96,83.44,9.21,18.76,32.94,48.18,normal,0,2024-08-13 00:55:00
51,82.83,10.21,70.0,28.9,41.92,normal,0,2024-11-24 14:55:00
2,86.35,18.19,30.06,41.34,49.06,normal,0,2024-09-12 11:04:00
35,78.82,15.48,36.58,35.64,48.68,normal,0,2024-05-14 08:28:00
49,80.62,14.55,19.88,34.4,51.58,normal,0,2024-07-30 23:32:00
14,72.58,15.81,26.54,42.87,52.05,normal,0,2024-01-06 19:31:00
69,88.22,17.53,41.18,40.75,55.07,normal,0,2024-12-19 21:27:00
51,70.12,14.9,38.38,37.24,26.01,normal,0,2024-03-22 15:25:00
35,82.36,13.56,39.94,34.82,50.02,normal,0,2024-03-22 15:23:00
37,74.95,21.21,25.55,40.25,48.4,normal,0,2024-08-17 09:05:00
43,83.7,19.24,38.75,30.96,55.2,normal,0,2024-02-21 08:00:00
76,66.52,15.08,46.55,38.26,55.4,normal,0,2024-10-03 13:35:00
18,63.22,14.33,35.35,32.63,47.21,normal,0,2024-08-30 10:57:00
86,72.49,17.51,31.24,36.1,55.21,normal,0,2024-05-15 22:25:00
67,89.82,13.6,11.85,34.41,48.0,normal,0,2024-04-07 16:50:00
87,87.18,20.46,27.12,30.47,50.49,normal,0,2024-11-07 00:39:00
25,63.72,13.52,40.17,39.05,72.32,normal,0,2024-03-16 18:39:00
41,67.14,17.83,30.27,27.47,20.64,normal,0,2024-12-06 02:43:00
50,65.34,14.89,36.32,35.41,17.67,normal,0,2024-10-31 01:15:00
40,84.96,20.14,13.41,26.98,44.66,normal,0,2024-07-17 04:31:00
17,61.17,9.92,19.22,36.19,60.13,normal,0,2024-01-01 06:35:00
75,79.36,12.37,45.6,36.37,59.14,normal,0,2024-01-16 09:37:00
46,74.63,19.29,30.62,40.24,24.9,normal,0,2024-02-01 13:17:00
86,490.45,-22.58,299.05,-36.92,283.9,sensor_error,0,2024-05-17 13:03:00
48,41.32,29.76,32.49,56.8,57.15,real_anomaly,1,2024-07-05 14:52:00
49,73.75,13.33,40.32,32.33,46.87,normal,0,2024-04-21 15:36:00
49,82.45,12.77,28.47,45.21,51.39,normal,0,2024-03-05 22:43:00
58,82.96,14.86,41.68,27.4,32.39,normal,0,2024-10-10 16:44:00
21,80.1,17.61,41.27,44.21,58.04,normal,0,2024-04-02 18:09:00
26,77.19,18.87,36.89,31.88,46.59,normal,0,2024-03-26 11:52:00
35,85.5,7.31,30.43,28.33,38.0,normal,0,2024-07-20 18:49:00
84,63.6,16.59,27.85,30.43,44.38,normal,0,2024-07-03 22:42:00
11,83.23,15.64,40.86,37.0,51.0,normal,0,2024-06-29 06:08:00
53,91.13,14.52,25.14,32.89,40.46,normal,0,2024-02-10 00:33:00
12,57.75,15.96,56.9,35.7,59.43,normal,0,2024-03-27 17:54:00
86,73.15,13.8,44.14,41.89,42.18,normal,0,2024-10-26 11:58:00
7,77.87,13.36,34.76,39.13,57.04,normal,0,2024-08-26 00:24:00
9,81.91,9.76,53.21,38.08,33.2,normal,0,2024-12-21 23:57:00
78,86.66,10.48,26.02,39.17,22.12,normal,0,2024-04-19 16:58:00
70,-32.75,260.38,-31.18,-1.4,213.66,sensor_error,0,2024-09-01 20:55:00
34,82.05,12.37,45.46,34.37,72.13,normal,0,2024-11-14 00:42:00
28,68.56,14.62,62.93,41.11,47.57,normal,0,2024-09-21 19:47:00
80,75.14,13.09,36.76,37.77,55.73,normal,0,2024-07-08 23:33:00
21,86.95,19.7,32.85,29.83,47.57,normal,0,2024-11-04 06:53:00
72,72.39,14.98,25.65,42.82,64.77,normal,0,2024-03-31 09:25:00
14,91.57,11.44,47.05,26.9,36.1,normal,0,2024-10-08 15:28:00
35,85.81,18.55,44.45,34.75,51.0,normal,0,2024-03-20 07:28:00
80,87.95,16.54,16.64,36.25,36.77,normal,0,2024-10-08 08:00:00
72,75.45,16.94,41.56,34.74,38.16,normal,0,2024-04-05 17:31:00
92,68.78,16.5,48.11,28.46,59.94,normal,0,2024-03-16 02:18:00
42,79.11,15.54,33.28,35.63,79.56,normal,0,2024-03-19 00:05:00
47,63.63,20.76,38.16,26.8,16.44,normal,0,2024-09-28 12:57:00
46,60.71,12.39,34.21,21.67,55.91,normal,0,2024-08-29 21:11:00
68,75.16,18.75,36.64,21.35,41.43,normal,0,2024-11-15 21:18:00
46,83.09,14.09,29.98,44.4,46.05,normal,0,2024-05-10 03:16:00
84,87.05,17.68,25.77,33.27,48.45,normal,0,2024-08-18 12:28:00
55,73.76,20.78,46.31,32.42,45.07,normal,0,2024-01-23 19:19:00
69,85.91,9.02,25.12,39.77,38.67,normal,0,2024-10-07 22:43:00
35,481.8,410.01,378.04,-40.56,231.24,sensor_error,0,2024-09-13 22:39:00
77,72.13,16.43,59.3,34.69,59.98,normal,0,2024-03-07 00:30:00
1,71.48,18.02,24.43,39.24,44.31,normal,0,2024-06-11 08:09:00
11,78.59,13.85,22.27,36.28,24.7,normal,0,2024-02-04 12:29:00
59,68.97,12.8,36.76,29.13,70.52,normal,0,2024-02-01 04:54:00
92,71.64,15.55,30.14,34.83,27.23,normal,0,2024-01-26 10:47:00
33,94.34,17.06,63.44,42.11,35.66,normal,0,2024-03-12 02:35:00
16,75.62,14.87,48.54,33.23,58.19,normal,0,2024-05-29 10:14:00
17,72.07,10.63,42.64,43.29,22.76,normal,0,2024-09-17 18:08:00
21,83.3,9.56,24.52,39.7,62.17,normal,0,2024-06-06 04:56:00
39,-24.14,224.83,-32.18,-35.25,-44.93,sensor_error,0,2024-10-07 00:32:00
93,82.92,5.64,33.55,37.43,35.84,normal,0,2024-11-18 00:03:00
9,77.33,14.43,27.92,40.56,38.32,normal,0,2024-01-17 21:43:00
73,80.91,20.0,15.76,28.0,54.13,normal,0,2024-01-13 13:41:00
32,70.24,9.54,49.55,49.11,55.73,normal,0,2024-03-31 09:39:00
90,72.42,12.4,24.15,34.61,44.77,normal,0,2024-03-02 15:42:00
91,-44.95,-81.28,334.7,-44.34,255.28,sensor_error,0,2024-04-01 13:04:00
51,81.36,20.49,42.57,30.86,21.93,normal,0,2024-10-01 17:41:00
12,79.28,18.98,28.79,32.89,48.3,normal,0,2024-05-29 17:15:00
18,44.92,56.86,49.33,64.14,39.14,real_anomaly,1,2024-06-06 03:06:00
42,94.09,14.52,19.88,29.96,60.41,normal,0,2024-02-08 09:50:00
76,77.42,12.11,34.77,40.17,46.94,normal,0,2024-09-13 14:41:00
66,81.21,12.34,17.04,31.57,64.83,normal,0,2024-07-18 11:16:00
15,93.15,20.46,6.89,26.29,51.71,normal,0,2024-11-17 18:44:00
57,71.65,19.2,30.63,35.13,39.12,normal,0,2024-08-09 00:10:00
71,87.78,14.23,38.13,37.96,77.1,normal,0,2024-04-27 17:25:00
42,76.88,17.92,19.28,33.91,68.72,normal,0,2024-02-22 20:47:00
45,75.11,7.12,32.29,38.5,49.37,normal,0,2024-07-29 03:34:00
41,105.75,41.93,40.1,52.23,49.33,real_anomaly,1,2024-09-20 03:50:00
30,75.2,20.15,53.25,32.12,57.07,normal,0,2024-06-01 04:42:00
30,88.08,18.13,28.56,27.3,67.72,normal,0,2024-01-16 20:31:00
73,74.73,16.65,36.21,34.1,75.85,normal,0,2024-12-24 18:48:00
37,81.16,10.58,36.79,41.69,55.89,normal,0,2024-10-21 23:04:00
28,43.21,45.14,46.37,68.22,50.17,real_anomaly,1,2024-08-30 19:09:00
98,79.82,20.1,58.69,32.4,48.51,normal,0,2024-03-02 08:25:00
97,67.85,17.11,15.37,33.95,45.51,normal,0,2024-11-08 10:10:00
69,83.72,18.84,24.18,39.24,49.25,normal,0,2024-12-10 08:08:00
21,99.17,15.64,36.07,36.27,23.29,normal,0,2024-11-16 08:31:00
78,83.65,15.03,30.33,36.2,41.97,normal,0,2024-07-06 21:43:00
17,83.49,13.51,27.31,41.82,41.2,normal,0,2024-05-30 00:58:00
100,96.05,20.37,24.42,38.26,20.63,normal,0,2024-07-27 00:26:00
11,85.2,11.9,32.57,36.52,48.07,normal,0,2024-10-17 15:55:00
17,92.33,11.86,47.65,36.36,46.63,normal,0,2024-12-25 03:12:00
86,66.59,16.8,19.22,30.34,77.59,normal,0,2024-02-04 12:45:00
21,62.96,5.88,23.72,29.53,12.07,normal,0,2024-06-24 18:07:00
95,70.14,8.66,11.79,42.83,57.11,normal,0,2024-11-06 23:56:00
90,71.38,15.8,34.88,32.78,41.77,normal,0,2024-05-24 09:18:00
67,63.79,8.55,27.0,20.9,23.34,normal,0,2024-06-07 17:57:00
80,93.49,6.41,48.64,37.03,48.63,normal,0,2024-12-22 04:35:00
58,74.8,9.74,32.85,31.69,54.47,normal,0,2024-09-23 13:52:00
89,64.74,9.18,40.16,34.73,50.85,normal,0,2024-12-15 22:44:00
88,71.89,20.78,30.1,44.19,56.73,normal,0,2024-01-10 22:52:00
60,88.67,15.64,47.45,30.29,72.93,normal,0,2024-07-26 19:21:00
31,74.98,12.17,4.05,37.92,45.82,normal,0,2024-10-25 11:28:00
99,70.71,21.03,33.06,30.4,60.58,normal,0,2024-03-16 04:53:00
70,88.81,15.38,32.65,28.12,67.08,normal,0,2024-05-23 17:44:00
17,74.79,13.47,31.94,41.52,48.38,normal,0,2024-12-11 22:48:00
92,73.92,19.56,53.6,31.18,53.55,normal,0,2024-04-10 03:36:00
71,87.03,15.62,43.31,29.97,43.85,normal,0,2024-11-21 18:20:00
26,83.44,13.57,43.6,33.24,65.75,normal,0,2024-11-02 20:11:00
2,83.5,18.98,67.65,29.35,19.76,normal,0,2024-12-20 18:01:00
98,86.86,11.73,50.42,31.81,34.55,normal,0,2024-07-02 04:17:00
80,65.15,18.61,48.86,25.79,48.36,normal,0,2024-04-19 20:17:00
99,81.05,13.57,41.74,32.07,61.98,normal,0,2024-08-06 20:14:00
61,65.5,11.56,14.62,26.14,45.51,normal,0,2024-10-02 01:16:00
63,70.48,9.95,26.25,41.03,41.58,normal,0,2024-05-12 22:58:00
47,66.8,17.17,49.51,40.83,53.02,normal,0,2024-10-30 03:02:00
15,77.79,8.0,36.88,36.93,45.81,normal,0,2024-12-25 06:39:00
67,86.35,14.59,45.77,30.04,16.35,normal,0,2024-09-30 07:08:00
38,74.09,17.81,40.21,30.64,54.28,normal,0,2024-05-03 17:43:00
9,75.32,8.88,33.11,40.38,32.2,normal,0,2024-07-08 14:58:00
66,73.67,8.21,42.61,32.18,45.22,normal,0,2024-01-31 02:02:00
39,73.18,15.19,55.61,40.86,41.98,normal,0,2024-07-23 21:04:00
42,65.34,11.19,34.09,29.73,33.36,normal,0,2024-06-08 19:20:00
59,96.89,15.84,33.45,45.31,44.2,normal,0,2024-06-01 10:21:00
9,69.69,24.53,50.62,33.98,54.6,normal,0,2024-04-03 11:21:00
21,82.04,16.51,34.49,38.79,64.13,normal,0,2024-06-23 14:24:00
29,64.09,17.36,31.09,37.08,20.78,normal,0,2024-11-05 11:01:00
41,77.82,19.3,40.16,47.0,91.36,normal,0,2024-11-20 21:48:00
13,72.88,10.97,36.05,33.52,37.97,normal,0,2024-12-20 01:29:00
36,63.16,16.79,30.86,35.29,69.38,normal,0,2024-07-13 23:31:00
24,81.42,17.33,30.69,37.99,40.49,normal,0,2024-08-07 22:40:00
5,77.99,13.98,30.58,39.55,30.3,normal,0,2024-03-05 03:16:00
55,71.96,22.71,34.46,29.37,39.07,normal,0,2024-03-04 03:59:00
63,82.94,18.41,53.22,35.42,42.31,normal,0,2024-04-30 21:23:00
49,95.18,25.2,38.47,32.88,32.32,normal,0,2024-07-18 17:05:00
39,78.43,19.25,55.93,40.36,56.97,normal,0,2024-10-22 16:47:00
10,70.91,16.31,13.92,37.53,63.18,normal,0,2024-08-30 02:35:00
81,82.9,13.17,42.63,34.31,41.65,normal,0,2024-07-28 20:36:00
36,62.39,10.96,9.19,41.15,58.54,normal,0,2024-05-20 09:42:00
60,87.12,13.8,38.72,39.96,22.01,normal,0,2024-09-02 16:35:00
19,71.28,9.33,21.71,35.91,28.51,normal,0,2024-01-09 18:29:00
37,74.13,11.43,38.76,32.9,45.59,normal,0,2024-06-24 18:03:00
16,60.56,15.21,42.58,33.97,47.32,normal,0,2024-09-25 13:08:00
33,72.31,22.28,56.96,32.42,64.66,normal,0,2024-04-10 23:20:00
5,85.74,13.72,21.08,26.31,40.32,normal,0,2024-05-09 04:56:00
72,81.3,18.48,29.62,40.89,32.27,normal,0,2024-06-17 17:27:00
51,78.84,13.33,44.7,33.86,31.34,normal,0,2024-05-16 21:44:00
76,65.0,9.12,0.82,38.77,54.29,normal,0,2024-02-15 14:14:00
73,82.6,14.23,35.22,37.19,26.5,normal,0,2024-01-21 20:47:00
38,69.71,15.18,22.47,36.38,56.06,normal,0,2024-10-15 13:29:00
25,55.25,16.16,12.47,36.86,50.78,normal,0,2024-06-14 22:34:00
16,70.43,9.71,44.64,39.8,20.04,normal,0,2024-06-01 09:04:00
12,88.85,29.23,25.92,30.94,62.62,normal,0,2024-07-15 18:44:00
26,60.42,14.59,26.75,35.43,45.84,normal,0,2024-06-21 16:00:00
89,84.5,16.17,42.39,35.03,69.18,normal,0,2024-10-09 02:28:00
32,83.86,19.78,14.45,35.76,48.58,normal,0,2024-11-10 19:47:00
52,81.26,23.6,32.53,38.82,43.18,normal,0,2024-11-13 23:50:00
44,73.38,19.24,29.51,36.09,60.78,normal,0,2024-04-21 09:31:00
29,77.8,12.89,26.6,41.89,37.6,normal,0,2024-12-07 19:26:00
73,83.93,11.63,44.83,45.74,29.93,normal,0,2024-01-17 15:47:00
28,77.22,13.28,20.14,40.43,31.37,normal,0,2024-03-17 08:30:00
60,70.53,13.16,37.37,37.85,48.78,normal,0,2024-09-10 19:53:00
53,79.78,10.26,29.38,41.46,63.4,normal,0,2024-07-02 13:15:00
17,73.89,17.5,46.64,35.07,70.71,normal,0,2024-07-15 06:27:00
66,86.03,16.81,31.67,40.17,39.21,normal,0,2024-02-23 15:55:00
12,70.78,17.22,41.0,36.85,56.44,normal,0,2024-10-20 20:16:00
93,81.79,11.45,34.76,28.65,45.56,normal,0,2024-02-07 20:20:00
87,83.58,4.31,42.52,35.95,26.79,normal,0,2024-05-17 12:50:00
29,84.04,19.18,23.66,29.98,39.28,normal,0,2024-05-05 14:06:00
95,92.98,18.43,41.39,40.5,54.16,normal,0,2024-12-09 02:29:00
59,78.86,11.13,27.51,34.22,45.05,normal,0,2024-02-08 03:39:00
24,370.93,431.58,-29.5,-7.23,274.54,sensor_error,0,2024-01-07 20:02:00
15,80.32,17.85,36.14,34.83,36.2,normal,0,2024-05-01 00:42:00
66,78.65,22.16,38.65,29.79,29.43,normal,0,2024-05-07 10:27:00
35,64.94,9.72,58.07,37.49,37.55,normal,0,2024-03-27 09:44:00
69,85.17,18.79,31.42,39.67,58.64,normal,0,2024-07-30 19:39:00
45,73.73,15.12,30.26,37.87,38.46,normal,0,2024-12-04 14:35:00
39,81.74,27.47,32.69,37.92,44.23,normal,0,2024-07-08 00:07:00
94,89.08,8.63,37.19,34.3,58.5,normal,0,2024-11-22 05:09:00
80,82.2,13.46,34.43,27.46,42.86,normal,0,2024-02-14 20:10:00
99,79.11,13.62,32.74,39.24,58.07,normal,0,2024-11-21 12:24:00
16,74.88,19.42,11.0,34.94,59.92,normal,0,2024-06-12 00:49:00
98,90.67,13.49,51.1,33.31,56.33,normal,0,2024-09-06 08:28:00
68,82.02,17.49,35.12,31.09,40.78,normal,0,2024-08-24 19:58:00
22,72.87,17.21,43.89,31.56,38.01,normal,0,2024-07-28 11:44:00
27,85.43,21.5,27.46,38.6,51.15,normal,0,2024-11-01 15:13:00
78,65.15,14.77,39.82,30.71,33.19,normal,0,2024-08-10 18:09:00
32,75.63,15.93,51.04,23.55,33.97,normal,0,2024-09-01 20:38:00
5,71.76,21.77,39.34,30.38,61.87,normal,0,2024-12-13 05:44:00
68,68.81,17.06,23.6,52.35,77.73,normal,0,2024-12-13 22:23:00
80,81.25,24.52,36.15,29.12,66.17,normal,0,2024-02-07 17:17:00
63,68.09,20.54,32.12,31.52,29.98,normal,0,2024-09-20 08:57:00
81,86.77,22.29,51.33,35.1,70.45,normal,0,2024-10-26 00:55:00
26,67.94,15.95,46.25,32.07,57.84,normal,0,2024-07-11 15:35:00
86,85.06,14.36,24.8,41.66,43.38,normal,0,2024-07-24 03:57:00
47,69.33,15.11,33.69,32.15,49.24,normal,0,2024-01-04 02:54:00
46,67.67,17.16,40.31,26.62,39.26,normal,0,2024-04-12 05:40:00
76,89.63,11.27,22.67,30.94,59.12,normal,0,2024-04-15 20:36:00
48,73.45,15.61,34.01,38.11,50.8,normal,0,2024-01-17 09:16:00
25,85.74,10.23,39.13,32.28,87.91,normal,0,2024-08-12 09:22:00
17,68.44,16.97,27.4,33.92,71.45,normal,0,2024-07-04 04:08:00
35,86.35,9.61,34.49,39.51,52.58,normal,0,2024-07-11 09:39:00
84,73.13,16.64,24.58,37.56,62.22,normal,0,2024-06-03 06:56:00
25,67.25,19.86,27.59,29.1,47.86,normal,0,2024-03-18 18:10:00
60,82.51,8.32,23.91,29.75,46.89,normal,0,2024-10-01 10:59:00
20,84.9,14.9,12.58,31.36,66.23,normal,0,2024-03-21 07:47:00
4,87.52,12.7,36.86,26.94,64.55,normal,0,2024-10-21 23:21:00
21,81.72,12.81,40.06,37.23,47.23,normal,0,2024-01-03 01:06:00
92,75.0,23.57,26.76,35.96,52.05,normal,0,2024-08-24 11:12:00
79,82.57,17.15,18.07,28.28,64.84,normal,0,2024-11-30 07:48:00
52,89.64,16.95,25.98,38.55,43.11,normal,0,2024-01-18 15:45:00
77,79.9,18.16,46.58,30.31,53.58,normal,0,2024-06-17 19:49:00
15,73.11,13.29,20.07,36.14,52.32,normal,0,2024-09-06 23:16:00
27,71.1,13.69,16.82,26.29,48.83,normal,0,2024-01-04 16:10:00
73,73.63,19.06,41.38,37.75,27.72,normal,0,2024-11-05 22:18:00
59,84.69,19.18,43.2,45.34,40.76,normal,0,2024-07-26 11:03:00
34,67.26,15.69,41.01,39.55,57.36,normal,0,2024-10-31 19:33:00
25,84.84,17.53,32.66,32.69,66.46,normal,0,2024-05-24 11:01:00
99,68.03,12.67,21.74,34.76,70.55,normal,0,2024-07-04 02:32:00
64,73.27,13.37,34.82,37.43,50.77,normal,0,2024-04-16 10:37:00
18,68.02,23.57,32.08,30.68,44.94,normal,0,2024-05-14 18:06:00
65,78.49,27.67,43.84,38.38,44.54,normal,0,2024-05-22 05:25:00
44,78.78,19.98,29.37,36.95,54.17,normal,0,2024-07-31 12:36:00
92,98.17,17.57,28.24,34.92,66.19,normal,0,2024-06-01 13:33:00
10,86.17,16.27,31.92,44.78,35.74,normal,0,2024-10-29 05:09:00
91,68.98,21.51,17.9,43.23,32.95,normal,0,2024-03-19 02:43:00
51,75.37,17.51,44.1,32.64,26.14,normal,0,2024-12-24 00:12:00
76,73.08,12.84,60.17,24.28,39.89,normal,0,2024-11-23 21:46:00
99,72.17,14.7,37.73,36.6,36.62,normal,0,2024-05-09 01:50:00
95,83.05,17.43,12.28,36.08,15.27,normal,0,2024-07-23 08:51:00
12,68.63,17.48,35.1,32.26,55.72,normal,0,2024-12-23 10:46:00
34,77.32,13.11,34.75,31.22,40.78,normal,0,2024-02-21 19:44:00
95,79.63,10.11,45.75,35.85,61.4,normal,0,2024-04-03 01:07:00
23,87.82,13.4,52.88,31.72,35.53,normal,0,2024-02-27 02:32:00
58,70.5,11.25,58.91,33.1,76.59,normal,0,2024-03-27 07:28:00
79,76.69,13.7,35.57,41.57,76.82,normal,0,2024-04-06 20:23:00
20,78.27,16.37,33.38,36.9,55.46,normal,0,2024-07-30 13:37:00
97,70.71,18.95,48.71,39.09,36.44,normal,0,2024-05-01 02:06:00
59,94.63,8.26,34.87,44.1,69.46,normal,0,2024-01-21 03:46:00
98,81.76,14.84,26.86,31.36,58.18,normal,0,2024-05-13 21:02:00
26,68.68,19.98,31.27,38.79,53.04,normal,0,2024-11-10 21:10:00
99,74.16,14.57,47.71,40.3,46.96,normal,0,2024-12-08 21:05:00
2,84.4,18.17,46.89,36.8,74.58,normal,0,2024-01-16 17:29:00
28,69.15,17.27,41.09,40.81,41.76,normal,0,2024-09-18 12:58:00
32,88.77,13.05,33.62,49.42,94.97,normal,0,2024-12-25 22:05:00
47,68.19,15.68,3.07,37.43,58.19,normal,0,2024-01-08 02:49:00
29,70.92,21.19,52.34,45.16,34.61,normal,0,2024-10-17 18:56:00
31,70.83,18.03,26.92,33.18,35.15,normal,0,2024-08-01 18:11:00
76,79.81,13.89,24.09,27.82,39.86,normal,0,2024-09-15 21:27:00
86,87.97,11.45,33.03,29.53,36.42,normal,0,2024-12-26 19:32:00
59,84.27,13.47,41.57,35.61,38.34,normal,0,2024-01-14 12:35:00
35,80.05,16.16,37.0,36.16,42.56,normal,0,2024-08-29 02:44:00
81,72.96,16.19,39.14,45.43,38.08,normal,0,2024-03-26 03:39:00
36,71.46,14.98,43.54,34.32,57.4,normal,0,2024-07-20 15:01:00
85,74.7,10.4,38.31,31.24,59.8,normal,0,2024-06-15 10:21:00
73,68.02,8.01,33.2,27.52,52.19,normal,0,2024-01-25 17:14:00
69,-999.0,495.5,403.89,-16.46,-43.35,sensor_error,0,2024-05-19 15:01:00
16,70.66,16.91,43.67,34.67,80.98,normal,0,2024-01-16 12:56:00
10,88.33,15.95,32.62,24.81,43.62,normal,0,2024-12-01 16:39:00
25,76.86,5.23,42.81,38.17,73.47,normal,0,2024-06-13 19:42:00
43,70.67,10.04,40.33,39.41,46.87,normal,0,2024-02-01 20:02:00
95,80.74,19.57,30.98,38.78,64.54,normal,0,2024-10-04 05:21:00
28,76.66,10.43,31.37,41.54,57.34,normal,0,2024-10-07 16:45:00
49,71.13,17.64,45.17,45.46,45.1,normal,0,2024-01-07 12:10:00
33,85.0,19.75,25.55,40.18,65.36,normal,0,2024-06-18 11:05:00
84,68.5,15.45,38.49,33.84,40.49,normal,0,2024-04-15 03:52:00
82,76.39,12.5,35.03,32.61,63.63,normal,0,2024-02-27 09:26:00
87,63.35,25.94,39.72,45.78,43.03,normal,0,2024-08-07 23:29:00
42,84.16,10.48,20.57,29.23,40.27,normal,0,2024-12-12 16:55:00
42,82.71,16.48,44.69,42.09,61.24,normal,0,2024-11-04 10:06:00
89,65.15,14.72,27.18,32.73,47.07,normal,0,2024-07-06 12:32:00
7,75.44,18.04,45.4,34.92,76.77,normal,0,2024-03-15 03:21:00
52,64.9,20.86,50.51,34.92,46.24,normal,0,2024-08-12 14:25:00
57,77.27,12.86,23.05,26.68,45.78,normal,0,2024-10-14 12:08:00
55,82.93,18.26,41.54,27.28,68.13,normal,0,2024-09-28 21:29:00
68,74.09,19.61,27.42,33.73,51.73,normal,0,2024-04-14 03:25:00
96,77.03,20.58,60.42,38.7,42.46,normal,0,2024-10-12 14:49:00
2,255.78,-70.87,211.22,-30.97,-33.75,sensor_error,0,2024-10-23 00:05:00
51,67.1,9.58,25.16,32.6,18.65,normal,0,2024-07-04 06:01:00
73,76.76,25.77,52.42,35.86,59.14,normal,0,2024-04-09 05:01:00
89,89.7,13.49,16.64,38.26,38.09,normal,0,2024-07-04 21:43:00
100,105.16,53.26,34.83,53.25,76.27,real_anomaly,1,2024-05-05 09:33:00
76,63.03,17.15,21.92,46.97,48.1,normal,0,2024-08-04 06:15:00
27,70.73,5.28,32.26,35.15,59.05,normal,0,2024-08-07 19:56:00
19,81.03,17.37,23.51,42.15,46.99,normal,0,2024-07-13 14:00:00
5,87.13,11.54,39.85,48.12,35.28,normal,0,2024-02-09 11:30:00
57,84.41,16.67,25.43,28.88,52.72,normal,0,2024-08-14 21:23:00
21,71.06,14.22,41.77,32.88,47.84,normal,0,2024-11-05 05:10:00
1,66.64,9.11,51.49,34.02,65.89,normal,0,2024-04-14 03:06:00
84,82.59,14.65,48.47,32.78,21.7,normal,0,2024-06-07 10:19:00
8,74.09,16.88,23.9,40.22,38.85,normal,0,2024-03-23 21:25:00
58,71.16,16.09,34.85,31.51,70.63,normal,0,2024-08-05 00:05:00
8,76.33,17.16,22.87,41.63,54.69,normal,0,2024-04-30 09:51:00
17,84.5,15.44,35.15,29.51,40.76,normal,0,2024-12-26 08:02:00
32,89.65,20.99,20.0,40.41,41.96,normal,0,2024-06-07 17:29:00
26,59.61,9.61,50.73,41.84,23.61,normal,0,2024-04-18 22:17:00
97,85.44,12.67,37.58,44.16,51.56,normal,0,2024-04-22 13:41:00
2,-999.0,-73.62,-12.24,-14.46,-43.96,sensor_error,0,2024-08-11 16:20:00
94,71.91,13.71,49.85,32.49,28.12,normal,0,2024-04-05 15:53:00
50,90.27,16.17,35.76,33.59,63.28,normal,0,2024-01-13 01:32:00
23,68.87,11.92,55.45,28.69,74.51,normal,0,2024-09-15 08:51:00
19,73.62,19.72,28.28,42.37,39.25,normal,0,2024-07-29 06:25:00
68,61.63,17.73,34.22,33.63,62.26,normal,0,2024-03-09 01:02:00
39,77.98,13.4,40.52,40.9,61.55,normal,0,2024-05-23 15:13:00
50,69.12,6.73,22.72,31.05,33.36,normal,0,2024-07-24 13:31:00
7,80.87,19.97,32.62,39.17,41.71,normal,0,2024-06-22 19:48:00
12,80.55,14.67,27.45,29.51,32.0,normal,0,2024-06-18 18:47:00
41,74.51,12.57,27.28,33.42,27.62,normal,0,2024-04-04 10:13:00
45,71.34,16.05,28.91,34.03,40.65,normal,0,2024-11-21 21:38:00
36,81.04,13.79,11.05,41.62,55.98,normal,0,2024-06-30 02:26:00
44,83.77,19.26,31.2,29.24,33.68,normal,0,2024-05-31 23:23:00
47,64.11,10.06,38.95,30.36,78.01,normal,0,2024-12-29 13:54:00
1,84.79,13.2,47.84,29.28,74.05,normal,0,2024-03-04 14:37:00
69,73.76,10.46,36.3,33.88,52.52,normal,0,2024-09-27 07:55:00
33,57.76,14.38,21.11,35.71,59.81,normal,0,2024-08-06 13:26:00
60,80.95,14.48,23.59,37.59,49.15,normal,0,2024-01-19 01:25:00
1,69.4,16.16,42.33,40.42,38.06,normal,0,2024-08-08 18:30:00
77,92.57,18.79,27.68,30.88,25.28,normal,0,2024-11-27 18:41:00
15,81.94,18.93,37.3,34.74,26.62,normal,0,2024-07-11 00:13:00
82,70.7,11.36,13.77,45.46,59.26,normal,0,2024-02-17 06:59:00
61,78.97,8.47,51.57,31.69,55.32,normal,0,2024-05-06 15:52:00
54,84.25,14.04,38.38,34.33,72.08,normal,0,2024-10-16 20:11:00
37,75.92,12.92,35.0,35.1,60.68,normal,0,2024-06-17 06:07:00
69,71.28,13.62,36.44,37.49,62.56,normal,0,2024-11-04 16:45:00
47,79.02,15.69,42.16,32.34,32.07,normal,0,2024-06-25 22:37:00
48,79.56,16.82,32.06,26.98,21.66,normal,0,2024-12-09 09:08:00
17,71.16,12.94,62.82,35.89,49.81,normal,0,2024-03-08 11:16:00
69,68.84,10.4,44.66,30.08,35.0,normal,0,2024-07-22 00:30:00
11,80.96,12.66,35.37,34.59,34.68,normal,0,2024-12-03 07:57:00
8,86.12,22.52,43.92,36.17,52.99,normal,0,2024-03-25 09:12:00
84,74.47,15.74,33.45,28.6,21.41,normal,0,2024-08-05 18:25:00
33,74.64,16.69,28.01,41.57,55.82,normal,0,2024-11-25 21:54:00
28,75.57,18.08,41.93,29.01,54.61,normal,0,2024-01-19 20:06:00
27,72.99,16.42,34.36,33.09,41.79,normal,0,2024-03-05 17:04:00
82,84.9,15.56,33.04,32.36,46.96,normal,0,2024-03-22 20:48:00
1,81.74,18.55,40.12,33.19,42.39,normal,0,2024-07-26 11:16:00
60,72.62,13.84,19.34,34.89,35.89,normal,0,2024-08-01 18:33:00
52,88.02,9.03,25.62,26.95,51.7,normal,0,2024-01-15 17:01:00
80,80.05,14.75,22.76,30.53,63.84,normal,0,2024-08-05 06:46:00
3,83.16,11.7,32.41,38.12,68.76,normal,0,2024-09-09 00:12:00
87,76.96,16.56,23.52,32.5,68.76,normal,0,2024-07-27 12:27:00
97,65.13,24.01,33.97,28.7,43.2,normal,0,2024-11-23 22:40:00
16,86.35,13.49,33.66,27.55,55.27,normal,0,2024-11-19 07:40:00
94,79.72,15.13,27.17,36.41,54.09,normal,0,2024-01-28 05:02:00
11,83.31,27.6,35.39,33.91,58.35,normal,0,2024-12-30 13:26:00
88,81.12,18.7,27.04,34.33,61.72,normal,0,2024-09-16 22:42:00
11,84.69,20.98,28.88,31.63,61.78,normal,0,2024-02-18 11:18:00
76,84.36,13.7,24.64,31.1,74.39,normal,0,2024-04-24 18:06:00
18,73.54,15.12,22.16,41.23,53.58,normal,0,2024-11-03 21:28:00
48,77.85,19.63,30.89,33.89,63.18,normal,0,2024-01-20 16:40:00
26,109.28,44.02,44.7,47.3,48.03,real_anomaly,1,2024-09-12 18:15:00
4,81.71,12.81,30.05,30.41,58.54,normal,0,2024-11-02 03:08:00
21,80.65,22.13,40.18,31.2,50.66,normal,0,2024-09-25 05:16:00
1,83.62,16.73,45.55,27.58,62.82,normal,0,2024-02-06 03:13:00
96,75.69,22.27,36.64,29.78,64.48,normal,0,2024-07-05 23:02:00
59,70.05,20.77,45.35,31.03,48.76,normal,0,2024-12-16 10:00:00
95,88.96,18.73,46.09,39.17,47.44,normal,0,2024-10-30 18:44:00
4,68.94,15.91,44.65,29.87,23.6,normal,0,2024-02-13 10:07:00
13,79.07,15.58,26.05,30.32,40.28,normal,0,2024-04-10 05:50:00
43,85.97,20.66,22.7,35.02,47.33,normal,0,2024-03-25 03:15:00
84,71.79,24.1,43.19,30.65,43.8,normal,0,2024-03-25 03:16:00
13,76.8,17.25,45.72,31.61,39.03,normal,0,2024-03-22 05:23:00
35,76.29,7.82,52.64,30.51,47.68,normal,0,2024-09-22 02:35:00
75,80.04,19.71,52.26,25.29,52.8,normal,0,2024-05-08 02:26:00
22,66.2,15.18,42.68,31.07,32.23,normal,0,2024-03-25 18:23:00
47,64.48,16.05,26.22,41.93,54.62,normal,0,2024-04-02 18:45:00
81,79.57,12.78,31.84,38.08,67.58,normal,0,2024-03-13 03:41:00
72,67.77,14.15,38.57,33.59,34.33,normal,0,2024-12-30 00:33:00
65,73.95,15.79,31.54,31.58,46.2,normal,0,2024-11-15 07:39:00
92,67.23,22.22,9.15,37.27,70.2,normal,0,2024-07-04 13:24:00
50,74.33,13.32,42.91,44.69,32.84,normal,0,2024-02-15 23:16:00
40,79.14,12.68,35.03,28.08,46.51,normal,0,2024-01-23 15:55:00
24,65.78,11.02,49.64,41.05,60.27,normal,0,2024-03-06 20:44:00
37,83.42,20.95,51.03,35.85,59.14,normal,0,2024-04-03 08:02:00
54,86.18,12.74,40.43,25.16,27.32,normal,0,2024-02-03 13:39:00
66,62.96,16.65,38.47,36.17,44.81,normal,0,2024-04-03 19:10:00
27,98.56,14.57,31.98,39.43,75.39,normal,0,2024-03-08 14:22:00
54,83.33,19.39,22.54,33.96,45.47,normal,0,2024-07-01 04:34:00
63,70.03,13.42,24.91,31.56,38.95,normal,0,2024-03-17 13:53:00
8,79.06,11.82,18.3,32.73,63.25,normal,0,2024-06-06 20:16:00
92,84.52,14.94,33.72,33.79,67.79,normal,0,2024-01-06 01:14:00
4,78.22,15.37,43.74,29.38,37.45,normal,0,2024-06-02 11:57:00
50,74.01,13.13,45.85,29.97,28.3,normal,0,2024-08-09 03:29:00
96,79.5,20.26,16.82,35.49,43.94,normal,0,2024-12-04 06:37:00
43,81.3,17.06,28.54,40.17,47.78,normal,0,2024-09-20 12:45:00
74,87.27,14.17,49.46,33.76,34.58,normal,0,2024-04-09 08:21:00
10,84.67,14.45,31.51,34.89,65.54,normal,0,2024-11-08 13:26:00
75,81.86,14.05,21.58,25.5,58.43,normal,0,2024-05-04 07:41:00
81,75.51,18.86,29.74,31.3,78.97,normal,0,2024-05-11 07:15:00
90,76.49,14.21,25.79,20.95,72.38,normal,0,2024-02-05 07:59:00
22,77.15,6.92,35.23,44.56,52.93,normal,0,2024-04-23 18:39:00
68,88.35,19.42,25.72,26.16,48.58,normal,0,2024-01-11 07:12:00
19,73.1,16.24,15.4,37.06,26.62,normal,0,2024-09-28 12:57:00
82,70.32,11.98,38.44,32.37,29.48,normal,0,2024-01-24 09:32:00
67,70.41,15.16,35.57,39.11,37.91,normal,0,2024-03-14 23:41:00
24,58.99,18.54,31.69,37.75,41.66,normal,0,2024-04-14 12:17:00
49,77.98,15.84,19.27,35.8,67.46,normal,0,2024-06-23 20:43:00
2,78.13,9.91,18.61,26.1,46.17,normal,0,2024-11-30 06:10:00
44,75.61,15.74,37.56,33.11,77.56,normal,0,2024-03-12 09:41:00
87,70.36,14.8,33.71,32.24,29.93,normal,0,2024-09-20 00:24:00
8,71.18,23.59,33.74,34.6,54.03,normal,0,2024-11-16 03:07:00
37,67.58,12.28,24.93,37.11,36.62,normal,0,2024-06-14 09:56:00
1,71.67,12.16,32.41,37.2,39.82,normal,0,2024-08-09 11:39:00
40,76.83,14.02,32.55,36.81,70.63,normal,0,2024-12-25 08:51:00
78,64.57,18.04,34.63,35.77,45.59,normal,0,2024-08-22 06:53:00
11,86.25,12.28,43.08,42.17,30.74,normal,0,2024-03-27 14:09:00
30,305.54,270.35,305.28,-32.78,209.16,sensor_error,0,2024-06-27 06:05:00
92,70.85,7.44,12.68,39.01,93.61,normal,0,2024-10-15 18:41:00
39,105.23,50.4,35.54,54.39,56.34,real_anomaly,1,2024-05-25 00:37:00
82,72.08,14.88,35.2,34.17,51.94,normal,0,2024-09-13 02:18:00
89,70.03,20.0,50.5,33.24,61.05,normal,0,2024-05-21 06:39:00
16,78.15,18.11,45.81,35.83,48.02,normal,0,2024-08-20 13:30:00
65,83.54,8.77,64.03,40.96,40.76,normal,0,2024-02-05 03:42:00
76,83.92,18.28,45.4,30.79,61.36,normal,0,2024-01-13 23:49:00
29,72.54,18.04,21.26,35.49,66.2,normal,0,2024-08-14 10:15:00
42,73.68,9.6,40.17,29.2,25.8,normal,0,2024-01-17 12:05:00
43,73.39,20.22,49.14,20.0,56.56,normal,0,2024-08-15 04:45:00
76,76.42,13.32,29.1,26.94,47.61,normal,0,2024-06-28 06:16:00
75,72.03,12.38,30.24,37.93,45.47,normal,0,2024-10-05 09:20:00
32,84.54,20.51,33.93,40.39,36.14,normal,0,2024-05-25 21:58:00
32,81.01,21.28,40.07,36.62,46.56,normal,0,2024-07-30 13:03:00
45,81.76,15.0,33.88,35.3,48.53,normal,0,2024-09-21 17:35:00
31,70.78,17.61,26.52,35.67,58.71,normal,0,2024-01-11 00:13:00
94,74.96,18.28,18.54,36.2,47.72,normal,0,2024-03-21 23:00:00
77,77.11,20.07,9.09,31.72,24.04,normal,0,2024-01-09 18:28:00
23,67.59,17.53,14.71,29.35,70.61,normal,0,2024-07-28 05:02:00
29,76.35,17.8,17.05,31.55,39.68,normal,0,2024-11-25 23:17:00
88,76.51,19.45,51.54,33.96,46.64,normal,0,2024-10-02 06:01:00
15,82.63,20.76,32.18,36.61,67.93,normal,0,2024-06-21 00:54:00
14,79.46,12.53,26.27,38.35,28.27,normal,0,2024-01-19 16:37:00
52,76.56,16.87,4.64,46.63,65.59,normal,0,2024-06-12 16:45:00
54,79.36,12.39,40.81,31.0,63.51,normal,0,2024-05-19 01:11:00
75,74.82,9.87,36.37,43.57,27.11,normal,0,2024-07-19 22:45:00
68,-17.92,-58.89,359.39,-5.45,154.74,sensor_error,0,2024-09-13 22:24:00
56,87.13,13.43,29.03,34.58,70.19,normal,0,2024-11-02 00:36:00
97,67.35,11.21,28.64,40.47,60.8,normal,0,2024-03-15 04:45:00
82,76.9,16.7,9.69,43.69,51.02,normal,0,2024-11-28 13:00:00
28,92.76,17.76,42.53,34.14,54.04,normal,0,2024-10-10 19:53:00
12,77.33,11.52,22.27,33.94,42.9,normal,0,2024-11-08 16:54:00
53,82.98,13.17,46.17,40.23,26.89,normal,0,2024-01-10 05:20:00
78,76.12,13.42,7.61,42.16,47.11,normal,0,2024-09-27 22:40:00
46,66.84,6.98,34.93,42.85,62.97,normal,0,2024-08-29 02:58:00
47,77.71,12.21,57.98,23.09,69.02,normal,0,2024-06-13 13:57:00
25,75.5,14.91,39.53,39.27,38.57,normal,0,2024-06-05 18:41:00
27,70.76,16.77,36.11,32.14,40.12,normal,0,2024-06-11 16:46:00
81,85.39,17.72,28.32,37.39,47.1,normal,0,2024-06-13 00:57:00
73,79.08,6.93,50.6,36.29,48.8,normal,0,2024-09-07 17:06:00
42,79.35,15.83,27.51,40.06,86.7,normal,0,2024-06-15 12:06:00
75,72.04,10.74,57.15,37.44,54.8,normal,0,2024-07-10 20:28:00
59,78.66,15.3,32.5,40.22,47.99,normal,0,2024-09-09 21:01:00
8,84.33,17.03,56.96,36.1,45.65,normal,0,2024-10-09 06:36:00
93,71.07,20.11,29.74,33.84,28.98,normal,0,2024-05-22 06:37:00
8,75.6,13.34,21.61,32.01,33.35,normal,0,2024-03-16 12:17:00
55,69.83,16.61,32.22,27.22,43.07,normal,0,2024-05-25 15:21:00
62,75.2,21.98,29.31,33.85,46.5,normal,0,2024-06-18 01:30:00
54,82.14,15.12,0.23,37.78,68.59,normal,0,2024-06-27 16:03:00
11,74.96,11.61,52.64,38.24,60.69,normal,0,2024-06-12 14:28:00
90,77.43,17.42,18.95,32.94,59.32,normal,0,2024-04-14 18:16:00
22,79.92,7.59,33.99,34.18,63.96,normal,0,2024-07-16 22:46:00
24,74.27,5.02,36.37,39.44,72.88,normal,0,2024-05-31 05:25:00
6,78.09,8.92,57.04,38.5,42.61,normal,0,2024-08-29 22:58:00
31,79.76,19.63,18.88,31.72,23.33,normal,0,2024-03-11 11:34:00
85,85.01,14.56,16.18,25.81,32.1,normal,0,2024-02-04 14:42:00
53,83.48,16.37,41.61,29.39,25.88,normal,0,2024-10-08 08:37:00
4,-24.11,-26.2,495.31,-11.19,-35.69,sensor_error,0,2024-06-04 07:04:00
90,74.63,21.03,30.72,40.66,74.09,normal,0,2024-12-23 20:05:00
66,82.55,19.98,44.86,31.71,39.14,normal,0,2024-02-12 11:12:00
36,84.39,15.57,32.77,28.2,76.35,normal,0,2024-01-04 20:19:00
86,85.69,15.32,38.12,38.54,40.49,normal,0,2024-10-18 07:07:00
18,83.55,9.68,33.03,40.23,29.72,normal,0,2024-10-22 17:55:00
57,79.79,20.39,33.26,36.5,62.0,normal,0,2024-03-29 04:15:00
29,65.24,8.26,32.33,40.33,78.44,normal,0,2024-07-26 11:22:00
27,70.62,8.44,40.49,44.02,39.21,normal,0,2024-04-27 02:07:00
70,75.2,12.91,43.15,26.18,23.89,normal,0,2024-08-13 22:16:00
6,78.27,13.09,45.79,32.21,37.85,normal,0,2024-03-07 14:43:00
20,73.0,9.62,49.7,36.35,62.21,normal,0,2024-11-27 10:59:00
9,61.47,16.57,19.47,37.34,50.94,normal,0,2024-03-01 03:57:00
5,104.57,33.17,45.21,43.35,29.66,real_anomaly,1,2024-06-11 21:58:00
14,79.43,13.12,42.89,42.49,60.75,normal,0,2024-05-10 22:58:00
35,76.57,11.4,34.07,36.93,65.27,normal,0,2024-08-29 22:46:00
17,72.39,11.53,29.99,39.35,76.34,normal,0,2024-12-14 15:50:00
8,70.83,17.18,47.51,35.21,66.89,normal,0,2024-08-05 05:18:00
13,83.62,15.31,42.69,31.76,43.05,normal,0,2024-11-12 20:57:00
14,84.47,13.63,39.45,36.53,22.81,normal,0,2024-12-04 11:49:00
47,88.48,16.67,11.14,37.21,25.93,normal,0,2024-06-20 02:15:00
71,78.68,17.71,30.79,36.98,50.44,normal,0,2024-01-21 17:04:00
82,64.35,10.25,31.25,40.69,46.45,normal,0,2024-12-19 08:42:00
25,69.39,13.56,46.94,30.89,46.97,normal,0,2024-01-12 15:39:00
30,73.52,15.32,36.0,27.63,68.72,normal,0,2024-03-10 21:43:00
37,81.23,11.82,9.43,27.18,52.56,normal,0,2024-08-14 09:35:00
63,86.28,5.2,54.27,33.39,52.33,normal,0,2024-06-22 13:48:00
11,67.86,13.97,43.03,34.32,57.74,normal,0,2024-01-02 17:56:00
97,69.98,14.73,43.5,42.34,67.86,normal,0,2024-10-13 04:12:00
1,73.72,17.37,25.13,36.56,86.64,normal,0,2024-10-27 09:25:00
62,70.72,16.22,27.75,35.92,47.63,normal,0,2024-04-18 10:38:00
21,78.25,7.17,31.64,38.33,35.05,normal,0,2024-06-30 19:58:00
28,78.64,13.36,43.67,35.9,60.35,normal,0,2024-09-24 01:35:00
30,75.87,15.45,12.8,27.59,46.44,normal,0,2024-02-26 02:27:00
28,74.46,14.59,16.9,34.65,70.45,normal,0,2024-12-23 18:36:00
65,45.05,55.77,34.24,42.72,43.78,real_anomaly,1,2024-02-22 16:54:00
44,76.11,19.16,43.77,41.11,52.52,normal,0,2024-05-08 23:34:00
17,88.33,13.25,36.37,34.86,50.03,normal,0,2024-01-21 10:47:00
21,91.68,16.22,46.22,29.5,32.75,normal,0,2024-10-06 22:59:00
36,79.37,11.75,29.96,28.46,17.81,normal,0,2024-04-04 00:28:00
25,82.0,14.2,35.19,43.5,45.18,normal,0,2024-03-17 12:59:00
18,84.0,13.15,23.7,41.91,50.64,normal,0,2024-09-18 23:47:00
56,66.84,18.61,36.33,30.5,39.37,normal,0,2024-03-23 23:09:00
49,85.0,10.51,30.35,35.92,39.48,normal,0,2024-05-13 11:53:00
92,66.8,18.22,40.19,34.89,53.86,normal,0,2024-02-14 19:01:00
81,90.08,22.93,20.88,33.51,14.69,normal,0,2024-09-27 20:54:00
23,76.15,9.13,50.62,29.65,53.13,normal,0,2024-08-02 18:02:00
18,77.03,20.58,31.68,30.57,61.35,normal,0,2024-09-09 19:33:00
43,79.88,16.75,36.21,44.33,45.13,normal,0,2024-01-01 11:42:00
65,72.46,12.46,34.53,34.74,41.77,normal,0,2024-03-01 02:25:00
90,70.61,16.34,45.61,33.92,76.95,normal,0,2024-01-20 18:28:00
83,86.43,9.82,19.05,38.52,60.89,normal,0,2024-02-19 17:43:00
7,84.31,12.15,56.11,37.65,54.32,normal,0,2024-06-27 04:36:00
99,74.53,12.68,33.09,29.37,47.26,normal,0,2024-02-28 07:19:00
45,76.63,15.01,19.65,39.43,38.38,normal,0,2024-11-26 00:07:00
34,73.66,17.81,30.72,33.17,45.8,normal,0,2024-02-09 19:49:00
38,64.69,9.09,31.7,27.24,50.29,normal,0,2024-12-17 17:11:00
40,69.41,16.67,29.39,39.39,55.21,normal,0,2024-01-23 16:48:00
77,74.11,5.82,46.92,35.21,47.0,normal,0,2024-09-21 20:24:00
2,70.82,13.35,51.7,35.77,28.66,normal,0,2024-04-08 06:25:00
62,83.77,11.11,33.27,27.61,57.48,normal,0,2024-11-12 18:49:00
97,84.45,14.17,39.89,34.97,34.14,normal,0,2024-01-21 06:58:00
30,68.11,21.18,13.17,33.07,24.72,normal,0,2024-07-11 19:43:00
37,71.25,6.12,31.25,31.67,48.7,normal,0,2024-03-18 20:36:00
50,81.79,7.98,39.77,33.72,57.37,normal,0,2024-08-02 11:18:00
66,71.2,15.78,40.44,41.64,50.44,normal,0,2024-08-29 18:58:00
99,69.62,11.35,28.69,29.39,50.73,normal,0,2024-10-02 16:45:00
62,78.03,10.62,29.99,25.59,56.22,normal,0,2024-11-27 09:36:00
19,75.48,9.23,35.79,33.36,68.65,normal,0,2024-09-25 16:59:00
55,85.4,13.53,41.24,37.88,42.76,normal,0,2024-05-29 03:25:00
15,70.73,6.49,15.66,36.64,34.61,normal,0,2024-08-31 17:12:00
69,69.94,17.57,25.83,36.11,50.88,normal,0,2024-06-11 09:06:00
57,61.29,12.84,54.95,31.74,50.08,normal,0,2024-12-28 01:03:00
20,80.21,22.15,53.51,37.22,35.23,normal,0,2024-07-16 08:56:00
79,73.2,17.47,29.78,35.72,43.29,normal,0,2024-11-04 21:11:00
28,82.35,12.43,26.59,34.23,63.65,normal,0,2024-03-07 01:48:00
89,77.56,14.33,35.22,39.83,28.37,normal,0,2024-04-19 22:17:00
7,68.72,13.93,19.32,36.11,62.44,normal,0,2024-09-18 12:10:00
20,70.04,19.66,54.51,36.43,48.44,normal,0,2024-08-31 11:31:00
29,75.29,17.18,22.78,42.98,45.66,normal,0,2024-03-26 15:59:00
88,73.21,17.5,18.61,43.33,48.9,normal,0,2024-09-25 16:36:00
61,85.77,18.34,20.26,40.36,61.33,normal,0,2024-05-29 19:11:00
89,78.64,20.77,43.84,39.54,36.14,normal,0,2024-12-12 13:53:00
38,67.46,19.15,27.88,28.95,38.48,normal,0,2024-02-05 03:41:00
20,61.57,9.42,29.5,30.12,49.92,normal,0,2024-09-04 17:59:00
22,72.8,12.77,47.9,40.28,69.74,normal,0,2024-02-06 12:00:00
80,76.01,8.74,50.31,37.42,64.8,normal,0,2024-09-14 11:55:00
35,72.42,11.91,33.26,32.33,45.47,normal,0,2024-05-10 11:44:00
53,72.85,13.63,47.93,33.39,66.43,normal,0,2024-12-17 11:45:00
87,67.3,12.25,21.39,32.13,46.85,normal,0,2024-09-30 14:44:00
54,79.89,9.79,33.04,27.79,25.53,normal,0,2024-05-20 20:37:00
97,71.38,12.21,23.11,39.15,42.48,normal,0,2024-09-24 05:35:00
1,85.27,19.73,42.71,36.91,34.28,normal,0,2024-02-20 22:11:00
9,82.79,12.04,50.05,29.72,38.51,normal,0,2024-01-24 05:21:00
29,82.07,14.7,29.85,38.27,48.92,normal,0,2024-01-19 04:39:00
80,77.46,14.52,53.29,27.19,39.6,normal,0,2024-02-21 15:01:00
68,90.46,7.49,12.28,38.75,48.09,normal,0,2024-10-11 01:50:00
47,84.32,14.33,32.68,29.76,55.56,normal,0,2024-04-08 09:14:00
70,74.48,15.7,32.81,39.05,57.85,normal,0,2024-12-17 14:15:00
76,73.79,17.57,50.25,35.51,46.92,normal,0,2024-10-16 11:25:00
17,72.01,12.2,46.73,26.21,52.81,normal,0,2024-07-26 07:26:00
29,77.62,17.23,15.76,24.97,68.68,normal,0,2024-08-06 12:29:00
43,80.96,15.43,34.46,44.33,52.6,normal,0,2024-04-14 04:18:00
53,74.52,14.41,28.18,40.82,58.54,normal,0,2024-05-21 20:12:00
78,69.32,14.23,28.11,42.95,73.41,normal,0,2024-01-04 05:30:00
95,70.48,7.1,25.29,29.8,72.45,normal,0,2024-04-03 11:33:00
70,79.55,14.99,33.76,28.72,42.52,normal,0,2024-12-02 13:40:00
86,79.94,12.23,40.42,35.2,44.6,normal,0,2024-07-06 08:30:00
19,83.32,9.8,8.09,46.37,59.32,normal,0,2024-11-20 18:28:00
46,71.15,8.75,46.78,31.28,49.93,normal,0,2024-02-21 06:28:00
85,57.59,12.78,29.95,39.76,41.38,normal,0,2024-05-27 04:35:00
52,82.15,17.64,32.93,38.68,42.8,normal,0,2024-11-05 13:03:00
47,59.96,15.07,35.29,37.27,40.64,normal,0,2024-01-05 09:14:00
72,63.55,17.35,50.76,32.8,62.45,normal,0,2024-10-27 00:23:00
55,91.14,15.14,63.16,33.3,59.05,normal,0,2024-09-20 04:32:00
23,66.28,18.86,21.72,32.18,44.38,normal,0,2024-01-07 18:20:00
68,75.21,12.83,40.97,38.87,48.01,normal,0,2024-05-08 03:38:00
82,78.43,21.87,35.55,43.79,81.2,normal,0,2024-01-22 18:00:00
21,76.11,8.16,56.73,30.31,63.99,normal,0,2024-08-24 18:01:00
3,68.49,15.63,20.18,29.39,57.46,normal,0,2024-08-12 11:34:00
100,79.83,16.34,32.49,41.17,33.91,normal,0,2024-08-02 21:53:00
21,73.67,10.18,48.1,34.21,40.57,normal,0,2024-01-21 01:25:00
29,90.69,10.54,43.52,38.67,10.0,normal,0,2024-09-28 20:09:00
54,73.8,16.24,39.53,31.75,35.95,normal,0,2024-08-06 08:45:00
12,69.37,13.99,16.43,29.65,47.07,normal,0,2024-12-14 06:02:00
35,73.95,6.74,21.76,36.07,59.92,normal,0,2024-12-14 05:58:00
26,78.67,12.58,30.36,35.08,36.48,normal,0,2024-10-08 22:48:00
77,73.86,14.09,60.4,28.71,37.31,normal,0,2024-11-26 19:40:00
68,55.77,20.79,38.28,39.38,62.69,normal,0,2024-05-23 06:40:00
58,64.18,12.69,54.95,36.42,53.78,normal,0,2024-08-07 23:40:00
27,80.19,17.12,39.82,34.58,39.59,normal,0,2024-10-26 16:01:00
13,81.28,14.71,19.48,32.63,50.59,normal,0,2024-05-28 05:52:00
36,64.52,10.86,33.28,33.35,73.32,normal,0,2024-01-29 23:44:00
43,70.72,18.91,21.51,37.5,73.91,normal,0,2024-04-30 23:21:00
41,76.82,11.68,40.17,37.92,40.37,normal,0,2024-05-02 03:47:00
44,68.67,15.36,15.73,39.63,70.42,normal,0,2024-03-27 15:14:00
63,81.76,13.92,20.01,35.19,39.43,normal,0,2024-08-21 01:25:00
35,77.22,10.32,27.85,37.18,56.56,normal,0,2024-01-17 04:33:00
73,73.18,11.65,53.86,36.13,73.99,normal,0,2024-04-17 17:36:00
21,71.93,9.73,32.56,42.01,23.54,normal,0,2024-02-03 14:45:00
50,74.83,13.82,46.48,41.07,43.18,normal,0,2024-12-20 18:18:00
26,80.38,8.12,45.06,40.28,55.04,normal,0,2024-03-26 01:28:00
81,81.43,15.47,46.97,42.18,57.15,normal,0,2024-10-09 19:56:00
97,74.15,14.83,9.27,35.15,66.26,normal,0,2024-04-02 18:24:00
81,75.8,14.75,39.58,32.47,41.78,normal,0,2024-03-04 18:36:00
31,51.87,11.17,39.62,40.45,61.36,normal,0,2024-05-22 12:57:00
10,83.9,12.65,36.52,36.52,89.5,normal,0,2024-09-09 18:14:00
90,76.28,15.58,29.94,23.03,37.81,normal,0,2024-01-15 01:38:00
3,71.44,17.26,25.11,35.36,30.36,normal,0,2024-06-19 21:10:00
30,73.28,13.87,37.17,38.03,21.63,normal,0,2024-12-13 03:11:00
3,77.58,8.53,28.51,43.65,48.15,normal,0,2024-06-25 23:50:00
88,86.97,17.83,29.18,39.9,51.21,normal,0,2024-10-18 16:45:00
52,86.45,10.76,50.73,33.27,49.26,normal,0,2024-02-05 06:24:00
42,73.68,15.81,14.2,29.71,50.84,normal,0,2024-02-01 06:08:00
20,85.66,12.3,8.4,31.85,66.93,normal,0,2024-08-09 08:26:00
86,76.5,21.16,30.15,27.11,49.52,normal,0,2024-01-20 05:10:00
9,63.78,16.69,62.34,31.06,42.38,normal,0,2024-03-26 16:25:00
49,89.11,9.58,36.49,30.67,35.62,normal,0,2024-05-18 16:35:00
98,84.2,14.75,22.13,31.6,30.34,normal,0,2024-08-20 19:22:00
28,67.98,11.69,48.33,39.12,57.96,normal,0,2024-01-01 00:03:00
79,68.67,10.48,27.28,38.12,36.02,normal,0,2024-08-31 17:16:00
33,85.64,12.33,49.73,31.79,56.03,normal,0,2024-09-17 21:35:00
63,68.42,15.47,27.3,34.91,64.55,normal,0,2024-12-19 00:12:00
33,92.85,5.61,24.18,33.84,43.31,normal,0,2024-08-10 07:14:00
37,64.24,8.97,19.97,34.29,38.71,normal,0,2024-06-24 08:16:00
6,63.28,18.12,29.26,36.45,35.63,normal,0,2024-04-01 18:03:00
56,86.31,13.43,53.31,36.4,41.35,normal,0,2024-02-18 07:43:00
19,72.2,10.06,38.78,30.91,61.61,normal,0,2024-01-11 06:29:00
99,66.31,10.11,27.13,31.85,11.98,normal,0,2024-03-09 06:45:00
9,78.16,10.23,40.72,35.62,36.27,normal,0,2024-05-13 17:30:00
22,83.99,17.25,34.07,33.66,76.4,normal,0,2024-05-18 02:51:00
99,87.88,17.02,22.35,43.74,55.41,normal,0,2024-12-27 23:31:00
60,86.64,12.58,48.96,29.81,57.69,normal,0,2024-07-26 15:16:00
21,79.68,20.54,35.93,33.69,57.95,normal,0,2024-11-02 10:53:00
90,75.43,17.26,41.87,34.92,33.99,normal,0,2024-10-09 18:54:00
66,73.95,28.19,39.56,27.2,30.13,normal,0,2024-08-13 21:13:00
22,77.3,7.95,36.45,37.38,76.77,normal,0,2024-07-23 18:44:00
67,83.35,10.66,38.72,45.78,49.66,normal,0,2024-05-08 21:26:00
4,76.29,16.84,42.89,37.33,31.18,normal,0,2024-06-29 12:41:00
15,73.44,15.93,25.66,30.48,65.25,normal,0,2024-01-29 03:13:00
48,66.54,20.05,33.46,43.84,63.1,normal,0,2024-12-09 21:42:00
59,74.94,13.36,53.59,37.32,38.09,normal,0,2024-07-25 11:40:00
18,65.16,13.83,62.89,35.88,47.65,normal,0,2024-11-09 08:44:00
81,71.35,16.44,21.46,37.41,34.94,normal,0,2024-04-10 16:26:00
12,71.12,12.84,45.63,38.9,55.45,normal,0,2024-11-16 13:40:00
2,86.08,16.28,31.07,36.11,66.39,normal,0,2024-05-27 00:56:00
78,84.04,14.49,38.46,41.45,15.3,normal,0,2024-10-04 10:52:00
27,81.87,9.34,23.65,37.81,51.25,normal,0,2024-05-30 10:25:00
82,73.98,17.45,35.52,31.66,45.5,normal,0,2024-02-05 18:41:00
15,73.63,14.27,36.02,28.04,70.33,normal,0,2024-02-14 03:31:00
85,80.25,15.41,40.39,38.02,54.91,normal,0,2024-01-04 05:54:00
62,70.79,11.63,18.7,35.41,61.94,normal,0,2024-12-08 05:12:00
4,68.6,18.99,41.73,32.73,55.82,normal,0,2024-10-16 03:42:00
34,99.67,19.03,38.79,34.57,66.08,normal,0,2024-10-19 13:51:00
51,77.23,21.26,36.26,36.32,66.73,normal,0,2024-03-04 17:16:00
38,87.57,16.59,24.74,36.75,76.83,normal,0,2024-01-26 04:10:00
68,79.03,11.78,19.39,28.06,41.45,normal,0,2024-12-25 07:28:00
59,60.8,16.27,12.84,35.25,48.77,normal,0,2024-03-28 18:47:00
84,85.01,8.09,36.55,30.82,14.05,normal,0,2024-03-14 08:22:00
41,79.11,14.1,41.0,41.75,42.04,normal,0,2024-06-06 11:23:00
11,76.02,12.62,26.02,39.41,68.51,normal,0,2024-12-17 23:01:00
32,79.37,15.01,42.01,28.31,50.79,normal,0,2024-03-21 18:06:00
44,79.56,10.73,40.71,30.14,62.22,normal,0,2024-03-11 03:25:00
28,64.57,8.5,66.52,38.47,50.5,normal,0,2024-06-13 00:19:00
24,60.27,18.4,23.6,41.18,42.16,normal,0,2024-06-01 21:50:00
7,75.55,17.72,21.39,31.57,38.57,normal,0,2024-02-28 00:06:00
71,88.83,12.98,47.66,28.46,47.13,normal,0,2024-11-28 07:54:00
39,73.56,16.37,47.88,36.2,44.03,normal,0,2024-10-14 09:21:00
42,79.12,20.49,7.42,36.52,43.95,normal,0,2024-10-06 19:07:00
86,329.23,-81.48,358.93,-13.34,237.34,sensor_error,0,2024-08-25 14:17:00
5,78.81,14.27,34.47,36.54,48.1,normal,0,2024-03-28 19:57:00
87,64.37,15.77,25.61,41.57,44.35,normal,0,2024-11-05 21:45:00
92,81.85,18.13,37.03,34.06,66.81,normal,0,2024-08-13 10:15:00
7,84.21,16.59,34.61,43.08,34.25,normal,0,2024-01-18 21:37:00
59,87.44,17.69,28.39,36.5,51.11,normal,0,2024-03-09 01:48:00
87,72.57,7.53,33.74,29.98,49.81,normal,0,2024-04-23 14:30:00
21,88.57,8.17,21.83,34.76,40.53,normal,0,2024-09-30 18:28:00
82,85.11,17.22,27.73,41.66,53.43,normal,0,2024-07-01 03:43:00
59,90.94,22.83,33.12,36.66,44.53,normal,0,2024-03-13 19:02:00
72,82.83,18.09,30.46,34.25,34.54,normal,0,2024-04-25 06:56:00
8,90.38,11.96,67.5,40.37,95.0,normal,0,2024-10-22 05:31:00
54,76.71,15.86,23.81,37.97,77.31,normal,0,2024-12-11 08:22:00
7,80.26,14.35,27.58,30.47,58.33,normal,0,2024-03-01 15:04:00
86,80.61,17.48,38.56,35.85,42.87,normal,0,2024-12-02 21:41:00
47,68.35,3.43,42.83,35.3,44.65,normal,0,2024-12-21 01:57:00
49,75.16,16.8,45.88,28.13,24.05,normal,0,2024-08-13 12:02:00
52,66.94,15.76,29.89,29.18,37.02,normal,0,2024-01-17 13:19:00
62,71.69,21.9,23.96,36.07,66.48,normal,0,2024-04-21 05:22:00
16,68.96,19.16,41.59,31.55,65.81,normal,0,2024-06-16 03:47:00
50,78.9,15.37,30.92,34.15,58.08,normal,0,2024-12-16 03:18:00
29,84.97,18.46,38.69,42.61,37.23,normal,0,2024-03-06 10:22:00
97,77.19,12.22,10.96,38.82,49.03,normal,0,2024-02-06 11:40:00
5,79.44,13.49,29.37,37.77,59.92,normal,0,2024-09-28 08:49:00
70,78.93,12.63,42.93,31.03,52.46,normal,0,2024-08-03 10:08:00
58,64.47,12.72,44.49,41.09,42.23,normal,0,2024-11-28 04:29:00
63,72.18,13.59,26.42,45.48,55.76,normal,0,2024-03-20 04:53:00
2,78.85,20.14,43.53,34.88,51.71,normal,0,2024-04-08 13:19:00
80,77.61,6.38,58.86,43.15,73.83,normal,0,2024-06-09 12:56:00
48,81.26,11.07,20.26,37.29,62.08,normal,0,2024-06-16 03:29:00
72,71.46,20.99,30.39,37.66,69.16,normal,0,2024-11-16 11:20:00
86,89.85,17.0,43.12,42.43,31.14,normal,0,2024-04-05 23:21:00
18,94.48,20.42,33.77,32.69,88.77,normal,0,2024-08-23 04:37:00
41,81.65,20.05,27.24,26.59,43.65,normal,0,2024-03-27 21:17:00
24,67.39,14.93,23.89,26.37,61.31,normal,0,2024-04-18 21:32:00
50,82.47,18.52,42.16,41.3,34.89,normal,0,2024-01-09 00:50:00
6,85.76,15.56,43.09,38.42,46.55,normal,0,2024-10-18 08:47:00
84,75.0,11.86,25.63,34.93,43.87,normal,0,2024-06-07 05:02:00
6,84.99,15.29,28.35,26.83,56.36,normal,0,2024-11-26 01:48:00
94,87.86,13.37,24.17,35.28,71.21,normal,0,2024-09-03 21:59:00
82,77.19,14.8,23.41,39.51,44.18,normal,0,2024-09-10 19:34:00
87,76.67,11.84,31.3,38.37,34.3,normal,0,2024-04-14 23:09:00
87,81.54,16.5,23.57,43.47,50.85,normal,0,2024-08-23 04:27:00
8,85.11,6.77,42.87,21.42,81.68,normal,0,2024-02-11 15:31:00
71,71.41,14.47,21.95,37.63,37.47,normal,0,2024-06-30 22:27:00
93,71.85,12.73,30.64,40.26,53.12,normal,0,2024-02-03 04:43:00
78,70.37,17.05,28.36,37.25,44.0,normal,0,2024-12-23 11:59:00
64,76.83,13.85,58.9,31.19,37.62,normal,0,2024-03-03 03:31:00
87,83.07,18.75,48.49,24.0,39.15,normal,0,2024-04-10 16:56:00
19,82.91,13.78,22.08,31.44,39.7,normal,0,2024-07-09 10:39:00
70,90.03,14.01,28.94,39.13,53.94,normal,0,2024-01-11 20:07:00
73,67.46,8.73,44.7,33.29,68.64,normal,0,2024-08-09 10:46:00
35,65.86,8.42,45.83,39.47,59.41,normal,0,2024-03-21 08:02:00
10,66.43,11.58,30.06,26.52,19.29,normal,0,2024-01-02 20:31:00
59,89.65,13.47,40.19,47.82,54.75,normal,0,2024-12-02 21:56:00
60,65.01,10.38,47.0,38.35,38.19,normal,0,2024-08-13 04:53:00
39,76.59,18.59,18.34,30.99,50.86,normal,0,2024-05-07 08:23:00
4,59.33,16.89,70.0,33.94,57.42,normal,0,2024-12-16 23:59:00
2,78.29,17.83,50.68,35.66,48.19,normal,0,2024-06-13 03:20:00
78,79.08,12.54,51.8,34.64,37.31,normal,0,2024-10-29 12:09:00
47,59.64,14.61,25.61,34.75,37.56,normal,0,2024-04-02 16:51:00
84,94.67,15.4,23.54,28.31,67.64,normal,0,2024-01-26 19:08:00
50,83.19,18.11,51.33,31.95,35.54,normal,0,2024-08-25 17:36:00
85,82.7,19.81,25.39,29.98,33.39,normal,0,2024-12-30 01:02:00
19,79.36,20.65,34.89,35.6,38.55,normal,0,2024-02-03 19:43:00
11,76.72,12.57,32.93,36.48,46.07,normal,0,2024-12-22 01:24:00
36,80.13,15.11,29.05,34.35,49.96,normal,0,2024-04-16 01:57:00
5,73.42,13.88,37.21,29.92,58.76,normal,0,2024-02-14 11:56:00
26,81.33,17.13,43.38,32.55,58.37,normal,0,2024-09-03 08:59:00
56,81.07,16.29,25.33,28.49,58.89,normal,0,2024-12-23 04:05:00
73,76.13,15.4,65.31,30.15,60.99,normal,0,2024-11-16 20:03:00
64,82.68,15.5,32.22,38.53,40.14,normal,0,2024-01-03 04:49:00
29,90.97,15.45,35.54,32.15,34.72,normal,0,2024-12-17 03:44:00
69,79.89,17.22,26.81,25.41,37.37,normal,0,2024-01-09 12:38:00
58,79.15,18.12,13.84,31.53,55.64,normal,0,2024-03-12 20:54:00
9,98.44,18.29,63.03,34.56,48.18,normal,0,2024-04-12 13:08:00
68,85.44,12.57,47.13,40.46,46.28,normal,0,2024-07-01 20:08:00
44,85.79,9.27,32.8,37.52,60.16,normal,0,2024-03-25 04:44:00
70,74.77,9.94,57.79,29.53,54.01,normal,0,2024-03-08 16:29:00
40,76.58,11.37,46.22,36.4,67.23,normal,0,2024-05-11 21:31:00
43,75.85,15.89,18.91,35.07,51.3,normal,0,2024-04-07 11:26:00
7,84.75,19.62,38.01,43.51,58.85,normal,0,2024-11-26 05:13:00
82,79.52,4.84,32.44,33.76,49.51,normal,0,2024-10-16 10:16:00
16,75.05,16.65,18.56,33.79,72.88,normal,0,2024-04-03 13:07:00
31,82.35,11.95,36.33,37.11,71.31,normal,0,2024-10-30 21:43:00
90,87.2,16.9,30.52,39.12,29.32,normal,0,2024-02-02 19:50:00
32,70.18,5.38,44.38,28.09,33.0,normal,0,2024-09-09 02:57:00
65,82.22,14.77,26.67,34.74,46.16,normal,0,2024-02-15 05:21:00
90,73.32,13.8,47.29,41.64,61.12,normal,0,2024-03-18 16:32:00
65,66.08,21.86,43.52,43.6,40.37,normal,0,2024-07-22 09:53:00
30,61.29,13.82,33.52,35.18,51.11,normal,0,2024-01-06 03:05:00
98,90.58,19.19,59.86,36.96,62.09,normal,0,2024-08-24 04:46:00
95,80.77,12.43,42.25,39.52,59.62,normal,0,2024-02-02 18:16:00
58,68.84,11.91,31.15,37.49,54.18,normal,0,2024-09-30 15:01:00
2,81.3,9.1,41.2,40.92,52.16,normal,0,2024-12-28 18:57:00
40,78.68,17.81,37.52,40.91,49.46,normal,0,2024-10-02 14:39:00
57,83.3,13.48,33.41,35.32,54.43,normal,0,2024-04-12 23:29:00
81,81.69,23.59,41.01,32.15,46.84,normal,0,2024-10-18 22:16:00
26,68.94,17.86,33.56,28.55,57.64,normal,0,2024-05-12 14:02:00
40,82.86,15.47,35.98,37.65,31.78,normal,0,2024-01-10 23:56:00
66,62.25,19.91,38.33,39.03,32.2,normal,0,2024-03-13 13:52:00
22,91.01,15.18,36.8,28.17,68.2,normal,0,2024-03-11 23:00:00
93,72.25,17.11,49.22,29.49,47.64,normal,0,2024-08-20 16:01:00
38,76.59,21.54,45.56,24.87,27.3,normal,0,2024-09-12 08:50:00
62,78.99,20.13,37.77,34.45,50.42,normal,0,2024-07-16 10:11:00
15,82.36,13.58,33.35,36.84,29.67,normal,0,2024-05-12 16:02:00
73,74.51,15.66,41.59,37.24,39.42,normal,0,2024-07-28 03:12:00
9,79.19,17.87,36.7,35.7,29.89,normal,0,2024-04-17 19:39:00
43,77.31,12.3,24.04,30.34,40.2,normal,0,2024-05-02 01:11:00
64,91.17,12.21,24.5,36.41,66.52,normal,0,2024-06-09 00:57:00
53,68.36,13.29,15.75,29.97,57.47,normal,0,2024-12-29 11:11:00
85,82.44,19.64,18.63,30.24,37.43,normal,0,2024-09-11 11:37:00
29,84.7,19.58,26.68,43.99,44.61,normal,0,2024-03-04 15:39:00
51,76.05,18.1,42.92,23.79,63.17,normal,0,2024-01-20 04:55:00
76,70.63,13.47,23.15,30.04,65.92,normal,0,2024-08-14 09:55:00
57,75.4,10.13,32.67,34.68,63.23,normal,0,2024-07-30 12:11:00
62,70.37,18.45,36.25,31.87,40.29,normal,0,2024-01-10 08:47:00
17,79.65,13.02,21.77,36.28,34.82,normal,0,2024-03-04 09:00:00
2,73.79,9.0,30.82,41.23,52.9,normal,0,2024-12-16 09:35:00
89,76.77,18.13,36.93,25.12,53.21,normal,0,2024-11-29 16:23:00
90,77.47,13.56,37.51,45.63,51.51,normal,0,2024-09-13 05:38:00
96,85.17,11.91,35.09,36.26,39.99,normal,0,2024-04-29 03:34:00
100,78.57,14.62,42.57,29.3,61.72,normal,0,2024-07-04 02:03:00
25,84.75,13.35,46.09,32.55,54.92,normal,0,2024-10-23 15:26:00
47,89.96,16.67,30.11,29.53,57.19,normal,0,2024-05-03 12:26:00
19,68.74,15.26,50.46,31.58,47.65,normal,0,2024-09-06 05:22:00
47,62.39,7.09,11.02,25.68,56.13,normal,0,2024-05-27 16:24:00
56,82.02,12.4,38.65,37.41,41.16,normal,0,2024-09-13 13:48:00
72,80.46,16.12,36.88,29.87,66.71,normal,0,2024-08-17 21:05:00
72,73.12,14.49,55.16,42.48,21.25,normal,0,2024-02-11 16:48:00
38,73.75,15.77,14.57,35.07,66.78,normal,0,2024-05-08 19:41:00
42,70.87,13.03,54.63,20.05,56.4,normal,0,2024-12-29 20:12:00
15,83.98,17.48,28.4,35.79,55.19,normal,0,2024-06-04 04:05:00
51,82.67,16.26,54.1,26.16,84.56,normal,0,2024-05-13 21:54:00
46,-10.25,-31.37,417.67,-33.06,276.19,sensor_error,0,2024-10-05 15:02:00
5,73.76,18.94,41.88,38.16,50.63,normal,0,2024-01-24 18:06:00
50,81.74,12.14,37.93,35.39,29.15,normal,0,2024-06-09 23:28:00
46,66.57,13.37,24.47,43.65,48.15,normal,0,2024-03-24 02:30:00
57,79.79,15.18,14.36,35.44,47.76,normal,0,2024-08-21 06:28:00
42,80.85,25.82,34.84,32.64,13.52,normal,0,2024-10-06 02:57:00
75,76.57,22.12,47.79,42.24,16.01,normal,0,2024-06-20 10:12:00
62,75.39,11.25,29.95,34.53,24.78,normal,0,2024-04-06 21:11:00
16,78.72,19.13,29.0,39.26,26.95,normal,0,2024-08-10 17:37:00
55,78.19,21.78,57.93,33.82,34.99,normal,0,2024-09-12 19:26:00
38,66.65,18.03,35.14,29.8,39.07,normal,0,2024-08-10 17:00:00
69,79.44,15.3,40.41,44.45,47.98,normal,0,2024-04-20 11:48:00
64,84.62,20.48,37.9,32.55,63.56,normal,0,2024-11-05 12:40:00
36,83.3,14.36,29.22,36.05,45.17,normal,0,2024-02-09 07:01:00
8,73.48,20.27,24.08,37.69,39.09,normal,0,2024-11-06 12:42:00
74,78.85,11.34,45.2,33.09,64.74,normal,0,2024-05-28 23:01:00
35,79.99,19.99,54.23,33.69,50.35,normal,0,2024-11-16 04:25:00
56,94.0,56.57,39.72,49.14,25.52,real_anomaly,1,2024-08-24 21:31:00
96,69.37,14.99,11.36,39.4,59.22,normal,0,2024-07-31 09:30:00
15,70.27,18.67,45.1,36.57,40.5,normal,0,2024-10-25 18:03:00
32,84.72,17.84,45.15,33.44,73.54,normal,0,2024-09-23 15:58:00
40,90.07,13.24,29.85,34.55,78.43,normal,0,2024-05-11 06:05:00
56,81.13,15.01,19.04,35.52,53.13,normal,0,2024-03-29 00:33:00
75,74.0,11.55,36.97,27.1,46.46,normal,0,2024-08-19 02:37:00
84,63.98,12.46,46.91,42.24,27.53,normal,0,2024-09-23 16:23:00
55,79.91,16.21,47.85,31.71,53.72,normal,0,2024-04-24 10:49:00
13,64.97,8.37,31.93,30.17,67.74,normal,0,2024-01-18 05:40:00
9,92.78,22.98,31.68,35.21,20.68,normal,0,2024-09-02 23:50:00
73,60.72,15.73,51.42,39.74,48.24,normal,0,2024-03-19 02:36:00
55,74.76,15.03,30.49,37.24,26.39,normal,0,2024-06-11 19:16:00
95,75.77,13.93,46.57,32.65,41.33,normal,0,2024-04-08 15:04:00
9,69.06,13.3,34.26,34.62,35.44,normal,0,2024-04-14 09:06:00
80,83.34,16.61,34.68,39.46,56.14,normal,0,2024-10-01 16:18:00
53,80.77,18.37,34.47,32.57,63.15,normal,0,2024-07-14 10:31:00
96,75.21,12.31,34.12,38.08,63.44,normal,0,2024-07-26 18:26:00
29,77.74,12.16,15.69,38.01,42.48,normal,0,2024-01-30 01:50:00
75,72.17,16.67,57.14,39.48,39.74,normal,0,2024-03-28 19:27:00
22,74.8,15.44,31.86,37.34,30.21,normal,0,2024-11-07 02:56:00
86,80.91,13.78,47.54,32.89,46.17,normal,0,2024-04-04 00:08:00
17,400.34,475.3,-31.86,-3.0,-19.25,sensor_error,0,2024-05-01 19:08:00
93,86.47,14.25,44.67,39.05,60.68,normal,0,2024-03-14 00:57:00
59,66.47,15.05,27.93,38.55,61.59,normal,0,2024-10-23 20:47:00
21,81.44,18.0,21.59,34.26,61.25,normal,0,2024-10-07 14:16:00
26,92.76,17.32,26.23,31.89,45.84,normal,0,2024-12-27 06:47:00
77,77.45,16.44,11.08,40.23,59.23,normal,0,2024-11-17 06:43:00
28,79.23,11.0,40.44,37.86,52.45,normal,0,2024-02-22 02:56:00
52,74.47,12.48,17.7,35.53,31.51,normal,0,2024-12-14 19:31:00
33,72.75,21.35,38.97,31.55,52.55,normal,0,2024-10-14 19:54:00
68,74.96,15.45,18.21,36.06,51.74,normal,0,2024-02-01 00:30:00
32,88.23,18.56,41.03,28.78,29.21,normal,0,2024-10-07 00:53:00
21,69.35,14.74,26.48,41.07,43.83,normal,0,2024-10-07 23:21:00
76,80.21,14.42,20.49,38.9,60.69,normal,0,2024-06-15 06:07:00
41,87.77,11.23,33.47,45.97,54.83,normal,0,2024-05-07 17:32:00
48,83.88,15.42,43.76,36.55,53.54,normal,0,2024-01-04 11:24:00
59,63.75,16.51,21.78,30.54,53.22,normal,0,2024-02-27 04:16:00
19,89.42,17.58,13.91,39.43,30.47,normal,0,2024-01-14 09:25:00
14,73.93,6.78,19.8,30.81,57.8,normal,0,2024-03-23 13:06:00
87,83.07,13.15,30.34,36.0,38.45,normal,0,2024-03-10 08:41:00
71,-999.0,374.42,-32.15,-6.79,-11.76,sensor_error,0,2024-10-08 20:21:00
87,68.01,19.92,29.51,40.79,51.17,normal,0,2024-04-29 21:22:00
28,74.64,9.26,28.35,34.79,67.83,normal,0,2024-10-09 03:36:00
74,82.31,15.52,37.2,39.15,41.56,normal,0,2024-11-28 08:32:00
17,80.28,17.11,36.54,33.18,62.15,normal,0,2024-09-06 20:51:00
17,81.17,13.87,42.03,43.33,68.0,normal,0,2024-06-17 17:41:00
45,52.04,16.32,23.66,37.1,44.36,normal,0,2024-01-05 03:54:00
32,74.92,10.83,42.76,35.24,69.54,normal,0,2024-02-15 14:08:00
64,86.66,11.75,34.23,27.12,85.82,normal,0,2024-02-08 22:56:00
21,73.78,14.2,16.39,31.7,61.88,normal,0,2024-10-11 14:37:00
17,-999.0,-78.68,315.23,-13.83,-36.16,sensor_error,0,2024-04-09 09:14:00
48,77.56,11.89,27.98,40.1,61.54,normal,0,2024-03-22 23:19:00
65,65.92,17.77,42.01,35.6,48.3,normal,0,2024-02-22 14:41:00
70,100.0,17.51,30.15,30.4,49.46,normal,0,2024-10-12 08:52:00
69,72.72,9.86,31.3,33.92,63.48,normal,0,2024-02-07 17:46:00
87,75.42,11.98,41.92,35.4,27.19,normal,0,2024-09-21 05:56:00
82,69.06,17.79,40.49,48.51,68.61,normal,0,2024-01-31 07:58:00
18,81.73,14.87,7.77,36.49,45.66,normal,0,2024-11-17 12:56:00
95,105.64,46.36,40.18,51.43,18.21,real_anomaly,1,2024-07-19 16:16:00
93,62.44,14.6,53.26,40.45,25.25,normal,0,2024-05-07 00:59:00
40,77.06,16.3,36.35,36.54,38.34,normal,0,2024-04-11 02:23:00
52,71.88,19.23,30.64,33.3,18.16,normal,0,2024-09-10 18:38:00
4,73.46,14.75,19.2,36.72,87.38,normal,0,2024-02-10 17:31:00
63,81.61,13.89,18.59,34.5,40.07,normal,0,2024-05-19 18:05:00
57,72.08,13.45,39.57,31.17,48.95,normal,0,2024-04-18 08:53:00
39,73.67,14.26,50.88,37.56,61.82,normal,0,2024-07-31 00:36:00
68,81.83,15.51,49.53,40.31,43.59,normal,0,2024-07-22 15:27:00
51,69.09,16.0,28.08,45.26,39.81,normal,0,2024-12-25 16:03:00
74,79.28,20.98,45.77,43.56,30.73,normal,0,2024-12-23 23:39:00
35,80.0,13.56,35.02,42.42,45.24,normal,0,2024-09-24 22:58:00
25,84.34,17.81,53.12,36.95,59.03,normal,0,2024-11-06 15:52:00
3,78.31,14.57,45.13,46.16,31.31,normal,0,2024-04-27 09:59:00
44,77.01,20.65,41.66,35.37,31.32,normal,0,2024-02-04 14:14:00
28,67.25,18.79,22.97,36.44,84.81,normal,0,2024-09-14 19:05:00
42,71.93,13.61,45.45,33.49,10.68,normal,0,2024-08-26 20:10:00
68,80.84,13.4,47.97,31.02,35.11,normal,0,2024-12-09 05:02:00
92,74.67,15.85,35.38,26.6,52.86,normal,0,2024-07-03 19:10:00
52,76.06,17.83,44.3,45.96,46.85,normal,0,2024-12-20 07:52:00
47,-999.0,-47.47,213.7,-48.85,287.05,sensor_error,0,2024-06-14 09:33:00
32,60.28,19.6,33.44,33.33,34.15,normal,0,2024-09-09 05:11:00
84,64.88,13.8,39.19,37.11,76.62,normal,0,2024-11-05 11:01:00
18,84.5,14.73,36.98,35.81,52.11,normal,0,2024-06-11 14:33:00
62,67.93,14.66,35.87,31.05,55.45,normal,0,2024-12-20 15:14:00
83,77.74,10.56,56.15,45.71,36.79,normal,0,2024-04-11 17:52:00
37,76.08,6.13,46.36,35.13,46.64,normal,0,2024-07-24 04:55:00
90,75.09,20.08,59.66,29.37,56.43,normal,0,2024-07-12 15:59:00
78,86.07,15.04,50.53,36.85,76.3,normal,0,2024-06-26 22:12:00
88,87.04,10.21,47.9,35.2,65.73,normal,0,2024-06-26 20:08:00
70,80.19,8.69,39.13,49.01,62.29,normal,0,2024-06-05 00:23:00
59,73.44,11.35,21.35,31.35,52.88,normal,0,2024-11-02 18:50:00
60,73.92,14.11,34.94,34.88,68.8,normal,0,2024-01-07 11:44:00
57,82.54,10.58,53.83,29.19,56.91,normal,0,2024-07-03 00:42:00
100,92.95,18.32,38.72,31.79,35.65,normal,0,2024-08-25 21:25:00
80,71.1,23.42,28.68,37.26,63.47,normal,0,2024-10-12 07:23:00
79,76.88,19.41,38.01,33.93,54.76,normal,0,2024-05-24 11:24:00
53,91.29,20.37,38.48,28.84,57.42,normal,0,2024-12-05 16:27:00
65,62.57,19.95,31.71,32.15,55.09,normal,0,2024-09-04 03:38:00
82,94.35,13.3,62.6,40.2,57.06,normal,0,2024-03-10 06:51:00
67,71.01,20.76,19.37,29.82,61.44,normal,0,2024-12-05 01:35:00
69,82.2,18.47,38.56,34.47,48.26,normal,0,2024-04-08 00:14:00
25,83.3,14.12,17.38,31.77,88.55,normal,0,2024-02-19 09:53:00
90,73.06,8.54,30.96,35.62,34.98,normal,0,2024-05-26 11:24:00
24,71.65,12.12,60.14,33.96,60.84,normal,0,2024-06-02 18:25:00
42,63.64,13.92,43.42,25.16,66.82,normal,0,2024-04-01 11:48:00
32,74.09,12.81,29.35,34.75,63.77,normal,0,2024-07-11 18:11:00
99,73.41,18.08,38.17,30.32,62.06,normal,0,2024-12-09 01:04:00
97,79.23,14.65,24.18,27.88,51.97,normal,0,2024-10-27 18:21:00
75,-39.89,-52.17,-29.24,-4.15,253.72,sensor_error,0,2024-08-22 00:12:00
40,78.54,11.38,36.89,34.52,57.99,normal,0,2024-11-02 01:47:00
1,-999.0,-38.54,-24.5,-31.95,-33.7,sensor_error,0,2024-05-28 05:41:00
68,74.7,18.67,40.93,32.59,59.1,normal,0,2024-03-04 14:09:00
41,73.52,17.11,26.13,31.27,50.2,normal,0,2024-11-07 17:54:00
61,84.81,18.68,25.26,43.17,66.23,normal,0,2024-12-13 20:53:00
82,67.04,9.0,21.7,38.59,37.32,normal,0,2024-02-02 00:11:00
24,78.74,14.78,16.66,41.67,90.7,normal,0,2024-01-23 14:53:00
44,74.82,18.59,48.97,38.1,69.08,normal,0,2024-03-13 11:42:00
17,78.17,10.28,28.91,33.9,76.32,normal,0,2024-08-09 00:58:00
72,96.69,18.93,10.49,33.28,41.12,normal,0,2024-04-03 05:32:00
26,64.95,16.49,40.08,39.32,66.24,normal,0,2024-12-12 20:51:00
29,59.2,17.83,38.66,33.81,20.25,normal,0,2024-02-21 11:13:00
51,69.12,15.18,26.75,39.38,53.6,normal,0,2024-05-15 04:38:00
65,73.38,17.45,24.46,30.5,61.31,normal,0,2024-07-19 09:11:00
57,69.1,10.09,39.66,33.15,84.94,normal,0,2024-06-05 09:27:00
96,75.9,14.08,18.29,29.5,46.37,normal,0,2024-02-11 11:41:00
8,75.58,10.37,30.95,30.16,56.3,normal,0,2024-09-25 18:35:00
82,72.06,16.73,37.96,38.81,26.92,normal,0,2024-05-19 01:31:00
79,83.63,13.35,53.41,35.97,46.15,normal,0,2024-05-21 20:54:00
10,77.02,9.23,39.79,31.74,76.14,normal,0,2024-09-12 01:23:00
80,75.21,18.3,41.6,38.0,70.97,normal,0,2024-03-21 11:06:00
95,73.08,8.66,33.6,45.06,39.04,normal,0,2024-11-02 03:02:00
64,60.46,9.41,31.36,33.54,29.38,normal,0,2024-08-26 02:46:00
39,70.28,22.94,12.81,31.13,52.27,normal,0,2024-08-17 12:50:00
53,77.81,15.72,17.31,35.65,67.83,normal,0,2024-08-13 10:56:00
25,84.45,19.82,53.36,40.34,62.14,normal,0,2024-01-30 01:59:00
99,81.1,18.19,28.59,28.86,56.01,normal,0,2024-08-20 15:53:00
83,68.99,13.06,37.92,29.7,37.12,normal,0,2024-05-18 04:55:00
37,83.53,17.83,34.32,33.05,66.56,normal,0,2024-10-24 19:46:00
36,80.61,7.6,38.25,33.25,41.06,normal,0,2024-07-01 05:45:00
92,78.46,11.56,20.47,36.61,28.43,normal,0,2024-10-02 16:13:00
97,68.55,11.04,32.9,38.29,40.5,normal,0,2024-08-03 18:28:00
30,73.3,19.62,57.31,29.51,49.8,normal,0,2024-03-07 18:55:00
9,77.62,10.63,33.49,39.35,24.71,normal,0,2024-11-07 13:51:00
8,88.64,16.67,39.27,33.05,19.15,normal,0,2024-08-03 03:56:00
60,73.21,14.1,32.57,33.86,15.86,normal,0,2024-02-27 15:11:00
56,74.95,16.92,47.51,33.89,33.17,normal,0,2024-10-21 07:42:00
66,-999.0,-36.05,250.79,-35.52,-12.31,sensor_error,0,2024-03-16 12:26:00
59,73.42,15.9,19.24,34.3,22.5,normal,0,2024-10-09 06:02:00
41,81.39,16.41,55.79,42.05,57.47,normal,0,2024-09-24 10:38:00
64,62.29,15.05,25.2,24.6,36.07,normal,0,2024-10-25 07:48:00
51,69.48,14.63,41.35,33.39,38.12,normal,0,2024-04-29 06:22:00
41,77.09,20.26,21.67,33.88,53.82,normal,0,2024-11-02 20:51:00
44,67.88,17.69,39.34,32.48,39.29,normal,0,2024-05-09 08:54:00
32,81.12,11.89,34.18,27.38,55.03,normal,0,2024-05-23 19:42:00
68,85.71,15.3,36.48,33.39,56.79,normal,0,2024-05-02 15:40:00
21,69.71,19.54,26.54,33.26,62.43,normal,0,2024-09-24 11:02:00
44,74.6,8.45,37.42,31.81,46.93,normal,0,2024-04-04 10:50:00
94,77.58,9.29,45.73,27.36,57.51,normal,0,2024-02-17 00:02:00
47,70.8,12.25,43.89,38.28,19.89,normal,0,2024-10-17 07:54:00
60,85.37,20.62,30.73,40.04,38.59,normal,0,2024-10-13 00:05:00
11,85.9,11.48,39.88,31.93,31.82,normal,0,2024-10-01 21:27:00
41,78.23,14.71,13.72,35.93,50.73,normal,0,2024-12-25 21:19:00
85,78.01,13.49,25.76,31.61,25.7,normal,0,2024-01-02 06:29:00
59,74.13,16.21,20.91,43.54,58.58,normal,0,2024-11-01 21:05:00
87,79.2,17.68,45.31,35.43,52.67,normal,0,2024-03-26 15:14:00
53,79.4,18.53,52.98,26.47,46.35,normal,0,2024-11-11 06:59:00
80,72.31,14.15,38.07,39.04,42.24,normal,0,2024-10-12 22:14:00
75,81.33,17.17,22.8,31.45,55.03,normal,0,2024-05-24 16:13:00
95,70.94,16.49,31.69,37.52,30.33,normal,0,2024-04-24 11:53:00
4,78.05,10.71,39.07,33.34,81.26,normal,0,2024-07-17 13:06:00
5,85.87,16.34,35.62,31.86,50.84,normal,0,2024-04-16 19:55:00
50,69.2,17.04,29.4,32.28,67.65,normal,0,2024-11-02 19:09:00
88,72.23,18.59,15.17,33.93,41.04,normal,0,2024-11-12 19:31:00
100,84.74,17.25,24.19,33.11,74.14,normal,0,2024-12-02 14:31:00
9,79.87,13.52,50.42,28.25,43.96,normal,0,2024-11-23 06:41:00
73,71.82,24.3,34.38,39.02,36.83,normal,0,2024-03-27 03:39:00
29,100.0,8.34,39.48,34.19,57.54,normal,0,2024-01-28 01:35:00
7,82.12,15.98,54.5,25.74,50.6,normal,0,2024-09-29 17:00:00
51,87.37,21.72,37.23,45.08,48.73,normal,0,2024-01-11 00:36:00
52,64.35,13.18,32.93,34.78,80.45,normal,0,2024-11-29 20:44:00
72,94.1,17.98,57.95,43.1,35.68,normal,0,2024-09-24 13:33:00
87,74.76,10.58,32.2,27.99,76.28,normal,0,2024-07-24 21:18:00
12,74.13,18.63,48.02,34.42,53.08,normal,0,2024-02-23 22:05:00
11,80.03,12.1,30.88,32.58,44.03,normal,0,2024-11-09 23:26:00
46,75.47,17.02,19.26,43.95,53.09,normal,0,2024-11-30 11:34:00
8,71.41,14.87,44.12,28.79,60.68,normal,0,2024-12-13 13:10:00
48,83.32,3.71,46.02,29.27,58.01,normal,0,2024-07-05 03:16:00
100,83.47,12.15,17.54,35.63,56.98,normal,0,2024-12-27 01:34:00
47,61.65,14.97,40.81,30.51,64.47,normal,0,2024-07-13 22:25:00
96,77.67,12.91,16.06,33.22,48.09,normal,0,2024-10-30 21:37:00
48,69.74,13.39,35.59,29.6,20.6,normal,0,2024-09-03 07:17:00
82,87.35,22.42,24.08,37.5,28.8,normal,0,2024-12-01 02:17:00
7,82.53,18.69,39.42,34.24,22.05,normal,0,2024-11-29 20:35:00
85,84.09,22.86,17.33,35.54,46.24,normal,0,2024-06-15 20:05:00
49,78.07,12.25,56.87,33.46,63.58,normal,0,2024-09-07 19:20:00
60,85.51,8.86,29.03,35.8,65.81,normal,0,2024-06-28 02:17:00
99,82.9,13.05,34.47,37.99,55.75,normal,0,2024-04-03 01:44:00
54,85.49,21.31,42.44,28.71,27.74,normal,0,2024-11-25 20:43:00
37,73.07,17.67,16.1,37.63,59.17,normal,0,2024-05-30 13:31:00
22,87.96,12.69,40.58,32.28,25.04,normal,0,2024-07-08 14:15:00
18,66.9,16.14,56.81,34.42,49.69,normal,0,2024-07-27 12:51:00
52,62.56,17.7,41.51,33.72,45.45,normal,0,2024-07-31 01:30:00
61,73.37,13.92,46.57,31.32,41.08,normal,0,2024-10-04 20:58:00
72,78.03,14.8,47.35,33.29,33.27,normal,0,2024-12-27 15:00:00
39,111.81,58.84,33.8,52.85,41.93,real_anomaly,1,2024-09-03 03:47:00
42,76.08,9.79,26.95,32.32,63.86,normal,0,2024-06-09 09:26:00
15,79.74,14.91,60.56,31.27,46.31,normal,0,2024-12-09 19:44:00
58,78.61,12.0,41.63,35.75,25.23,normal,0,2024-01-11 21:59:00
17,64.41,17.41,28.72,37.97,34.44,normal,0,2024-03-25 11:54:00
64,76.68,14.23,20.96,37.84,32.49,normal,0,2024-09-11 02:09:00
93,77.36,16.34,31.89,32.38,43.42,normal,0,2024-11-21 07:10:00
49,81.24,14.89,38.28,35.49,52.44,normal,0,2024-02-24 01:31:00
82,80.94,15.03,29.72,43.62,48.04,normal,0,2024-08-13 01:26:00
76,82.14,12.65,31.1,34.52,72.79,normal,0,2024-11-05 10:15:00
63,77.99,15.14,32.02,35.66,58.35,normal,0,2024-12-04 07:50:00
73,81.54,14.58,32.15,32.59,65.58,normal,0,2024-07-23 15:36:00
58,-32.48,-52.68,-28.35,-49.42,-10.95,sensor_error,0,2024-01-24 10:42:00
28,75.06,18.37,35.99,27.75,58.65,normal,0,2024-09-11 15:50:00
42,93.92,23.41,16.72,32.2,58.81,normal,0,2024-02-26 04:39:00
10,80.11,13.78,42.79,37.46,56.11,normal,0,2024-07-01 23:04:00
34,76.68,10.31,21.68,32.29,10.0,normal,0,2024-03-02 15:12:00
92,76.74,21.4,41.99,32.59,62.39,normal,0,2024-01-26 18:49:00
46,88.44,10.16,40.87,34.36,62.9,normal,0,2024-03-27 17:48:00
60,73.63,16.86,27.14,25.51,27.45,normal,0,2024-07-29 02:37:00
89,69.83,9.47,38.26,32.63,49.98,normal,0,2024-12-04 17:01:00
95,80.99,14.18,34.74,33.05,54.44,normal,0,2024-08-27 03:32:00
71,85.81,7.29,28.66,31.34,45.91,normal,0,2024-03-25 03:14:00
36,89.97,18.07,33.06,33.32,66.64,normal,0,2024-02-15 16:56:00
36,76.24,11.07,21.02,36.83,52.74,normal,0,2024-01-08 11:29:00
81,68.26,19.2,6.22,32.58,62.63,normal,0,2024-02-18 09:52:00
17,75.51,10.22,29.18,39.78,67.17,normal,0,2024-09-20 19:39:00
87,65.97,13.56,24.99,42.16,46.46,normal,0,2024-07-04 11:20:00
59,73.22,21.38,23.89,32.55,69.18,normal,0,2024-03-24 12:48:00
19,75.18,12.68,56.65,34.82,68.46,normal,0,2024-09-18 19:28:00
68,80.96,13.69,23.3,28.33,21.8,normal,0,2024-04-05 22:53:00
88,73.11,10.37,47.16,35.78,70.96,normal,0,2024-09-18 16:16:00
81,83.85,14.76,62.37,30.93,44.24,normal,0,2024-01-28 16:14:00
19,92.49,18.89,45.62,37.52,42.47,normal,0,2024-04-16 01:37:00
32,69.1,15.24,39.1,31.9,66.7,normal,0,2024-10-10 15:53:00
79,86.09,11.91,36.3,28.58,61.34,normal,0,2024-04-15 15:16:00
21,81.73,13.09,24.34,35.12,41.94,normal,0,2024-03-20 09:54:00
14,82.92,11.28,31.04,27.5,54.1,normal,0,2024-01-14 17:03:00
18,80.77,15.29,47.09,43.82,46.43,normal,0,2024-02-05 11:48:00
2,67.33,12.42,29.08,30.2,29.28,normal,0,2024-10-14 19:24:00
71,68.37,21.72,32.76,40.24,39.01,normal,0,2024-07-30 16:26:00
72,67.94,16.2,40.19,26.72,49.82,normal,0,2024-08-07 23:40:00
82,78.9,13.54,34.13,29.07,67.23,normal,0,2024-11-13 10:06:00
14,76.52,20.98,15.08,36.02,69.77,normal,0,2024-05-24 01:26:00
97,78.84,15.41,24.91,31.87,58.81,normal,0,2024-01-27 16:23:00
60,57.97,13.51,52.24,35.65,56.1,normal,0,2024-09-28 07:22:00
89,90.21,15.21,15.46,28.77,68.42,normal,0,2024-08-28 13:03:00
93,83.91,11.72,36.69,33.43,33.35,normal,0,2024-07-28 11:05:00
9,77.06,14.96,26.98,41.14,36.0,normal,0,2024-09-13 03:50:00
73,72.68,15.03,52.23,30.39,58.34,normal,0,2024-02-02 12:13:00
66,57.46,13.79,28.57,34.53,51.88,normal,0,2024-08-10 06:23:00
19,78.63,12.51,34.17,38.9,71.22,normal,0,2024-02-17 09:17:00
36,83.18,14.3,20.72,32.15,47.51,normal,0,2024-12-06 10:34:00
36,81.5,15.62,34.9,34.4,48.38,normal,0,2024-03-02 11:32:00
2,71.82,10.24,64.95,42.77,62.58,normal,0,2024-10-22 10:02:00
87,81.11,16.89,43.54,29.39,39.1,normal,0,2024-12-16 10:51:00
39,83.62,18.95,43.83,34.22,46.01,normal,0,2024-09-12 13:06:00
82,77.99,18.47,35.45,33.08,63.42,normal,0,2024-04-18 16:48:00
82,72.02,14.98,70.0,35.65,16.68,normal,0,2024-11-01 14:15:00
71,84.7,16.29,18.74,28.8,61.4,normal,0,2024-08-12 13:14:00
25,70.77,17.32,27.23,33.38,62.58,normal,0,2024-11-13 22:25:00
24,69.89,12.18,44.73,35.38,24.13,normal,0,2024-03-28 10:37:00
33,91.48,19.06,41.51,27.72,41.94,normal,0,2024-04-03 14:55:00
12,76.69,16.76,19.89,35.33,77.11,normal,0,2024-03-26 01:59:00
100,66.44,21.43,35.8,37.86,66.35,normal,0,2024-01-05 02:05:00
23,65.83,19.17,26.13,40.85,71.56,normal,0,2024-11-17 14:33:00
89,86.13,13.71,39.57,35.61,19.97,normal,0,2024-01-26 03:09:00
92,62.01,19.15,32.83,32.37,58.01,normal,0,2024-11-21 21:50:00
3,79.56,16.71,22.67,36.3,37.42,normal,0,2024-01-14 00:23:00
46,78.43,23.44,56.37,38.88,40.2,normal,0,2024-04-12 05:51:00
68,80.43,12.28,19.49,31.77,54.01,normal,0,2024-05-22 13:13:00
75,83.79,16.13,54.56,30.05,51.68,normal,0,2024-11-23 07:16:00
75,76.22,19.72,30.62,41.61,51.95,normal,0,2024-11-06 18:33:00
16,109.82,34.85,11.08,57.51,51.53,real_anomaly,1,2024-01-25 05:42:00
29,64.31,15.73,54.0,31.22,40.51,normal,0,2024-07-02 01:37:00
55,73.0,17.97,3.72,37.78,56.4,normal,0,2024-02-14 12:39:00
44,82.42,22.01,59.54,36.93,48.43,normal,0,2024-01-04 03:49:00
42,351.21,-19.15,456.6,-45.48,192.27,sensor_error,0,2024-10-16 22:35:00
77,65.91,14.84,54.97,28.77,44.54,normal,0,2024-07-28 22:13:00
12,82.7,14.43,37.43,42.69,41.08,normal,0,2024-04-10 17:01:00
26,79.35,9.44,49.44,42.29,55.58,normal,0,2024-10-09 09:10:00
13,85.81,12.36,57.65,29.71,52.95,normal,0,2024-07-06 22:28:00
42,84.28,13.47,19.11,37.36,67.92,normal,0,2024-08-02 07:02:00
15,62.19,21.72,38.72,44.48,74.04,normal,0,2024-04-10 03:45:00
3,83.79,14.58,29.01,38.61,52.03,normal,0,2024-07-03 14:36:00
14,75.93,17.45,28.42,23.32,50.63,normal,0,2024-01-10 20:39:00
18,79.36,14.89,43.2,40.76,34.4,normal,0,2024-10-25 23:28:00
13,75.67,19.96,35.51,32.48,67.02,normal,0,2024-12-11 09:30:00
56,100.0,12.53,27.48,35.92,31.37,normal,0,2024-04-02 09:58:00
40,69.61,14.7,28.1,41.54,42.31,normal,0,2024-09-27 19:26:00
94,69.34,18.15,35.21,42.22,26.39,normal,0,2024-08-28 01:31:00
80,69.14,10.35,62.6,35.35,48.01,normal,0,2024-01-29 23:47:00
14,87.72,19.15,49.15,27.45,51.62,normal,0,2024-04-29 16:44:00
4,72.94,13.67,15.51,38.38,45.98,normal,0,2024-08-05 15:05:00
99,64.37,15.07,44.23,27.69,45.64,normal,0,2024-08-12 17:24:00
12,80.38,17.3,44.29,25.71,66.4,normal,0,2024-08-05 20:09:00
1,82.81,16.8,56.03,35.23,77.2,normal,0,2024-03-08 11:29:00
1,74.1,9.29,21.73,32.43,16.48,normal,0,2024-06-10 03:11:00
33,66.49,14.97,39.46,29.15,39.75,normal,0,2024-05-11 16:22:00
96,73.76,15.33,34.08,36.32,46.82,normal,0,2024-10-19 06:05:00
26,86.16,14.61,36.22,34.12,68.54,normal,0,2024-09-05 04:34:00
81,80.22,18.1,55.41,41.24,24.7,normal,0,2024-10-17 00:26:00
78,81.31,16.94,61.44,23.1,65.88,normal,0,2024-03-14 21:31:00
99,64.95,7.4,46.29,48.48,15.55,normal,0,2024-07-23 04:18:00
36,83.61,25.18,19.07,40.44,30.16,normal,0,2024-03-12 08:03:00
76,73.75,18.23,30.74,33.17,56.33,normal,0,2024-08-24 01:04:00
63,74.33,20.78,34.61,27.15,23.12,normal,0,2024-07-31 21:52:00
31,77.18,13.32,44.55,37.33,29.26,normal,0,2024-07-25 16:25:00
13,85.71,20.34,15.99,29.86,34.94,normal,0,2024-01-19 18:17:00
51,79.4,17.02,8.69,33.13,52.34,normal,0,2024-11-11 03:32:00
99,74.18,24.02,43.79,33.16,36.64,normal,0,2024-10-19 14:06:00
100,85.07,14.0,16.1,33.61,72.12,normal,0,2024-10-03 11:26:00
26,72.96,10.89,31.84,32.99,42.16,normal,0,2024-08-29 01:52:00
62,84.39,20.9,44.84,32.2,48.38,normal,0,2024-05-26 14:12:00
11,-999.0,424.32,329.8,-26.6,-15.32,sensor_error,0,2024-11-07 06:15:00
19,68.87,20.58,49.24,30.18,89.77,normal,0,2024-10-27 01:44:00
25,57.0,21.39,52.83,29.35,71.19,normal,0,2024-08-18 16:05:00
43,79.42,14.14,48.51,38.44,30.14,normal,0,2024-01-23 17:21:00
67,77.06,13.33,27.17,35.58,41.12,normal,0,2024-07-03 13:05:00
37,90.12,19.85,34.1,42.98,53.65,normal,0,2024-09-10 03:03:00
69,80.15,11.44,23.4,39.57,44.78,normal,0,2024-10-07 20:04:00
27,69.96,14.2,29.1,37.3,62.05,normal,0,2024-03-02 02:28:00
76,93.72,19.39,22.84,27.67,39.25,normal,0,2024-10-02 22:21:00
100,70.32,17.33,46.85,35.92,36.33,normal,0,2024-12-20 02:28:00
64,81.56,12.37,30.93,45.69,40.35,normal,0,2024-06-06 16:14:00
7,82.28,20.9,21.94,33.74,41.44,normal,0,2024-02-10 09:54:00
62,84.98,17.88,24.85,32.64,38.21,normal,0,2024-11-13 04:14:00
66,60.36,11.66,55.07,29.09,74.34,normal,0,2024-12-02 15:51:00
57,77.15,7.31,44.99,36.35,54.57,normal,0,2024-12-20 22:08:00
56,59.9,12.92,44.26,33.22,74.72,normal,0,2024-06-23 15:31:00
29,72.81,15.83,29.94,29.88,31.44,normal,0,2024-04-22 11:49:00
18,73.11,13.68,45.88,36.71,37.28,normal,0,2024-03-19 21:14:00
12,71.37,17.53,63.44,35.31,46.86,normal,0,2024-05-10 11:02:00
59,80.59,19.81,41.03,35.48,36.32,normal,0,2024-04-25 10:36:00
62,70.16,15.7,25.55,37.71,66.06,normal,0,2024-09-05 14:17:00
40,69.43,15.14,42.83,33.15,48.34,normal,0,2024-06-09 14:07:00
71,74.11,9.97,38.95,20.77,38.74,normal,0,2024-06-08 18:28:00
3,72.42,15.41,43.65,40.23,58.52,normal,0,2024-11-20 21:19:00
89,50.0,12.39,29.2,43.92,46.96,normal,0,2024-01-25 14:27:00
90,78.84,18.57,32.97,33.07,56.42,normal,0,2024-04-03 07:32:00
42,80.98,18.72,33.75,23.22,19.4,normal,0,2024-11-27 03:09:00
11,84.1,13.21,21.02,34.76,27.38,normal,0,2024-10-26 13:08:00
78,60.48,18.85,13.23,35.05,65.39,normal,0,2024-03-24 20:58:00
67,76.87,24.44,48.29,30.85,90.89,normal,0,2024-06-30 20:24:00
99,79.04,16.28,49.96,31.72,58.94,normal,0,2024-03-17 13:48:00
74,81.9,10.1,33.95,27.79,41.56,normal,0,2024-01-31 16:37:00
12,82.41,11.47,44.61,21.94,42.56,normal,0,2024-03-12 15:06:00
18,78.31,12.68,19.65,29.65,46.26,normal,0,2024-12-02 23:12:00
10,81.95,15.82,36.26,29.41,51.69,normal,0,2024-04-28 01:39:00
90,73.41,22.65,41.04,29.64,52.67,normal,0,2024-07-29 12:08:00
30,83.46,21.64,37.93,26.0,41.98,normal,0,2024-09-06 00:29:00
22,78.05,14.03,47.87,36.65,47.84,normal,0,2024-08-15 04:00:00
36,71.4,16.29,29.53,39.01,26.9,normal,0,2024-05-25 15:35:00
66,87.02,19.44,21.26,34.05,37.34,normal,0,2024-09-04 07:11:00
83,65.39,17.75,20.04,34.04,38.25,normal,0,2024-07-06 10:54:00
38,72.71,13.34,47.3,36.41,53.7,normal,0,2024-11-05 05:50:00
60,81.9,5.08,20.31,37.26,10.0,normal,0,2024-12-03 16:00:00
15,83.13,15.68,18.68,24.18,30.91,normal,0,2024-10-16 02:15:00
25,69.55,19.48,30.75,38.76,31.63,normal,0,2024-01-14 02:47:00
80,77.09,24.81,37.13,41.71,49.1,normal,0,2024-01-05 00:37:00
23,59.95,19.76,20.57,33.75,67.48,normal,0,2024-04-15 06:09:00
81,69.1,14.22,47.09,38.8,57.47,normal,0,2024-01-17 00:59:00
28,76.72,19.57,35.14,36.86,36.24,normal,0,2024-11-22 07:08:00
3,64.57,18.54,37.38,39.93,33.43,normal,0,2024-07-20 20:21:00
54,82.01,17.86,49.42,31.36,34.91,normal,0,2024-02-01 08:55:00
15,80.26,17.24,37.84,39.99,50.76,normal,0,2024-10-18 20:06:00
27,73.25,12.79,37.34,28.4,30.54,normal,0,2024-11-19 21:20:00
20,66.9,14.45,44.55,33.78,48.57,normal,0,2024-04-15 07:05:00
88,71.61,20.59,46.46,31.48,88.21,normal,0,2024-03-09 09:54:00
79,-999.0,-97.31,333.13,-20.82,-17.45,sensor_error,0,2024-06-10 14:59:00
93,71.6,14.72,31.64,34.95,77.95,normal,0,2024-03-09 06:54:00
9,63.23,9.99,28.82,40.22,70.5,normal,0,2024-05-20 19:46:00
37,91.82,13.74,41.12,38.78,62.88,normal,0,2024-10-30 00:38:00
52,79.8,12.93,15.75,29.75,42.1,normal,0,2024-04-14 12:34:00
17,64.37,16.73,31.28,42.15,29.99,normal,0,2024-02-13 13:01:00
19,76.73,17.56,35.82,32.38,55.08,normal,0,2024-07-21 05:12:00
30,65.52,22.41,30.26,41.94,71.13,normal,0,2024-11-05 04:26:00
21,57.45,13.12,15.14,39.98,53.36,normal,0,2024-09-08 17:15:00
6,92.21,18.95,47.09,33.0,64.21,normal,0,2024-11-26 03:54:00
47,78.83,17.32,56.51,28.6,68.53,normal,0,2024-06-02 19:44:00
45,58.45,15.67,39.99,34.74,42.85,normal,0,2024-05-01 09:29:00
79,87.59,18.45,15.09,38.12,64.14,normal,0,2024-10-13 19:23:00
31,82.93,14.41,22.6,34.48,41.04,normal,0,2024-08-09 16:54:00
31,-17.11,-56.74,-42.02,-11.77,228.04,sensor_error,0,2024-02-13 14:16:00
12,77.28,10.81,28.14,37.76,31.99,normal,0,2024-10-17 23:08:00
98,89.18,10.19,51.5,37.47,57.21,normal,0,2024-07-06 03:54:00
50,85.27,12.43,36.93,40.85,50.6,normal,0,2024-04-15 11:05:00
95,83.18,16.08,31.99,36.46,39.32,normal,0,2024-09-09 19:14:00
47,79.85,11.67,51.89,38.5,59.47,normal,0,2024-01-03 00:04:00
63,65.5,11.61,19.23,36.77,39.86,normal,0,2024-01-09 00:40:00
96,76.19,14.64,19.73,27.8,35.72,normal,0,2024-07-20 07:36:00
61,74.69,21.14,29.83,37.29,28.4,normal,0,2024-09-07 21:46:00
66,71.57,19.48,19.49,38.69,40.53,normal,0,2024-08-19 02:46:00
99,77.42,16.75,12.67,30.33,38.79,normal,0,2024-05-15 02:37:00
77,67.84,15.46,36.17,29.99,59.92,normal,0,2024-03-09 07:43:00
34,81.71,25.08,34.74,34.81,65.13,normal,0,2024-09-27 22:07:00
9,76.95,17.69,17.03,39.56,59.75,normal,0,2024-05-24 14:00:00
52,62.16,14.24,38.28,31.14,38.97,normal,0,2024-12-15 05:16:00
23,72.51,17.82,16.38,27.25,41.37,normal,0,2024-02-23 19:29:00
99,74.69,15.89,11.12,29.93,51.72,normal,0,2024-04-06 14:52:00
2,67.01,13.25,13.23,37.65,44.17,normal,0,2024-01-24 07:59:00
93,90.14,15.53,45.31,32.39,34.3,normal,0,2024-08-21 08:18:00
97,78.23,12.9,34.81,34.08,60.53,normal,0,2024-05-12 09:25:00
36,76.71,14.92,32.52,32.65,54.06,normal,0,2024-05-21 22:31:00
66,77.88,15.39,33.83,35.83,62.12,normal,0,2024-11-02 10:22:00
87,79.65,13.99,19.77,29.49,56.82,normal,0,2024-12-12 01:03:00
32,70.01,17.04,37.18,41.54,64.23,normal,0,2024-10-27 19:09:00
29,76.8,9.67,35.21,38.05,59.74,normal,0,2024-03-14 16:35:00
56,78.97,7.59,34.37,33.93,48.6,normal,0,2024-02-04 07:11:00
13,78.0,10.86,20.84,31.83,62.8,normal,0,2024-09-13 02:56:00
45,77.13,13.39,42.8,31.35,23.32,normal,0,2024-08-03 19:12:00
81,73.05,11.68,37.9,34.66,67.69,normal,0,2024-07-26 10:03:00
43,71.28,12.06,50.46,40.75,60.5,normal,0,2024-02-21 03:55:00
66,80.38,11.21,33.22,31.95,34.47,normal,0,2024-09-10 05:14:00
53,85.85,14.48,55.27,35.61,53.86,normal,0,2024-09-13 13:07:00
56,98.5,16.41,46.25,28.28,69.08,normal,0,2024-11-30 22:01:00
14,73.22,15.27,50.79,33.08,52.29,normal,0,2024-05-08 22:59:00
55,72.26,18.14,25.36,35.53,48.88,normal,0,2024-04-18 22:19:00
25,69.0,18.89,20.31,32.99,20.15,normal,0,2024-05-16 05:06:00
82,68.9,11.87,44.0,29.3,40.05,normal,0,2024-06-04 21:27:00
73,76.34,3.75,17.93,39.4,64.7,normal,0,2024-06-27 16:13:00
75,78.56,15.88,60.37,35.16,41.56,normal,0,2024-02-16 15:39:00
25,71.75,12.16,43.34,37.12,60.16,normal,0,2024-04-10 06:16:00
21,72.67,17.39,31.96,37.5,43.64,normal,0,2024-11-15 18:56:00
5,62.5,11.01,26.82,42.93,39.16,normal,0,2024-11-18 20:30:00
71,91.12,15.96,47.65,31.29,65.09,normal,0,2024-01-21 19:45:00
69,90.49,23.25,36.28,29.5,54.84,normal,0,2024-11-24 16:57:00
57,69.23,12.33,62.86,39.12,37.91,normal,0,2024-09-07 09:34:00
50,81.69,8.2,37.1,33.1,41.36,normal,0,2024-09-17 04:09:00
23,81.91,17.08,10.08,34.73,37.18,normal,0,2024-11-20 17:44:00
52,71.26,20.75,38.41,38.62,34.03,normal,0,2024-07-05 23:40:00
64,77.11,8.83,29.82,33.02,68.89,normal,0,2024-06-09 21:03:00
84,91.11,21.52,26.01,38.09,68.29,normal,0,2024-08-18 04:39:00
47,78.09,11.95,42.08,21.36,44.97,normal,0,2024-06-15 06:05:00
99,81.93,15.6,22.37,37.66,54.06,normal,0,2024-07-29 00:33:00
44,81.58,12.56,44.5,28.66,56.91,normal,0,2024-09-16 03:45:00
100,75.76,11.73,29.78,31.51,26.52,normal,0,2024-05-04 14:39:00
66,84.01,14.85,41.14,32.27,60.5,normal,0,2024-03-29 19:20:00
99,66.65,19.31,35.18,31.0,40.47,normal,0,2024-06-20 00:42:00
6,80.96,19.97,35.5,36.16,43.52,normal,0,2024-06-20 11:26:00
87,74.6,12.62,10.9,43.43,59.35,normal,0,2024-11-29 16:15:00
50,68.78,17.84,23.27,20.76,61.46,normal,0,2024-05-16 01:32:00
52,89.35,12.2,50.67,36.8,72.52,normal,0,2024-01-28 04:36:00
67,86.78,14.61,39.95,38.76,48.31,normal,0,2024-04-28 20:43:00
90,82.67,17.71,21.72,39.08,48.85,normal,0,2024-08-04 05:40:00
38,78.7,6.78,40.29,32.66,46.82,normal,0,2024-03-13 21:44:00
63,85.85,11.83,35.11,40.55,44.37,normal,0,2024-06-11 04:31:00
20,69.03,17.86,28.2,34.5,60.57,normal,0,2024-02-06 06:17:00
70,89.04,14.82,40.48,33.9,56.2,normal,0,2024-03-18 08:17:00
6,82.29,17.76,26.43,41.07,53.04,normal,0,2024-01-30 15:58:00
94,75.95,13.07,30.43,30.72,38.61,normal,0,2024-02-28 12:40:00
92,81.28,14.13,32.77,36.3,34.15,normal,0,2024-05-08 22:47:00
83,75.48,12.95,23.15,38.09,41.65,normal,0,2024-05-31 18:53:00
21,65.56,12.21,11.53,38.98,43.85,normal,0,2024-01-10 14:28:00
45,85.11,12.6,25.85,40.35,53.57,normal,0,2024-02-14 21:43:00
95,72.89,9.68,31.65,28.6,45.88,normal,0,2024-08-15 21:05:00
70,80.23,8.93,38.73,25.97,54.19,normal,0,2024-09-27 22:00:00
66,77.03,10.18,46.99,42.9,62.38,normal,0,2024-08-07 00:24:00
67,57.87,11.07,15.77,32.72,45.26,normal,0,2024-05-28 18:09:00
75,75.29,11.67,52.42,31.59,55.39,normal,0,2024-02-29 02:10:00
72,289.24,-16.27,356.44,-37.08,193.42,sensor_error,0,2024-09-01 18:51:00
23,83.82,21.99,43.21,32.87,43.31,normal,0,2024-07-07 13:59:00
28,44.68,42.93,36.36,54.81,51.23,real_anomaly,1,2024-11-10 09:28:00
29,67.01,17.98,34.82,35.78,37.54,normal,0,2024-11-22 02:34:00
49,81.99,19.92,24.6,36.43,35.78,normal,0,2024-03-06 07:51:00
9,71.47,17.52,28.45,38.45,51.8,normal,0,2024-11-19 10:53:00
82,-999.0,-63.97,408.69,-1.41,184.16,sensor_error,0,2024-07-18 11:12:00
90,78.58,7.12,16.14,24.13,37.8,normal,0,2024-11-30 07:31:00
46,82.18,12.19,32.8,34.42,66.13,normal,0,2024-07-07 14:15:00
98,73.98,7.24,23.34,24.94,31.8,normal,0,2024-12-09 16:32:00
54,91.55,16.21,38.67,28.9,48.7,normal,0,2024-01-15 07:23:00
23,77.07,19.26,56.21,39.77,26.75,normal,0,2024-11-05 00:48:00
56,90.67,15.72,26.84,39.47,42.65,normal,0,2024-10-01 02:02:00
64,86.15,10.2,38.18,29.26,54.19,normal,0,2024-10-05 00:40:00
42,81.83,7.38,21.15,33.02,32.19,normal,0,2024-08-25 01:15:00
22,424.69,405.33,-31.21,-25.81,-40.81,sensor_error,0,2024-08-20 08:31:00
6,69.26,7.3,43.1,29.03,47.32,normal,0,2024-03-14 07:15:00
17,75.3,12.89,29.51,37.79,40.87,normal,0,2024-12-09 06:59:00
3,78.44,13.7,17.06,37.82,49.65,normal,0,2024-08-04 03:54:00
22,75.18,23.34,15.55,33.85,62.4,normal,0,2024-12-28 07:15:00
65,71.78,17.94,42.8,37.17,34.83,normal,0,2024-02-24 02:50:00
72,74.55,14.73,28.02,35.67,39.72,normal,0,2024-11-17 21:00:00
67,84.49,17.88,58.52,25.09,50.09,normal,0,2024-05-22 04:39:00
44,78.66,9.25,23.19,36.13,64.12,normal,0,2024-05-27 02:41:00
96,73.94,10.62,30.59,38.27,39.66,normal,0,2024-05-18 17:38:00
30,70.89,16.24,30.79,35.97,33.25,normal,0,2024-05-03 04:51:00
45,84.04,18.73,30.27,22.52,32.05,normal,0,2024-08-30 22:46:00
50,67.59,17.85,24.81,31.06,38.87,normal,0,2024-03-14 14:22:00
18,77.18,13.46,34.59,33.06,46.45,normal,0,2024-09-08 01:16:00
43,84.54,15.13,35.86,27.71,41.43,normal,0,2024-03-31 01:30:00
45,65.05,11.36,49.82,38.74,52.09,normal,0,2024-09-05 04:43:00
54,80.0,7.96,23.83,35.21,72.63,normal,0,2024-10-30 14:10:00
90,71.9,17.97,23.46,39.88,47.68,normal,0,2024-11-13 20:47:00
53,76.05,15.75,49.63,31.58,57.98,normal,0,2024-01-29 01:38:00
28,66.18,16.92,14.71,42.87,38.36,normal,0,2024-11-05 04:04:00
58,76.29,19.39,37.07,30.59,21.27,normal,0,2024-06-17 10:47:00
37,77.61,22.52,11.28,32.59,52.39,normal,0,2024-07-03 01:01:00
44,75.42,10.73,24.3,24.36,59.01,normal,0,2024-01-23 01:58:00
57,76.37,6.54,56.72,39.81,64.49,normal,0,2024-08-26 17:25:00
13,73.48,15.34,40.84,37.16,40.91,normal,0,2024-01-03 06:38:00
26,74.79,16.84,29.43,42.94,49.31,normal,0,2024-09-16 11:53:00
10,70.9,16.04,31.52,44.65,39.82,normal,0,2024-10-29 23:02:00
32,66.27,13.14,28.8,29.87,90.28,normal,0,2024-04-03 18:46:00
2,82.33,14.35,11.87,37.89,81.71,normal,0,2024-03-28 08:06:00
71,93.18,16.04,5.56,30.66,62.28,normal,0,2024-07-10 14:26:00
19,83.92,15.28,35.15,34.53,61.15,normal,0,2024-05-14 01:01:00
84,74.39,8.8,52.13,28.85,37.44,normal,0,2024-11-07 02:45:00
27,68.09,16.66,23.19,40.5,58.34,normal,0,2024-10-25 06:31:00
32,69.9,15.45,26.2,37.13,69.47,normal,0,2024-03-31 15:04:00
26,64.01,16.68,22.89,41.94,54.69,normal,0,2024-05-31 14:04:00
51,83.22,16.41,45.28,33.99,47.5,normal,0,2024-01-09 14:34:00
74,82.13,18.24,41.29,38.47,57.9,normal,0,2024-12-22 23:06:00
32,70.8,10.72,25.63,28.23,23.45,normal,0,2024-07-25 13:46:00
16,67.37,19.29,25.76,30.67,21.79,normal,0,2024-03-07 00:53:00
1,435.48,-91.63,340.37,-13.23,297.23,sensor_error,0,2024-10-23 14:02:00
99,72.57,19.8,33.31,33.94,35.89,normal,0,2024-10-01 04:55:00
22,69.28,10.83,28.4,40.1,55.87,normal,0,2024-11-09 16:06:00
84,77.7,16.2,38.22,35.44,81.02,normal,0,2024-06-22 05:20:00
55,74.49,27.86,19.59,29.41,37.09,normal,0,2024-06-10 06:53:00
77,70.96,11.18,37.01,34.95,55.06,normal,0,2024-04-28 21:29:00
89,75.28,16.2,36.68,25.56,42.8,normal,0,2024-09-02 06:50:00
64,81.62,11.57,4.47,32.06,40.3,normal,0,2024-01-29 05:06:00
98,68.53,11.31,48.86,32.7,58.63,normal,0,2024-03-07 18:47:00
61,77.47,17.29,26.42,32.03,53.16,normal,0,2024-07-31 08:11:00
3,74.51,18.52,28.51,33.51,57.45,normal,0,2024-02-13 04:58:00
36,73.01,16.76,9.66,35.61,60.26,normal,0,2024-08-14 15:29:00
51,100.0,14.02,41.37,33.66,44.77,normal,0,2024-05-08 02:41:00
76,66.7,14.42,43.85,42.82,65.92,normal,0,2024-12-01 17:24:00
33,75.16,15.78,22.26,36.57,29.13,normal,0,2024-02-29 17:56:00
78,92.65,20.13,27.59,31.69,43.41,normal,0,2024-02-01 18:09:00
53,80.4,14.84,50.49,35.71,42.32,normal,0,2024-04-16 23:24:00
54,80.49,18.65,36.32,46.82,30.13,normal,0,2024-10-03 03:25:00
59,79.13,8.11,35.97,32.89,38.34,normal,0,2024-10-01 17:01:00
14,62.49,18.26,36.58,29.33,24.16,normal,0,2024-11-05 07:49:00
26,90.1,11.01,31.82,28.99,43.71,normal,0,2024-01-04 08:56:00
49,75.3,16.22,34.83,43.57,89.75,normal,0,2024-12-20 03:52:00
4,77.41,13.42,36.48,35.81,26.38,normal,0,2024-12-13 23:20:00
89,82.59,21.94,51.39,35.22,44.52,normal,0,2024-06-26 09:10:00
71,68.91,16.04,21.23,36.52,26.13,normal,0,2024-02-09 15:26:00
74,75.18,8.3,22.28,36.39,37.41,normal,0,2024-11-30 14:08:00
75,77.92,16.83,32.33,32.77,57.93,normal,0,2024-11-07 04:00:00
8,77.43,12.97,19.52,32.07,27.36,normal,0,2024-02-18 18:29:00
60,70.23,14.52,21.57,26.03,68.7,normal,0,2024-11-20 11:53:00
32,78.32,7.33,32.05,34.0,25.35,normal,0,2024-11-02 11:29:00
79,83.27,23.39,40.12,28.12,29.64,normal,0,2024-02-23 23:28:00
61,76.46,9.23,48.94,37.24,69.16,normal,0,2024-10-09 17:35:00
98,68.74,12.5,40.19,40.56,36.12,normal,0,2024-06-08 22:14:00
53,69.27,11.61,41.16,36.64,42.63,normal,0,2024-07-25 08:53:00
47,78.04,16.87,41.9,31.27,45.67,normal,0,2024-06-05 03:26:00
87,82.17,17.11,47.38,31.85,38.85,normal,0,2024-03-16 20:13:00
34,66.12,18.99,41.57,33.46,45.57,normal,0,2024-09-05 02:34:00
6,93.43,14.9,29.84,30.19,18.2,normal,0,2024-01-23 10:43:00
97,92.58,13.19,36.99,37.92,48.01,normal,0,2024-02-15 22:04:00
14,65.9,10.9,41.32,34.06,61.51,normal,0,2024-11-12 00:01:00
69,71.34,19.63,43.55,32.26,53.78,normal,0,2024-02-21 18:07:00
76,83.11,5.82,25.43,25.85,62.79,normal,0,2024-10-23 09:42:00
16,71.18,12.22,14.26,38.68,35.25,normal,0,2024-08-25 05:14:00
6,73.1,16.66,26.4,39.93,38.17,normal,0,2024-08-10 02:26:00
67,66.64,11.46,40.45,35.89,49.51,normal,0,2024-04-16 10:25:00
16,65.02,8.98,16.16,42.24,38.76,normal,0,2024-04-30 11:10:00
94,75.99,16.36,40.74,30.03,55.2,normal,0,2024-10-05 05:51:00
86,69.74,14.47,37.61,36.49,75.06,normal,0,2024-08-03 19:05:00
83,77.21,7.28,31.62,35.84,73.2,normal,0,2024-07-19 15:44:00
80,76.83,13.51,35.07,30.42,37.15,normal,0,2024-03-04 10:01:00
33,83.01,15.02,33.67,34.86,57.61,normal,0,2024-11-11 01:08:00
10,73.89,16.29,34.83,29.99,31.27,normal,0,2024-10-28 17:52:00
75,61.88,14.87,16.24,35.46,39.95,normal,0,2024-07-11 17:50:00
7,83.33,13.78,36.39,37.47,40.06,normal,0,2024-11-05 23:04:00
22,80.04,15.52,28.19,33.56,51.29,normal,0,2024-08-15 03:20:00
93,81.53,21.52,40.93,39.92,31.78,normal,0,2024-03-03 13:47:00
98,82.74,12.9,26.96,28.35,40.23,normal,0,2024-02-26 05:27:00
55,80.14,7.93,32.76,37.03,58.69,normal,0,2024-11-01 07:15:00
80,90.69,9.55,47.26,35.09,26.96,normal,0,2024-10-06 05:32:00
19,78.38,10.72,51.79,28.62,27.61,normal,0,2024-08-27 00:54:00
92,489.35,-59.78,-41.24,-41.33,235.76,sensor_error,0,2024-03-04 19:36:00
66,63.65,9.08,38.81,41.64,64.9,normal,0,2024-05-15 06:04:00
30,82.35,14.75,38.4,38.8,66.24,normal,0,2024-05-04 07:40:00
67,86.36,17.73,42.98,33.29,59.26,normal,0,2024-02-18 14:13:00
21,63.69,14.28,25.13,38.88,62.83,normal,0,2024-10-05 12:59:00
31,85.71,13.87,40.51,41.42,48.85,normal,0,2024-05-24 10:00:00
72,68.01,15.9,35.84,33.49,68.66,normal,0,2024-10-13 03:00:00
15,75.76,13.3,18.42,35.91,52.87,normal,0,2024-03-09 10:19:00
5,79.63,22.24,15.16,30.8,50.92,normal,0,2024-01-12 11:42:00
53,74.8,14.17,21.3,31.65,37.55,normal,0,2024-08-19 17:20:00
74,77.74,18.46,38.38,30.75,70.99,normal,0,2024-11-03 10:21:00
89,70.27,12.86,54.48,35.22,44.83,normal,0,2024-05-14 04:23:00
47,74.89,11.31,52.79,37.42,65.29,normal,0,2024-09-22 22:47:00
45,81.39,8.58,38.93,34.89,59.91,normal,0,2024-08-11 10:33:00
12,83.62,19.68,24.95,31.49,38.22,normal,0,2024-05-09 10:26:00
82,90.17,19.17,49.99,31.24,45.79,normal,0,2024-04-19 21:25:00
63,76.7,9.14,25.26,35.19,17.57,normal,0,2024-01-07 23:58:00
3,67.9,11.0,16.48,31.42,50.03,normal,0,2024-03-07 15:53:00
24,79.47,10.28,31.94,32.04,54.38,normal,0,2024-01-06 11:33:00
1,84.72,11.06,53.85,29.74,60.45,normal,0,2024-11-30 07:58:00
39,76.02,20.94,41.6,34.88,37.09,normal,0,2024-03-17 20:17:00
46,95.26,21.41,34.4,29.1,30.91,normal,0,2024-02-03 10:19:00
46,79.97,7.36,41.55,34.97,67.88,normal,0,2024-08-19 19:15:00
66,79.0,16.25,37.64,39.29,39.56,normal,0,2024-05-30 22:23:00
97,68.25,19.13,22.75,39.25,57.33,normal,0,2024-05-25 11:08:00
99,76.69,14.25,43.55,27.38,46.11,normal,0,2024-09-16 19:17:00
22,82.36,15.13,34.54,38.28,26.06,normal,0,2024-11-07 20:34:00
75,86.06,22.33,39.38,30.49,48.85,normal,0,2024-11-22 16:55:00
21,60.9,14.0,34.85,33.62,59.63,normal,0,2024-11-16 10:47:00
76,75.82,18.99,28.6,37.7,64.03,normal,0,2024-09-14 13:05:00
42,81.18,12.12,17.49,43.11,20.6,normal,0,2024-01-08 15:28:00
52,64.18,9.48,31.99,32.89,79.14,normal,0,2024-09-01 13:50:00
50,61.58,12.61,33.3,33.78,84.78,normal,0,2024-03-19 09:02:00
80,79.15,12.73,55.15,40.47,61.71,normal,0,2024-10-06 04:10:00
52,75.8,10.74,33.67,36.22,78.87,normal,0,2024-08-01 04:01:00
13,67.85,17.69,28.12,35.08,47.82,normal,0,2024-07-17 09:53:00
58,73.76,15.43,28.43,33.71,58.34,normal,0,2024-03-12 11:59:00
26,68.68,16.14,38.3,31.41,42.82,normal,0,2024-04-13 01:07:00
14,82.02,14.2,24.54,32.89,72.02,normal,0,2024-06-04 21:12:00
57,63.51,11.85,42.91,32.0,27.94,normal,0,2024-06-15 13:15:00
42,59.61,15.93,31.24,31.61,57.23,normal,0,2024-09-18 07:06:00
34,75.71,12.3,43.02,26.78,56.71,normal,0,2024-12-07 15:18:00
59,83.77,15.8,45.03,43.35,53.59,normal,0,2024-09-21 16:19:00
72,72.65,22.55,8.84,25.47,66.57,normal,0,2024-04-06 09:58:00
73,60.5,20.23,27.0,42.47,53.36,normal,0,2024-09-12 22:29:00
61,79.23,25.1,16.23,38.21,40.62,normal,0,2024-07-22 16:45:00
30,65.34,17.55,26.61,27.49,70.52,normal,0,2024-10-15 20:40:00
65,68.47,11.22,33.18,39.24,76.02,normal,0,2024-09-15 18:18:00
16,78.52,11.64,29.88,25.64,55.31,normal,0,2024-03-20 18:00:00
41,62.76,17.96,33.17,35.13,42.59,normal,0,2024-10-26 00:07:00
75,87.89,11.63,33.7,28.48,80.22,normal,0,2024-12-28 09:08:00
94,71.18,12.78,0.91,30.52,51.53,normal,0,2024-04-20 11:48:00
85,82.88,13.38,33.23,29.95,45.55,normal,0,2024-07-01 14:48:00
19,86.19,13.19,16.4,32.18,54.58,normal,0,2024-08-27 10:18:00
45,78.97,17.09,36.25,36.62,46.31,normal,0,2024-09-02 02:33:00
100,68.6,13.82,44.05,32.43,49.37,normal,0,2024-12-22 22:44:00
41,78.85,6.16,26.97,40.67,68.77,normal,0,2024-05-06 01:12:00
93,61.4,17.94,38.51,38.41,30.62,normal,0,2024-03-17 17:34:00
22,75.67,18.21,42.99,37.92,50.58,normal,0,2024-06-26 15:40:00
98,78.02,14.28,32.54,36.56,54.44,normal,0,2024-02-18 17:47:00
76,80.35,9.73,32.87,38.81,44.57,normal,0,2024-10-13 07:54:00
4,73.35,16.56,28.44,49.3,61.12,normal,0,2024-07-13 08:30:00
48,90.6,16.67,28.54,29.73,33.09,normal,0,2024-07-07 03:52:00
37,73.48,14.13,23.43,36.08,19.99,normal,0,2024-06-18 01:28:00
15,84.79,9.16,38.19,36.1,38.88,normal,0,2024-04-22 16:16:00
32,85.02,16.63,30.91,30.67,74.54,normal,0,2024-02-06 01:34:00
69,81.12,14.77,48.21,41.29,42.8,normal,0,2024-07-03 05:28:00
5,85.67,16.82,19.92,32.44,60.41,normal,0,2024-09-02 12:33:00
45,76.53,14.64,40.72,45.36,44.48,normal,0,2024-05-25 06:41:00
63,77.73,13.02,19.18,29.15,58.8,normal,0,2024-07-27 22:25:00
83,70.75,15.54,42.89,34.16,43.03,normal,0,2024-07-23 20:19:00
55,77.6,14.29,25.61,33.39,34.94,normal,0,2024-09-11 09:47:00
66,82.27,17.58,27.47,35.43,45.7,normal,0,2024-07-14 07:30:00
78,77.48,16.13,49.17,33.15,43.1,normal,0,2024-02-24 07:12:00
99,66.93,13.56,42.01,40.26,49.5,normal,0,2024-07-06 08:10:00
3,72.7,16.48,12.41,28.3,71.08,normal,0,2024-04-20 07:07:00
69,86.43,9.54,38.97,31.24,55.62,normal,0,2024-09-25 02:35:00
79,71.72,20.84,6.83,32.1,33.59,normal,0,2024-09-29 04:54:00
33,68.69,13.68,40.1,27.08,43.99,normal,0,2024-05-24 16:34:00
14,70.99,16.72,28.1,45.25,53.69,normal,0,2024-04-15 17:02:00
58,73.08,16.71,30.93,38.91,23.35,normal,0,2024-05-15 18:04:00
93,77.14,14.15,44.94,38.37,61.57,normal,0,2024-04-27 07:37:00
74,73.09,20.6,53.11,29.79,52.09,normal,0,2024-11-20 14:43:00
90,95.06,11.6,53.58,35.14,56.92,normal,0,2024-04-11 17:08:00
97,80.96,13.52,51.06,29.82,48.12,normal,0,2024-12-15 15:11:00
40,79.58,13.44,33.35,43.24,45.67,normal,0,2024-06-09 10:14:00
16,82.52,11.14,32.91,37.78,59.32,normal,0,2024-06-13 11:51:00
100,79.37,15.7,31.25,30.82,68.23,normal,0,2024-08-31 11:33:00
15,65.71,6.55,19.22,32.1,55.87,normal,0,2024-11-08 11:28:00
61,103.15,50.84,42.03,46.93,48.23,real_anomaly,1,2024-03-31 00:20:00
16,85.0,16.24,33.28,26.41,47.1,normal,0,2024-09-23 20:29:00
21,80.11,22.36,34.45,30.0,67.1,normal,0,2024-03-23 23:57:00
90,78.4,12.33,48.03,37.46,73.12,normal,0,2024-01-11 09:39:00
100,69.69,14.05,36.08,40.2,75.42,normal,0,2024-08-20 19:14:00
24,-31.26,266.48,-41.42,-27.3,-20.36,sensor_error,0,2024-04-13 07:27:00
56,83.95,13.66,28.59,32.27,67.11,normal,0,2024-12-10 18:43:00
77,78.68,6.19,8.0,30.8,73.74,normal,0,2024-05-26 06:07:00
19,88.87,19.0,37.24,37.46,50.61,normal,0,2024-10-26 12:02:00
11,75.81,20.33,10.01,31.04,43.46,normal,0,2024-05-20 12:06:00
84,-999.0,-40.2,282.49,-17.21,-22.05,sensor_error,0,2024-10-08 09:49:00
40,80.75,21.22,59.56,42.81,57.27,normal,0,2024-05-17 15:00:00
28,63.96,14.49,18.35,21.63,51.26,normal,0,2024-05-04 00:56:00
34,69.9,10.4,32.82,31.96,52.53,normal,0,2024-03-29 06:24:00
97,80.68,14.51,29.93,29.28,47.84,normal,0,2024-05-27 10:57:00
99,68.0,18.52,52.63,42.85,56.78,normal,0,2024-05-12 04:01:00
25,79.91,12.29,36.66,32.76,55.1,normal,0,2024-11-15 14:00:00
83,71.6,11.83,38.83,37.38,52.58,normal,0,2024-12-30 09:56:00
24,81.96,11.68,21.37,27.77,60.31,normal,0,2024-03-26 20:14:00
66,83.82,9.44,22.47,31.45,64.4,normal,0,2024-05-22 11:16:00
25,69.86,21.54,20.62,31.47,63.6,normal,0,2024-09-09 16:38:00
73,67.79,22.52,70.0,36.01,54.48,normal,0,2024-09-03 09:03:00
88,74.9,12.98,22.07,29.25,44.53,normal,0,2024-01-06 03:25:00
81,79.29,11.97,24.98,34.43,50.53,normal,0,2024-05-22 12:37:00
47,85.46,11.47,46.66,40.31,46.73,normal,0,2024-12-27 18:29:00
4,84.25,10.56,41.38,34.53,86.88,normal,0,2024-05-31 15:49:00
90,78.91,13.92,34.58,34.65,52.16,normal,0,2024-09-06 13:57:00
85,63.91,18.16,31.94,37.25,38.39,normal,0,2024-01-11 15:53:00
77,79.56,14.83,26.63,42.44,45.9,normal,0,2024-06-06 23:07:00
85,83.15,16.02,28.47,36.79,38.19,normal,0,2024-02-11 15:41:00
79,73.13,17.83,42.8,33.98,32.17,normal,0,2024-02-14 14:19:00
15,67.09,20.85,44.5,33.65,41.46,normal,0,2024-11-24 19:28:00
55,63.27,11.02,31.27,35.37,60.47,normal,0,2024-04-29 05:18:00
4,76.99,13.57,24.26,27.93,27.09,normal,0,2024-10-04 08:49:00
12,81.05,13.99,36.32,34.77,43.57,normal,0,2024-01-01 02:43:00
72,76.77,13.3,40.16,35.11,54.34,normal,0,2024-07-16 08:56:00
6,70.94,14.78,39.24,38.05,47.46,normal,0,2024-03-10 02:01:00
56,82.33,13.56,30.79,30.05,82.09,normal,0,2024-07-17 13:38:00
8,75.68,12.97,38.08,48.3,50.3,normal,0,2024-10-22 16:09:00
18,77.45,6.69,23.55,36.42,40.9,normal,0,2024-07-29 04:40:00
46,74.03,10.62,36.67,33.03,31.97,normal,0,2024-11-20 18:00:00
68,80.08,19.96,26.78,45.49,60.19,normal,0,2024-11-15 13:30:00
90,71.19,18.0,28.37,43.1,30.11,normal,0,2024-03-03 12:27:00
73,69.2,19.19,34.79,34.31,51.26,normal,0,2024-10-04 20:03:00
92,83.04,10.39,26.93,39.93,43.25,normal,0,2024-12-18 04:33:00
80,64.1,16.58,41.31,33.14,40.74,normal,0,2024-03-10 10:43:00
40,73.41,18.44,48.7,37.6,55.48,normal,0,2024-11-23 19:04:00
59,71.77,18.71,37.33,21.93,67.63,normal,0,2024-11-16 09:14:00
51,86.8,13.22,43.61,27.59,31.57,normal,0,2024-11-23 09:26:00
90,70.3,17.66,23.74,27.59,56.66,normal,0,2024-04-04 18:07:00
13,80.54,13.71,45.51,39.0,50.88,normal,0,2024-04-03 01:46:00
91,66.89,13.42,29.17,32.83,41.82,normal,0,2024-06-23 09:40:00
14,78.42,6.94,27.95,30.76,66.15,normal,0,2024-12-16 16:42:00
90,77.34,15.35,52.72,30.42,50.56,normal,0,2024-05-14 13:27:00
88,79.99,13.55,32.96,35.94,41.38,normal,0,2024-04-04 20:59:00
18,80.4,16.34,56.94,32.0,60.57,normal,0,2024-02-11 07:18:00
11,74.54,17.53,36.49,43.73,44.13,normal,0,2024-06-22 12:15:00
77,76.67,14.23,44.59,33.65,34.21,normal,0,2024-03-20 20:04:00
54,68.96,12.41,34.98,30.31,41.91,normal,0,2024-04-03 08:50:00
58,74.14,15.74,51.7,40.94,51.22,normal,0,2024-01-25 04:06:00
80,75.71,13.82,42.57,36.04,45.72,normal,0,2024-06-02 23:58:00
3,84.14,14.86,32.44,34.11,60.3,normal,0,2024-08-21 04:54:00
45,83.12,16.32,23.82,32.7,40.68,normal,0,2024-02-18 18:06:00
57,-999.0,482.73,262.37,-26.99,198.42,sensor_error,0,2024-12-29 20:13:00
9,76.93,20.96,27.09,30.86,42.37,normal,0,2024-02-21 00:51:00
32,76.79,9.81,34.53,44.09,43.6,normal,0,2024-11-07 14:10:00
73,66.54,17.51,40.33,40.4,39.97,normal,0,2024-07-25 13:48:00
96,71.72,16.77,34.31,27.93,46.96,normal,0,2024-01-30 16:14:00
63,78.07,13.36,47.61,39.81,69.96,normal,0,2024-04-19 04:48:00
70,72.48,17.51,42.89,39.1,44.07,normal,0,2024-01-28 13:44:00
8,73.14,5.83,31.45,33.69,62.7,normal,0,2024-02-22 03:44:00
37,77.95,15.29,23.54,45.35,22.62,normal,0,2024-12-30 23:13:00
68,90.49,3.01,40.35,42.11,43.69,normal,0,2024-05-13 10:12:00
89,65.78,16.56,40.92,37.57,72.77,normal,0,2024-03-09 03:22:00
2,71.52,15.11,36.39,36.06,67.02,normal,0,2024-12-17 14:56:00
37,75.76,5.74,37.16,32.32,40.37,normal,0,2024-05-18 07:17:00
14,91.93,20.61,40.59,38.48,86.45,normal,0,2024-02-21 01:37:00
7,99.89,11.41,42.59,37.19,50.18,normal,0,2024-03-23 09:18:00
41,83.66,16.29,38.3,38.25,77.98,normal,0,2024-08-05 07:52:00
61,80.89,16.15,25.63,38.44,67.54,normal,0,2024-03-09 00:40:00
60,84.48,15.78,38.71,37.37,41.61,normal,0,2024-06-06 17:56:00
24,72.1,15.63,27.73,27.4,66.15,normal,0,2024-08-04 04:38:00
59,74.66,12.38,47.08,34.97,32.01,normal,0,2024-06-17 06:04:00
8,65.3,14.01,27.6,30.61,61.16,normal,0,2024-01-05 18:19:00
62,72.99,13.63,56.64,31.5,64.34,normal,0,2024-10-23 12:07:00
87,85.89,16.8,41.38,33.59,47.0,normal,0,2024-04-02 07:43:00
62,83.86,19.71,26.55,41.72,40.88,normal,0,2024-05-05 11:16:00
94,84.03,14.78,35.0,34.94,45.84,normal,0,2024-06-07 07:34:00
21,71.1,19.48,31.25,31.16,81.0,normal,0,2024-10-12 03:06:00
20,76.85,13.43,24.24,32.07,41.22,normal,0,2024-03-28 18:59:00
33,74.89,16.88,34.5,40.54,77.7,normal,0,2024-02-19 12:37:00
20,76.94,16.55,30.04,38.03,62.19,normal,0,2024-11-08 23:47:00
50,68.41,16.5,47.42,32.32,72.96,normal,0,2024-07-24 20:26:00
3,78.61,15.08,58.57,36.52,26.83,normal,0,2024-06-01 23:39:00
69,68.6,14.56,19.45,32.23,55.01,normal,0,2024-12-06 16:23:00
47,70.89,21.11,26.08,35.54,80.99,normal,0,2024-06-11 20:52:00
75,83.67,15.07,16.04,40.9,48.04,normal,0,2024-12-03 14:45:00
11,71.81,9.3,25.42,41.57,33.89,normal,0,2024-04-24 14:22:00
57,75.3,11.7,42.6,37.37,57.7,normal,0,2024-12-04 10:18:00
25,80.29,12.29,39.16,37.66,62.28,normal,0,2024-05-31 18:25:00
78,73.62,13.03,39.82,31.25,32.11,normal,0,2024-07-14 17:04:00
28,66.99,18.22,10.29,37.07,24.8,normal,0,2024-02-12 07:13:00
34,78.84,11.07,32.04,36.5,26.65,normal,0,2024-07-21 19:37:00
63,77.41,11.16,21.29,38.2,50.93,normal,0,2024-05-18 12:21:00
95,70.95,13.34,44.73,33.85,40.48,normal,0,2024-12-30 16:13:00
94,66.72,16.19,12.88,36.81,44.0,normal,0,2024-04-07 14:01:00
58,77.83,16.22,46.91,37.67,54.95,normal,0,2024-01-19 08:01:00
60,57.42,15.53,16.86,37.38,52.72,normal,0,2024-09-08 07:56:00
84,63.13,12.72,35.72,34.32,51.08,normal,0,2024-05-31 10:18:00
83,63.49,18.58,36.81,42.16,40.97,normal,0,2024-09-16 22:20:00
2,68.06,9.0,28.07,37.24,64.57,normal,0,2024-10-15 12:53:00
86,78.96,12.69,25.61,28.34,77.68,normal,0,2024-04-16 10:23:00
68,68.69,14.92,43.47,38.64,52.87,normal,0,2024-04-25 01:09:00
14,70.53,19.55,41.41,32.01,44.81,normal,0,2024-04-18 10:06:00
20,84.12,17.81,41.98,24.63,35.68,normal,0,2024-06-22 07:20:00
46,71.58,14.76,63.03,33.53,21.6,normal,0,2024-11-30 10:45:00
98,70.79,13.43,31.54,37.32,46.66,normal,0,2024-06-16 13:48:00
69,74.21,14.34,22.2,31.31,58.78,normal,0,2024-04-17 07:23:00
43,87.67,17.02,49.12,35.23,35.28,normal,0,2024-07-01 03:30:00
62,75.13,21.99,34.0,37.76,54.21,normal,0,2024-09-09 18:37:00
85,473.4,433.09,309.89,-18.88,-19.48,sensor_error,0,2024-02-17 15:11:00
90,64.94,16.5,25.63,31.72,37.11,normal,0,2024-12-13 02:50:00
6,61.36,12.11,56.92,31.89,58.92,normal,0,2024-03-25 18:35:00
77,71.31,11.1,29.67,36.08,59.01,normal,0,2024-09-23 13:42:00
80,83.55,10.25,46.16,36.04,60.12,normal,0,2024-11-28 06:20:00
49,79.99,18.02,7.62,34.51,53.68,normal,0,2024-06-29 20:11:00
41,75.36,12.93,24.61,33.28,56.83,normal,0,2024-12-16 07:41:00
63,79.97,13.89,36.84,36.97,37.93,normal,0,2024-10-05 17:03:00
33,69.55,21.06,52.73,41.67,43.15,normal,0,2024-08-26 12:28:00
9,73.09,20.27,13.02,36.6,51.68,normal,0,2024-01-17 07:56:00
99,73.62,9.64,39.41,34.55,52.75,normal,0,2024-01-06 18:17:00
81,74.64,15.01,32.27,25.32,53.13,normal,0,2024-05-16 15:01:00
71,81.66,15.79,29.2,27.06,52.18,normal,0,2024-05-26 20:58:00
14,82.2,19.19,30.61,36.97,44.97,normal,0,2024-10-11 11:03:00
58,84.45,14.37,45.15,33.21,51.69,normal,0,2024-12-27 21:16:00
82,86.25,16.95,41.33,34.31,24.81,normal,0,2024-11-18 07:17:00
83,80.07,9.74,28.38,22.68,62.48,normal,0,2024-11-27 19:34:00
72,80.31,19.14,30.38,24.16,28.45,normal,0,2024-08-09 19:18:00
24,72.78,6.07,45.84,27.98,45.67,normal,0,2024-02-12 20:16:00
81,59.98,18.84,49.38,26.73,52.07,normal,0,2024-05-26 03:41:00
73,83.61,17.73,37.73,42.67,69.93,normal,0,2024-04-23 20:49:00
40,74.24,13.05,43.44,37.77,57.97,normal,0,2024-02-16 12:14:00
67,79.61,13.66,49.87,34.98,53.32,normal,0,2024-11-21 19:25:00
38,75.53,20.68,39.7,29.82,51.34,normal,0,2024-03-04 00:48:00
88,79.34,21.33,30.02,34.22,40.9,normal,0,2024-05-25 03:21:00
75,74.19,17.91,37.61,31.95,48.75,normal,0,2024-09-27 02:33:00
32,74.65,10.69,24.46,28.7,58.7,normal,0,2024-05-03 19:15:00
31,72.71,16.14,11.53,33.28,48.75,normal,0,2024-04-30 08:33:00
98,72.01,16.07,37.89,34.71,48.94,normal,0,2024-08-18 10:20:00
71,78.44,15.39,41.75,35.98,58.26,normal,0,2024-05-11 03:34:00
86,76.71,12.34,16.26,24.48,19.7,normal,0,2024-01-31 18:25:00
97,91.03,13.35,17.46,37.85,29.08,normal,0,2024-11-10 00:20:00
43,69.37,15.61,11.07,32.6,66.57,normal,0,2024-01-12 08:26:00
48,76.13,14.46,47.46,47.23,36.03,normal,0,2024-04-20 15:11:00
16,66.83,8.18,39.85,31.78,21.72,normal,0,2024-06-21 08:08:00
22,71.81,19.77,44.15,30.89,73.78,normal,0,2024-06-13 16:15:00
26,77.69,12.02,39.24,36.71,69.93,normal,0,2024-06-10 00:27:00
9,65.89,15.19,52.63,32.98,70.22,normal,0,2024-08-24 15:02:00
39,78.6,12.75,16.74,30.59,53.22,normal,0,2024-09-02 13:23:00
65,97.53,19.74,22.61,37.67,37.75,normal,0,2024-03-10 19:05:00
19,71.52,17.79,28.33,36.37,52.65,normal,0,2024-09-07 00:45:00
38,105.88,54.28,14.15,53.71,23.55,real_anomaly,1,2024-11-04 06:18:00
66,72.4,17.57,22.55,44.0,52.48,normal,0,2024-12-17 06:29:00
87,91.29,14.4,35.36,32.79,70.1,normal,0,2024-12-04 22:38:00
98,61.06,17.37,28.99,29.68,29.56,normal,0,2024-07-18 01:44:00
88,79.66,12.04,56.37,39.81,38.95,normal,0,2024-10-02 21:23:00
57,80.57,25.15,36.56,31.46,42.59,normal,0,2024-08-06 07:28:00
47,81.4,12.64,27.14,32.83,53.71,normal,0,2024-07-04 04:00:00
92,84.34,9.97,48.1,38.01,30.51,normal,0,2024-01-30 12:56:00
4,73.02,25.77,34.94,31.42,22.65,normal,0,2024-07-02 14:41:00
75,72.59,12.57,17.72,38.44,70.91,normal,0,2024-12-12 14:26:00
13,72.78,25.37,24.96,28.27,53.05,normal,0,2024-05-01 12:20:00
65,73.34,7.85,27.85,41.52,74.2,normal,0,2024-08-29 23:28:00
84,71.16,28.54,33.7,35.45,54.38,normal,0,2024-11-17 01:30:00
97,71.78,10.07,38.6,39.46,58.68,normal,0,2024-07-19 03:37:00
61,69.48,17.87,36.55,36.28,42.79,normal,0,2024-05-12 08:38:00
82,89.4,19.7,48.74,31.83,53.92,normal,0,2024-07-14 15:15:00
62,82.24,20.7,25.88,25.28,26.39,normal,0,2024-02-22 18:20:00
26,68.96,20.99,42.14,37.14,36.16,normal,0,2024-10-29 22:26:00
55,75.85,6.56,46.1,32.37,47.48,normal,0,2024-02-26 22:50:00
49,69.61,9.41,60.62,39.79,48.51,normal,0,2024-09-09 15:42:00
36,76.9,19.79,43.57,36.34,68.01,normal,0,2024-03-12 20:38:00
51,71.49,15.98,41.11,33.94,31.74,normal,0,2024-09-06 09:12:00
42,67.17,19.68,33.17,32.32,33.6,normal,0,2024-05-24 10:23:00
54,59.89,18.71,25.37,37.93,38.73,normal,0,2024-10-20 08:36:00
36,70.67,13.19,33.52,36.64,32.77,normal,0,2024-12-22 15:35:00
38,84.93,11.18,29.58,35.29,30.33,normal,0,2024-10-15 06:19:00
40,75.8,11.06,41.7,38.1,60.16,normal,0,2024-06-05 20:46:00
70,74.78,19.45,34.14,31.35,65.98,normal,0,2024-12-24 19:17:00
85,64.82,19.0,41.99,27.83,58.29,normal,0,2024-10-01 10:23:00
62,80.43,20.14,36.49,39.7,80.29,normal,0,2024-12-13 07:45:00
6,79.47,10.62,25.49,43.32,21.74,normal,0,2024-02-23 20:45:00
10,75.15,17.08,33.97,28.39,45.03,normal,0,2024-10-31 15:40:00
26,87.19,14.89,17.59,36.5,63.29,normal,0,2024-01-06 05:45:00
26,85.81,16.9,40.89,36.46,69.99,normal,0,2024-09-20 13:28:00
83,81.59,8.59,25.66,41.57,50.34,normal,0,2024-04-07 12:44:00
1,74.57,10.91,35.16,32.02,30.46,normal,0,2024-10-26 02:09:00
45,77.04,9.53,42.89,29.49,30.65,normal,0,2024-11-25 12:12:00
14,80.0,15.1,18.93,32.1,55.83,normal,0,2024-10-31 13:05:00
9,67.66,13.74,44.41,30.34,26.26,normal,0,2024-08-06 21:59:00
2,81.81,17.66,21.86,34.84,43.1,normal,0,2024-11-22 00:15:00
92,74.44,18.56,49.82,44.32,51.43,normal,0,2024-08-18 09:34:00
9,74.29,7.49,41.52,34.46,63.52,normal,0,2024-07-11 11:16:00
41,87.8,16.94,35.15,36.49,41.82,normal,0,2024-08-20 16:25:00
77,71.43,21.36,52.33,36.84,55.84,normal,0,2024-05-16 08:13:00
72,74.39,17.12,23.52,32.52,54.27,normal,0,2024-08-27 12:57:00
13,70.15,11.81,44.03,39.91,13.59,normal,0,2024-04-03 14:06:00
24,75.06,13.96,23.6,40.81,57.12,normal,0,2024-06-09 16:28:00
93,77.26,11.58,29.45,41.54,24.93,normal,0,2024-05-08 10:19:00
38,71.34,16.33,55.82,30.89,48.26,normal,0,2024-03-22 08:08:00
49,95.97,18.03,42.49,45.58,39.25,normal,0,2024-08-23 02:19:00
37,69.11,9.97,31.35,35.23,46.95,normal,0,2024-05-09 01:09:00
45,84.52,11.18,7.77,40.38,58.88,normal,0,2024-01-07 04:36:00
39,78.74,8.69,39.85,34.73,69.61,normal,0,2024-03-28 02:50:00
71,72.29,19.52,45.18,34.29,74.05,normal,0,2024-05-22 07:10:00
80,98.33,49.89,56.99,52.92,62.08,real_anomaly,1,2024-11-06 22:50:00
79,66.41,18.34,27.35,31.6,49.87,normal,0,2024-07-14 11:34:00
24,78.28,5.45,56.75,39.82,81.68,normal,0,2024-10-19 15:31:00
74,78.99,17.89,47.36,35.1,17.41,normal,0,2024-07-05 00:29:00
67,83.26,18.51,39.84,28.78,28.98,normal,0,2024-11-10 00:09:00
68,82.93,12.82,57.29,33.19,25.1,normal,0,2024-09-29 05:23:00
75,72.83,13.03,39.15,43.73,64.26,normal,0,2024-09-06 01:32:00
31,86.02,20.09,45.89,37.88,64.81,normal,0,2024-07-21 03:56:00
78,76.17,17.91,42.03,37.12,34.09,normal,0,2024-03-07 17:29:00
19,68.89,13.22,17.28,30.38,49.21,normal,0,2024-03-29 11:17:00
3,71.62,11.27,34.24,32.84,42.37,normal,0,2024-08-17 05:49:00
76,64.29,23.09,31.36,38.43,51.65,normal,0,2024-09-18 13:06:00
67,70.41,16.51,39.17,34.66,50.06,normal,0,2024-08-21 05:36:00
31,67.41,13.46,43.26,41.62,67.11,normal,0,2024-04-09 07:23:00
74,72.07,12.24,18.77,34.55,49.5,normal,0,2024-05-16 22:14:00
12,75.62,16.28,40.39,33.72,47.25,normal,0,2024-06-29 18:50:00
83,79.03,12.31,33.85,41.57,30.0,normal,0,2024-10-16 20:20:00
61,65.38,13.44,34.92,28.08,43.45,normal,0,2024-06-21 03:31:00
12,65.76,18.54,26.53,30.85,32.23,normal,0,2024-07-09 00:14:00
37,84.49,18.3,39.62,40.27,29.26,normal,0,2024-01-09 08:10:00
58,91.15,16.18,30.37,40.48,80.42,normal,0,2024-08-03 20:36:00
4,77.02,11.47,35.86,32.54,52.57,normal,0,2024-03-27 06:42:00
12,60.54,19.72,23.46,35.49,49.92,normal,0,2024-12-09 10:31:00
66,85.0,10.87,21.6,37.08,69.75,normal,0,2024-02-04 13:15:00
67,82.28,15.58,28.46,35.38,69.26,normal,0,2024-05-21 10:35:00
74,68.0,16.91,55.95,34.46,62.45,normal,0,2024-10-17 21:17:00
78,81.71,12.71,53.41,30.3,42.99,normal,0,2024-03-16 22:50:00
36,-41.42,334.0,490.07,-25.06,287.58,sensor_error,0,2024-03-17 12:49:00
13,85.52,10.42,45.69,27.64,61.15,normal,0,2024-06-11 16:45:00
77,77.81,13.87,42.94,38.59,63.53,normal,0,2024-03-09 19:52:00
87,449.85,-58.59,324.0,-0.99,229.4,sensor_error,0,2024-11-18 03:22:00
16,74.76,11.79,51.47,35.03,43.88,normal,0,2024-01-08 12:51:00
21,89.17,15.45,27.12,31.41,57.47,normal,0,2024-12-05 08:50:00
93,74.91,8.51,29.19,31.9,75.29,normal,0,2024-03-16 06:55:00
49,82.36,19.45,33.69,34.41,23.32,normal,0,2024-05-11 02:50:00
40,83.21,13.81,23.5,28.84,19.33,normal,0,2024-08-01 08:11:00
18,89.26,12.69,22.41,45.6,65.79,normal,0,2024-01-25 23:45:00
100,75.88,12.05,37.26,33.78,48.25,normal,0,2024-08-23 21:28:00
41,72.47,18.93,44.7,38.17,58.85,normal,0,2024-03-28 12:34:00
74,80.01,18.66,19.53,36.68,65.08,normal,0,2024-11-07 21:55:00
59,81.57,11.82,31.13,39.36,55.39,normal,0,2024-09-21 15:20:00
7,82.32,16.04,43.4,34.42,64.39,normal,0,2024-04-18 13:05:00
28,70.98,16.29,36.88,39.5,32.07,normal,0,2024-04-04 16:45:00
44,79.29,19.88,50.05,33.85,71.17,normal,0,2024-01-30 12:06:00
12,71.86,12.19,27.03,28.8,69.14,normal,0,2024-05-20 15:47:00
72,86.76,7.91,36.79,33.19,80.8,normal,0,2024-01-26 05:27:00
51,77.71,18.31,20.78,33.44,36.11,normal,0,2024-09-23 12:41:00
76,66.29,11.91,27.98,36.87,43.41,normal,0,2024-05-25 01:34:00
82,72.18,12.44,32.44,20.0,67.87,normal,0,2024-10-08 23:18:00
23,71.41,12.03,14.06,31.18,38.98,normal,0,2024-10-02 14:29:00
25,71.46,16.39,41.48,31.63,41.85,normal,0,2024-01-01 15:14:00
58,66.55,18.12,42.62,47.09,43.8,normal,0,2024-10-28 15:42:00
13,84.82,13.17,34.9,34.73,27.85,normal,0,2024-01-27 18:34:00
71,87.73,15.93,58.81,30.96,52.67,normal,0,2024-11-14 08:27:00
22,63.08,20.83,25.7,37.39,57.75,normal,0,2024-10-06 12:11:00
78,91.61,15.3,29.45,39.09,55.36,normal,0,2024-02-27 02:05:00
80,77.35,7.46,46.93,33.73,39.69,normal,0,2024-02-20 22:54:00
73,77.57,14.83,20.83,41.43,56.9,normal,0,2024-11-02 10:49:00
80,110.54,40.59,30.91,60.52,78.12,real_anomaly,1,2024-03-07 21:57:00
46,91.53,19.92,29.9,45.04,32.55,normal,0,2024-04-27 14:30:00
49,78.8,14.58,42.75,33.85,56.19,normal,0,2024-06-04 08:23:00
78,68.98,15.71,27.04,36.19,59.28,normal,0,2024-12-28 07:30:00
87,71.6,18.6,36.32,39.13,44.15,normal,0,2024-02-24 06:09:00
5,-16.34,497.93,-48.3,-24.83,185.13,sensor_error,0,2024-06-29 18:20:00
3,82.57,12.28,41.32,31.96,74.96,normal,0,2024-08-25 15:04:00
12,79.47,17.86,57.17,28.98,55.55,normal,0,2024-11-21 09:28:00
23,66.74,22.42,24.08,28.9,51.78,normal,0,2024-10-22 09:43:00
82,84.24,5.74,14.49,33.84,51.28,normal,0,2024-10-10 19:59:00
60,82.64,7.0,26.05,35.16,64.27,normal,0,2024-01-23 19:09:00
4,79.27,14.78,29.65,36.35,67.99,normal,0,2024-03-16 22:01:00
18,99.77,19.64,25.78,35.12,46.89,normal,0,2024-06-15 12:42:00
75,72.71,15.22,49.94,38.93,47.62,normal,0,2024-05-17 09:28:00
93,71.9,17.46,52.22,39.65,22.39,normal,0,2024-10-13 06:39:00
35,75.07,11.13,36.25,35.63,37.69,normal,0,2024-06-05 05:55:00
46,78.36,3.7,30.97,35.65,40.1,normal,0,2024-05-12 09:32:00
39,82.06,13.06,26.63,33.92,47.7,normal,0,2024-04-19 08:39:00
8,72.77,17.5,51.57,33.6,48.66,normal,0,2024-06-18 09:12:00
91,76.09,13.36,51.28,28.82,64.04,normal,0,2024-01-05 21:19:00
97,74.81,16.02,26.21,28.92,50.59,normal,0,2024-11-06 15:41:00
6,78.0,17.87,38.71,22.71,47.74,normal,0,2024-05-22 11:07:00
94,63.95,14.38,19.44,35.64,45.18,normal,0,2024-07-15 23:56:00
13,81.82,10.28,31.91,36.06,43.53,normal,0,2024-08-30 19:36:00
82,71.17,10.85,41.71,44.49,40.82,normal,0,2024-09-30 20:48:00
7,71.4,7.98,17.63,34.55,92.71,normal,0,2024-05-14 16:04:00
64,74.48,6.54,32.27,38.93,36.34,normal,0,2024-05-11 22:21:00
1,78.0,16.67,31.35,29.96,52.3,normal,0,2024-10-02 12:26:00
84,77.12,17.42,24.43,34.55,17.86,normal,0,2024-09-29 04:41:00
55,79.15,11.37,27.43,44.99,47.04,normal,0,2024-09-04 21:20:00
58,73.94,16.2,37.2,40.88,53.77,normal,0,2024-09-24 21:57:00
38,69.04,13.79,28.13,43.33,51.92,normal,0,2024-03-16 20:18:00
40,85.44,18.54,44.98,31.73,54.49,normal,0,2024-06-10 16:18:00
78,73.28,7.2,26.34,35.17,40.49,normal,0,2024-12-25 05:12:00
6,90.63,13.5,8.81,34.68,66.24,normal,0,2024-09-09 04:59:00
57,96.35,19.67,37.43,40.27,78.55,normal,0,2024-09-13 23:44:00
74,78.21,21.66,51.96,34.36,46.19,normal,0,2024-10-29 21:52:00
62,68.8,8.04,14.05,37.88,50.9,normal,0,2024-08-16 10:18:00
88,79.83,15.55,22.28,28.93,42.2,normal,0,2024-02-08 22:14:00
75,65.88,12.53,19.66,36.09,52.4,normal,0,2024-06-13 05:09:00
60,67.0,13.07,57.62,41.47,57.41,normal,0,2024-03-14 08:21:00
96,79.88,6.6,31.66,29.82,55.39,normal,0,2024-03-26 06:40:00
38,71.35,19.85,35.66,28.64,55.22,normal,0,2024-04-06 09:54:00
18,77.76,11.32,29.17,31.91,54.09,normal,0,2024-05-27 11:31:00
30,62.87,15.61,31.9,32.44,30.1,normal,0,2024-02-16 17:31:00
20,67.05,8.63,32.53,45.3,44.89,normal,0,2024-07-31 07:00:00
66,75.7,16.25,41.01,40.13,35.63,normal,0,2024-04-20 06:03:00
25,93.21,20.72,40.56,37.51,62.16,normal,0,2024-02-17 22:03:00
48,68.03,14.83,40.3,40.94,46.02,normal,0,2024-03-30 11:44:00
78,85.08,12.02,26.63,36.78,61.54,normal,0,2024-12-27 23:24:00
31,92.42,22.39,34.64,33.52,54.76,normal,0,2024-03-10 03:57:00
4,77.45,16.9,41.65,28.97,72.55,normal,0,2024-02-14 21:18:00
51,85.35,11.59,31.93,34.31,54.98,normal,0,2024-05-28 08:44:00
72,67.79,13.47,46.51,32.54,51.39,normal,0,2024-03-17 03:23:00
89,85.0,9.57,57.27,28.69,34.63,normal,0,2024-02-17 11:45:00
25,63.57,17.51,53.96,35.51,22.26,normal,0,2024-05-17 10:47:00
9,74.49,12.77,42.13,35.41,56.95,normal,0,2024-08-29 18:48:00
98,84.78,12.89,28.58,36.34,64.7,normal,0,2024-10-18 22:20:00
32,71.16,14.99,26.34,30.24,60.3,normal,0,2024-09-20 06:02:00
78,78.88,16.51,27.52,36.26,49.29,normal,0,2024-10-13 12:59:00
48,92.9,18.26,47.32,40.68,47.05,normal,0,2024-07-26 20:43:00
59,83.92,14.25,56.6,37.19,75.76,normal,0,2024-08-10 01:55:00
43,87.94,11.37,20.66,29.84,41.91,normal,0,2024-10-20 15:55:00
91,83.49,16.74,30.4,31.67,62.69,normal,0,2024-08-05 14:59:00
52,67.96,10.52,27.12,33.36,54.81,normal,0,2024-12-26 10:22:00
79,77.96,19.98,35.06,41.59,51.57,normal,0,2024-09-20 15:13:00
41,78.75,16.46,44.49,44.06,58.87,normal,0,2024-01-24 06:13:00
96,65.95,13.94,36.01,33.67,52.26,normal,0,2024-07-23 18:35:00
37,84.06,19.78,11.65,37.58,34.16,normal,0,2024-12-16 15:50:00
26,83.9,16.13,47.97,33.04,38.39,normal,0,2024-12-13 22:32:00
97,95.24,10.84,31.83,40.83,54.82,normal,0,2024-01-05 15:34:00
55,70.2,10.0,49.76,36.41,28.1,normal,0,2024-08-30 03:55:00
15,83.63,17.16,59.27,27.7,40.78,normal,0,2024-01-27 02:56:00
99,83.3,7.83,21.95,26.92,48.92,normal,0,2024-06-08 17:23:00
5,73.45,18.53,34.2,32.73,21.34,normal,0,2024-09-16 00:12:00
65,74.65,13.77,35.67,26.02,27.75,normal,0,2024-07-23 18:37:00
27,82.22,9.84,20.75,43.53,36.41,normal,0,2024-07-05 21:14:00
99,70.74,18.61,41.58,32.0,50.22,normal,0,2024-04-03 12:50:00
22,81.47,10.41,54.33,35.82,44.29,normal,0,2024-07-13 05:43:00
60,77.28,12.06,28.07,37.0,40.54,normal,0,2024-04-19 06:18:00
22,71.26,14.91,39.87,37.25,54.67,normal,0,2024-10-08 18:52:00
76,67.9,14.48,31.17,29.77,54.05,normal,0,2024-07-23 18:41:00
91,100.0,11.79,52.29,26.38,53.53,normal,0,2024-03-06 08:05:00
21,80.44,11.7,30.35,36.33,64.85,normal,0,2024-09-27 22:17:00
96,74.36,11.0,47.51,36.93,58.07,normal,0,2024-12-25 04:27:00
61,74.4,20.84,43.04,34.25,21.19,normal,0,2024-02-17 01:01:00
45,78.87,12.45,31.82,36.62,69.89,normal,0,2024-04-06 04:18:00
71,110.78,44.25,28.34,63.13,44.33,real_anomaly,1,2024-12-24 23:17:00
56,61.76,13.94,44.83,31.64,19.39,normal,0,2024-08-30 09:20:00
12,66.25,16.68,13.69,31.83,69.98,normal,0,2024-10-13 21:15:00
42,89.83,22.37,20.25,30.5,71.82,normal,0,2024-03-06 16:22:00
54,73.37,9.47,23.79,36.65,39.77,normal,0,2024-03-13 18:15:00
66,75.78,8.22,15.06,37.45,30.3,normal,0,2024-03-05 01:05:00
59,89.44,24.16,48.73,27.82,15.26,normal,0,2024-04-02 20:12:00
65,60.75,14.35,16.34,39.37,32.91,normal,0,2024-03-05 21:24:00
43,65.35,16.23,32.06,39.71,33.59,normal,0,2024-12-26 23:30:00
64,78.53,11.89,23.86,44.64,46.54,normal,0,2024-05-28 17:35:00
99,70.58,10.98,41.77,37.4,66.1,normal,0,2024-09-10 18:50:00
5,77.65,10.37,52.32,36.1,46.46,normal,0,2024-05-29 04:30:00
68,96.5,15.37,43.92,36.11,45.55,normal,0,2024-03-05 01:50:00
28,67.89,14.16,45.37,34.4,17.26,normal,0,2024-05-17 19:37:00
14,74.79,23.79,54.97,33.63,48.85,normal,0,2024-12-01 21:07:00
10,73.47,15.29,10.17,34.46,43.49,normal,0,2024-12-25 15:38:00
1,90.37,15.0,41.28,33.01,29.93,normal,0,2024-02-09 01:01:00
61,47.13,41.58,30.05,48.56,37.36,real_anomaly,1,2024-05-28 15:52:00
35,69.91,15.32,33.49,32.96,31.07,normal,0,2024-01-30 04:05:00
80,74.07,19.03,32.86,44.32,39.59,normal,0,2024-08-06 06:55:00
15,75.06,19.05,41.57,37.4,20.73,normal,0,2024-10-29 18:09:00
88,83.69,18.76,19.93,24.14,38.27,normal,0,2024-02-29 16:06:00
17,70.81,11.77,32.1,28.42,42.32,normal,0,2024-06-30 21:38:00
26,78.97,21.03,40.08,32.62,32.75,normal,0,2024-05-20 14:40:00
62,71.72,22.27,33.03,41.13,40.07,normal,0,2024-10-19 13:15:00
11,85.46,22.06,21.99,39.83,32.68,normal,0,2024-04-22 23:51:00
16,98.71,17.17,46.95,30.05,62.38,normal,0,2024-10-23 06:50:00
22,72.06,14.27,51.74,34.91,61.61,normal,0,2024-09-08 20:20:00
67,94.68,15.29,47.15,38.48,62.43,normal,0,2024-01-26 13:46:00
14,78.69,17.29,29.08,27.84,43.62,normal,0,2024-11-19 15:26:00
44,78.37,15.16,36.29,36.94,51.54,normal,0,2024-10-22 05:18:00
55,93.33,6.54,33.66,38.61,49.27,normal,0,2024-06-15 16:11:00
44,64.63,25.36,25.69,33.04,79.71,normal,0,2024-04-10 00:11:00
74,80.42,18.56,35.17,33.19,57.4,normal,0,2024-04-01 15:35:00
73,76.52,12.37,19.23,36.53,49.55,normal,0,2024-10-26 08:57:00
26,83.79,13.25,39.57,39.64,35.45,normal,0,2024-01-27 04:29:00
17,83.26,13.79,46.28,31.1,82.74,normal,0,2024-10-08 21:45:00
75,78.81,2.0,23.58,36.35,60.38,normal,0,2024-03-13 23:03:00
81,79.8,14.82,37.76,45.64,52.63,normal,0,2024-07-09 14:41:00
27,80.55,10.81,50.02,34.91,44.64,normal,0,2024-11-17 19:26:00
73,72.27,22.79,39.88,29.61,42.37,normal,0,2024-08-06 18:12:00
74,86.12,17.24,33.4,32.11,51.67,normal,0,2024-02-11 11:46:00
56,83.19,18.65,35.08,34.94,30.29,normal,0,2024-05-03 07:18:00
56,67.12,12.49,43.2,32.73,52.23,normal,0,2024-02-27 22:13:00
84,91.13,14.67,36.87,32.06,33.43,normal,0,2024-11-12 03:17:00
21,88.81,22.4,41.13,31.86,54.76,normal,0,2024-03-11 15:36:00
29,77.93,17.04,47.46,37.56,64.34,normal,0,2024-10-21 20:08:00
4,83.45,18.43,24.66,37.53,48.17,normal,0,2024-01-09 22:24:00
4,83.3,20.03,35.69,36.69,69.21,normal,0,2024-03-12 08:15:00
34,80.71,14.28,31.94,34.56,42.15,normal,0,2024-02-22 10:00:00
3,80.06,11.48,25.29,41.07,65.41,normal,0,2024-10-19 12:37:00
80,78.31,13.98,53.67,38.2,42.66,normal,0,2024-12-26 07:32:00
98,73.17,15.38,41.82,39.12,39.22,normal,0,2024-12-21 04:10:00
15,90.3,13.05,34.03,43.77,67.47,normal,0,2024-06-15 01:32:00
10,78.03,10.5,24.84,32.45,66.0,normal,0,2024-11-16 09:36:00
5,79.49,13.01,31.17,43.34,68.64,normal,0,2024-06-05 06:02:00
17,84.14,22.72,36.18,33.8,45.59,normal,0,2024-11-04 20:42:00
4,85.98,18.33,45.37,27.19,75.81,normal,0,2024-12-22 13:04:00
59,73.75,15.74,32.61,30.4,64.75,normal,0,2024-07-17 13:13:00
6,69.45,19.13,28.6,36.98,49.74,normal,0,2024-07-05 13:59:00
74,73.73,17.03,47.84,36.55,51.86,normal,0,2024-11-03 08:55:00
85,89.31,14.42,20.08,38.29,69.62,normal,0,2024-11-22 00:07:00
71,75.78,13.56,11.17,42.58,28.81,normal,0,2024-11-18 10:04:00
70,63.19,24.17,38.64,41.66,44.12,normal,0,2024-08-17 12:10:00
84,91.91,17.52,56.64,35.13,49.31,normal,0,2024-08-13 14:27:00
13,75.42,12.25,36.28,36.28,74.88,normal,0,2024-06-22 18:45:00
4,69.79,12.63,12.15,37.0,60.1,normal,0,2024-07-23 12:07:00
58,79.3,9.16,30.81,24.9,32.95,normal,0,2024-04-09 12:06:00
93,60.82,9.86,46.04,32.42,36.66,normal,0,2024-02-26 22:16:00
14,76.19,15.98,29.24,38.75,30.29,normal,0,2024-06-06 12:30:00
5,71.98,17.78,39.6,29.56,29.79,normal,0,2024-03-18 21:28:00
89,115.89,63.79,21.95,50.51,52.28,real_anomaly,1,2024-05-26 15:33:00
2,82.79,13.92,47.95,34.15,57.56,normal,0,2024-10-05 23:30:00
48,84.58,21.23,35.32,37.52,51.2,normal,0,2024-10-20 18:38:00
11,77.7,20.84,40.77,41.13,52.4,normal,0,2024-08-30 19:53:00
62,78.04,16.78,32.31,30.67,50.26,normal,0,2024-12-21 15:15:00
67,78.89,17.29,48.61,31.17,56.88,normal,0,2024-03-17 14:36:00
35,82.84,12.86,46.48,31.59,42.73,normal,0,2024-01-05 04:50:00
70,80.89,15.83,36.21,23.62,46.91,normal,0,2024-04-06 06:52:00
48,79.73,13.13,33.65,36.27,34.14,normal,0,2024-06-23 05:56:00
22,80.31,16.43,49.34,29.72,38.96,normal,0,2024-01-18 11:17:00
100,70.9,12.67,54.67,31.06,47.37,normal,0,2024-06-10 01:36:00
77,80.39,18.79,38.33,34.89,50.78,normal,0,2024-12-02 12:17:00
38,73.07,14.97,39.03,30.73,71.04,normal,0,2024-10-12 09:51:00
86,64.12,17.67,22.9,32.15,46.17,normal,0,2024-02-06 20:08:00
50,75.26,22.02,28.07,22.56,61.09,normal,0,2024-06-19 22:59:00
7,71.4,13.0,46.32,31.04,63.4,normal,0,2024-02-05 09:30:00
21,82.02,8.55,53.51,35.16,66.37,normal,0,2024-03-06 22:23:00
49,67.82,7.85,37.09,29.59,41.18,normal,0,2024-06-08 13:36:00
24,78.48,13.08,52.95,36.07,52.49,normal,0,2024-04-07 13:51:00
84,71.28,16.41,38.7,37.44,34.51,normal,0,2024-11-13 09:40:00
57,81.28,11.31,34.43,35.85,23.88,normal,0,2024-02-17 02:42:00
72,63.22,22.01,29.15,27.3,62.89,normal,0,2024-10-04 18:39:00
52,78.56,19.58,25.85,32.34,44.99,normal,0,2024-03-27 15:07:00
29,85.97,9.01,27.57,38.16,76.82,normal,0,2024-10-04 20:05:00
81,67.83,11.27,18.53,35.54,54.48,normal,0,2024-09-22 18:06:00
50,70.02,10.92,26.77,27.41,51.86,normal,0,2024-12-01 13:19:00
40,89.15,12.76,33.52,39.25,50.04,normal,0,2024-10-28 00:41:00
9,84.95,16.66,18.91,30.21,53.68,normal,0,2024-01-29 11:51:00
99,91.71,10.52,41.12,42.44,44.06,normal,0,2024-02-29 03:10:00
17,74.11,12.31,53.48,35.07,49.45,normal,0,2024-01-20 04:20:00
46,74.8,14.17,33.96,30.3,45.7,normal,0,2024-08-20 17:08:00
4,364.59,-43.13,263.4,-23.87,254.55,sensor_error,0,2024-10-03 08:15:00
62,88.35,14.44,29.8,39.74,71.51,normal,0,2024-11-22 15:06:00
54,89.51,16.62,49.93,36.41,77.03,normal,0,2024-08-09 13:21:00
29,81.32,15.13,31.07,26.03,59.75,normal,0,2024-11-05 09:37:00
56,-35.21,359.78,-36.64,-44.96,-12.03,sensor_error,0,2024-11-18 06:01:00
65,83.66,13.5,35.14,40.07,29.51,normal,0,2024-04-05 05:08:00
15,75.07,17.19,39.99,27.01,45.09,normal,0,2024-06-28 00:21:00
46,79.14,14.05,40.3,37.53,41.79,normal,0,2024-01-23 01:38:00
33,87.18,17.14,28.05,32.77,45.27,normal,0,2024-05-30 17:36:00
85,69.82,13.82,34.17,21.67,72.45,normal,0,2024-01-21 06:06:00
86,80.4,14.03,28.92,29.83,11.6,normal,0,2024-05-08 02:35:00
2,84.33,12.11,13.43,37.48,57.94,normal,0,2024-04-20 17:43:00
51,73.84,8.54,18.81,29.8,50.36,normal,0,2024-06-08 23:00:00
16,79.09,18.3,40.97,32.35,61.07,normal,0,2024-10-02 23:28:00
27,62.83,14.62,20.69,37.73,29.22,normal,0,2024-03-26 09:15:00
79,61.93,17.71,17.24,27.77,59.06,normal,0,2024-03-22 23:47:00
69,73.89,13.49,43.79,37.61,65.23,normal,0,2024-02-20 01:12:00
80,483.93,-72.83,-10.83,-13.42,-33.94,sensor_error,0,2024-10-07 22:36:00
37,71.15,14.79,37.46,32.5,71.02,normal,0,2024-07-28 00:56:00
17,61.85,17.02,44.42,35.08,55.96,normal,0,2024-05-16 13:49:00
93,81.03,9.55,25.19,40.05,44.65,normal,0,2024-10-22 23:17:00
1,88.14,5.3,61.97,30.47,44.24,normal,0,2024-03-19 19:17:00
51,75.6,13.53,27.89,29.96,60.36,normal,0,2024-07-07 13:19:00
68,76.32,18.99,55.56,37.41,25.68,normal,0,2024-07-27 04:12:00
15,76.1,7.37,46.46,42.73,22.82,normal,0,2024-09-13 15:39:00
50,78.76,9.3,20.91,37.5,33.9,normal,0,2024-02-24 07:16:00
61,82.77,9.41,5.31,34.9,35.79,normal,0,2024-04-28 16:30:00
86,84.29,17.2,23.35,38.62,47.1,normal,0,2024-09-17 09:57:00
92,68.54,20.66,34.01,33.5,38.42,normal,0,2024-05-15 07:41:00
50,84.76,15.75,49.24,34.02,56.26,normal,0,2024-11-28 10:37:00
73,78.96,14.36,40.37,24.96,42.17,normal,0,2024-10-06 08:31:00
95,81.05,14.32,41.53,32.51,37.11,normal,0,2024-01-06 05:56:00
52,80.53,17.32,16.23,32.5,62.1,normal,0,2024-11-07 07:24:00
48,86.69,15.86,35.54,27.15,27.69,normal,0,2024-03-26 23:20:00
83,74.74,16.52,34.32,33.77,58.1,normal,0,2024-03-11 09:11:00
86,75.17,12.55,44.91,36.83,49.63,normal,0,2024-10-03 01:48:00
10,75.26,14.43,29.4,38.07,45.21,normal,0,2024-05-02 23:31:00
38,73.94,18.38,20.61,37.22,20.63,normal,0,2024-10-06 12:27:00
95,79.19,15.42,32.62,37.59,34.58,normal,0,2024-01-19 04:37:00
97,73.49,13.53,45.41,34.82,27.01,normal,0,2024-06-06 07:20:00
71,69.32,13.84,43.13,37.26,26.3,normal,0,2024-01-16 17:19:00
45,78.49,12.41,38.72,39.19,48.67,normal,0,2024-06-30 21:13:00
8,90.54,19.93,35.67,37.38,28.43,normal,0,2024-03-04 15:05:00
53,66.8,15.3,21.93,28.7,37.41,normal,0,2024-11-26 06:52:00
15,80.05,17.89,26.33,35.09,47.02,normal,0,2024-10-07 11:37:00
21,63.26,12.1,33.68,37.03,42.42,normal,0,2024-10-25 06:00:00
41,74.87,13.44,33.37,35.51,85.87,normal,0,2024-12-24 21:02:00
2,79.6,21.46,35.49,29.85,49.87,normal,0,2024-03-23 01:45:00
78,81.83,9.33,40.42,34.01,67.19,normal,0,2024-05-14 14:50:00
33,79.08,9.46,32.4,28.0,42.36,normal,0,2024-07-04 23:06:00
6,79.7,12.94,30.25,32.72,57.17,normal,0,2024-05-10 11:07:00
1,73.53,11.16,35.57,43.9,33.8,normal,0,2024-10-29 04:55:00
21,68.03,13.82,22.37,36.41,45.59,normal,0,2024-08-21 17:49:00
18,74.74,21.19,35.14,39.54,46.66,normal,0,2024-06-09 15:50:00
19,90.92,16.83,26.92,35.98,48.94,normal,0,2024-08-16 03:12:00
92,77.6,17.97,37.33,26.5,40.72,normal,0,2024-09-11 12:22:00
88,81.98,15.92,42.29,27.36,30.45,normal,0,2024-08-26 15:32:00
56,74.75,7.38,33.34,34.0,35.71,normal,0,2024-10-07 09:06:00
9,67.68,13.84,19.4,29.8,30.35,normal,0,2024-04-21 09:02:00
16,74.63,11.63,16.11,40.62,60.2,normal,0,2024-02-11 06:39:00
64,85.21,16.16,34.5,31.46,54.97,normal,0,2024-11-14 06:59:00
11,81.58,11.73,57.73,38.98,55.25,normal,0,2024-10-16 09:22:00
77,95.72,12.59,23.37,30.74,58.65,normal,0,2024-07-11 17:12:00
48,63.79,9.32,47.3,29.09,40.15,normal,0,2024-08-07 11:26:00
78,71.46,15.01,37.57,44.57,35.74,normal,0,2024-01-24 12:38:00
59,77.69,17.41,28.9,36.3,36.36,normal,0,2024-10-01 14:30:00
4,84.73,14.93,52.96,34.2,44.08,normal,0,2024-02-09 12:39:00
6,72.64,18.71,23.07,44.5,17.14,normal,0,2024-07-31 13:13:00
69,79.15,15.6,46.49,40.79,58.9,normal,0,2024-08-01 23:44:00
4,62.87,16.09,38.87,20.0,42.81,normal,0,2024-08-05 02:08:00
94,78.15,22.61,30.55,34.3,49.79,normal,0,2024-09-07 22:41:00
72,71.66,23.28,24.5,35.82,52.69,normal,0,2024-11-23 19:27:00
27,92.25,15.93,36.28,32.93,12.41,normal,0,2024-01-20 03:45:00
77,70.68,17.83,34.45,35.33,52.48,normal,0,2024-09-28 02:26:00
7,73.32,5.16,58.69,26.6,26.33,normal,0,2024-10-20 10:06:00
32,58.92,17.22,5.65,41.44,47.75,normal,0,2024-07-15 00:50:00
56,77.24,10.56,34.97,36.96,28.26,normal,0,2024-07-27 00:11:00
4,75.82,16.26,28.09,34.98,59.6,normal,0,2024-11-05 19:13:00
84,80.56,21.8,37.63,37.13,32.44,normal,0,2024-03-15 20:16:00
40,87.62,18.84,51.8,30.0,55.83,normal,0,2024-11-10 02:07:00
45,86.9,5.53,36.13,30.87,36.7,normal,0,2024-07-25 15:21:00
18,74.91,10.03,41.2,36.55,47.14,normal,0,2024-12-16 06:31:00
56,94.84,18.25,13.99,45.2,40.72,normal,0,2024-05-11 00:18:00
59,67.86,13.52,41.63,39.94,60.46,normal,0,2024-04-12 09:08:00
73,63.35,13.71,22.23,38.77,14.08,normal,0,2024-06-19 13:20:00
39,85.02,6.7,37.32,36.75,36.18,normal,0,2024-10-06 23:39:00
29,80.21,14.25,37.7,39.15,72.87,normal,0,2024-12-02 19:30:00
7,-26.61,307.19,442.25,-5.78,280.33,sensor_error,0,2024-09-18 23:48:00
37,60.52,26.5,49.67,30.67,28.02,normal,0,2024-12-28 01:57:00
66,82.93,21.88,25.75,34.39,16.48,normal,0,2024-05-14 18:42:00
66,74.68,11.39,51.98,36.92,21.64,normal,0,2024-08-19 00:46:00
88,70.05,12.2,32.56,34.63,49.71,normal,0,2024-05-25 21:17:00
100,89.8,15.68,52.42,34.06,66.33,normal,0,2024-01-29 07:00:00
15,83.73,18.85,24.19,41.36,42.44,normal,0,2024-01-11 16:14:00
4,72.91,14.46,40.17,33.45,37.06,normal,0,2024-04-11 17:08:00
56,78.87,14.4,56.23,32.83,56.09,normal,0,2024-03-08 08:46:00
58,67.55,14.51,50.81,30.29,34.88,normal,0,2024-12-01 17:07:00
86,91.67,14.9,39.59,32.35,41.46,normal,0,2024-09-04 03:10:00
98,60.85,11.96,34.56,36.64,63.88,normal,0,2024-06-14 06:03:00
10,80.87,16.26,23.96,31.56,42.71,normal,0,2024-05-07 19:30:00
3,76.63,15.19,39.25,29.03,35.05,normal,0,2024-11-09 16:40:00
58,75.54,8.21,49.42,29.0,44.03,normal,0,2024-09-20 20:43:00
67,67.77,15.43,41.55,35.48,72.84,normal,0,2024-01-05 01:13:00
44,69.17,9.65,20.55,37.79,62.75,normal,0,2024-05-04 06:27:00
34,87.0,19.54,49.14,28.75,34.63,normal,0,2024-06-30 00:53:00
16,58.75,14.9,26.0,34.39,17.4,normal,0,2024-03-25 17:23:00
40,78.42,14.23,45.72,40.33,66.55,normal,0,2024-07-09 12:39:00
13,81.66,17.97,25.63,23.46,72.62,normal,0,2024-08-04 00:21:00
94,71.0,15.79,47.29,32.53,48.18,normal,0,2024-11-26 07:52:00
3,-46.16,335.98,227.15,-49.65,229.68,sensor_error,0,2024-04-28 19:36:00
40,88.0,20.91,31.51,42.21,54.82,normal,0,2024-05-24 13:05:00
9,73.18,14.44,43.98,36.72,56.12,normal,0,2024-09-13 06:08:00
76,67.17,20.74,32.64,31.37,41.5,normal,0,2024-03-09 07:54:00
63,82.65,17.4,25.61,42.18,59.32,normal,0,2024-04-27 11:27:00
67,84.93,14.08,30.47,40.6,45.36,normal,0,2024-09-02 06:44:00
52,91.66,10.77,48.21,41.92,31.97,normal,0,2024-07-26 19:28:00
69,86.52,16.07,38.21,31.92,40.0,normal,0,2024-10-16 14:52:00
17,77.62,14.97,16.84,30.8,55.71,normal,0,2024-03-23 16:03:00
73,77.72,16.72,45.13,35.98,68.23,normal,0,2024-09-25 00:24:00
54,73.39,18.96,38.07,30.75,36.32,normal,0,2024-11-25 10:54:00
37,77.88,6.8,15.15,40.41,48.07,normal,0,2024-09-07 15:47:00
61,77.55,12.44,46.02,38.2,65.27,normal,0,2024-03-16 08:15:00
97,73.84,10.81,29.62,28.51,46.78,normal,0,2024-01-11 05:50:00
96,74.92,16.71,40.27,30.58,76.76,normal,0,2024-07-27 22:44:00
26,-999.0,306.6,332.32,-44.43,-10.06,sensor_error,0,2024-11-15 01:10:00
18,81.01,12.96,52.88,32.44,54.3,normal,0,2024-06-20 06:57:00
11,78.64,17.58,25.17,37.0,33.13,normal,0,2024-05-04 13:57:00
86,72.0,16.76,39.76,40.97,71.77,normal,0,2024-01-28 12:34:00
79,75.05,17.85,26.39,34.68,51.69,normal,0,2024-11-13 15:12:00
17,81.19,13.81,32.59,34.06,61.95,normal,0,2024-10-02 14:14:00
18,86.67,11.53,20.07,31.15,61.43,normal,0,2024-01-30 11:01:00
87,82.44,15.04,40.28,34.5,76.3,normal,0,2024-03-15 10:05:00
29,78.42,11.32,47.17,28.67,63.97,normal,0,2024-07-08 11:54:00
22,88.41,6.88,50.53,34.09,42.78,normal,0,2024-06-20 06:58:00
63,74.06,14.18,45.61,35.83,46.01,normal,0,2024-07-03 03:41:00
40,75.42,19.77,23.08,34.86,48.69,normal,0,2024-09-27 15:42:00
4,67.96,17.97,22.19,35.44,41.44,normal,0,2024-11-08 04:44:00
44,476.35,-83.75,-23.5,-8.32,274.46,sensor_error,0,2024-04-18 21:45:00
10,95.59,12.7,54.63,30.55,43.74,normal,0,2024-10-25 13:04:00
79,-999.0,-88.92,276.8,-37.25,-14.9,sensor_error,0,2024-07-26 00:15:00
95,76.38,8.24,36.73,25.12,25.19,normal,0,2024-03-18 20:42:00
6,77.28,23.19,57.9,29.09,37.69,normal,0,2024-04-28 11:53:00
72,86.86,16.94,39.55,29.49,43.98,normal,0,2024-07-05 00:38:00
38,80.52,15.82,37.41,39.02,39.92,normal,0,2024-04-17 07:10:00
54,74.95,21.21,36.19,36.82,34.33,normal,0,2024-04-13 18:50:00
31,84.22,16.15,38.06,35.59,65.78,normal,0,2024-12-01 16:00:00
2,76.91,20.52,40.35,41.87,50.95,normal,0,2024-11-04 03:31:00
58,82.79,14.56,30.39,27.17,60.39,normal,0,2024-12-15 21:20:00
78,78.54,11.59,38.41,36.08,85.85,normal,0,2024-06-07 00:48:00
23,80.11,14.58,26.06,33.03,22.73,normal,0,2024-09-05 23:01:00
90,67.34,15.12,30.36,26.44,51.7,normal,0,2024-06-17 20:35:00
57,67.35,16.14,30.16,36.06,75.57,normal,0,2024-01-09 14:03:00
5,75.24,16.85,26.18,31.46,43.14,normal,0,2024-04-17 23:59:00
12,85.85,13.82,32.92,37.11,43.03,normal,0,2024-09-13 08:09:00
55,72.46,17.89,36.82,39.72,53.13,normal,0,2024-02-18 20:39:00
34,84.77,19.08,31.84,24.14,56.7,normal,0,2024-12-28 17:59:00
8,79.5,13.7,39.09,38.74,52.4,normal,0,2024-02-25 12:43:00
14,75.61,13.28,37.38,41.99,43.73,normal,0,2024-11-17 08:55:00
17,78.74,13.76,25.26,31.17,72.44,normal,0,2024-01-07 23:07:00
93,79.5,16.53,42.72,28.18,64.52,normal,0,2024-02-20 21:56:00
59,70.18,16.0,27.47,39.75,47.98,normal,0,2024-04-17 14:27:00
16,65.72,12.57,59.0,44.89,46.63,normal,0,2024-01-02 03:57:00
36,68.82,18.91,58.24,36.99,43.63,normal,0,2024-08-29 02:11:00
56,77.99,11.6,54.77,36.55,69.41,normal,0,2024-03-18 02:50:00
43,88.36,14.45,47.31,41.09,61.47,normal,0,2024-01-05 14:05:00
17,82.69,12.0,35.67,38.45,60.88,normal,0,2024-04-15 01:03:00
45,82.21,13.8,35.71,34.74,63.8,normal,0,2024-10-18 21:25:00
28,74.95,13.43,10.04,38.38,67.85,normal,0,2024-07-26 21:14:00
1,54.34,13.87,36.81,36.02,56.43,normal,0,2024-05-16 03:25:00
84,77.54,10.66,25.71,30.99,80.58,normal,0,2024-10-10 04:08:00
13,91.14,17.43,35.41,33.53,28.16,normal,0,2024-04-03 19:03:00
21,98.23,14.26,48.48,30.59,61.37,normal,0,2024-03-24 07:06:00
8,84.77,20.26,42.55,34.1,50.49,normal,0,2024-02-27 01:53:00
51,72.25,13.76,31.53,39.3,68.26,normal,0,2024-01-31 06:15:00
70,88.99,12.06,44.29,39.59,71.14,normal,0,2024-04-21 19:04:00
5,83.12,17.09,26.49,32.12,69.97,normal,0,2024-07-25 19:29:00
15,77.24,17.66,50.62,33.14,55.47,normal,0,2024-04-10 07:21:00
13,92.89,12.18,44.06,36.06,56.59,normal,0,2024-01-02 00:49:00
89,77.68,20.44,45.46,39.52,45.3,normal,0,2024-08-20 20:04:00
61,69.43,20.19,50.11,35.61,30.63,normal,0,2024-08-18 00:55:00
86,86.41,14.7,37.84,38.49,28.23,normal,0,2024-09-25 20:14:00
74,82.92,20.29,31.8,33.35,47.95,normal,0,2024-05-27 04:41:00
76,86.57,18.14,41.27,34.58,39.87,normal,0,2024-05-31 10:39:00
73,74.31,14.45,30.92,28.83,56.17,normal,0,2024-06-29 13:04:00
28,67.96,18.38,37.28,34.15,47.86,normal,0,2024-08-04 06:44:00
25,94.61,13.9,30.76,40.17,48.75,normal,0,2024-03-02 07:35:00
92,78.44,17.36,42.08,27.42,36.32,normal,0,2024-01-25 03:38:00
43,72.63,12.95,17.57,43.37,65.96,normal,0,2024-10-25 21:31:00
42,61.69,18.9,23.55,43.98,46.41,normal,0,2024-05-08 03:12:00
20,72.43,18.15,52.76,26.79,54.09,normal,0,2024-08-01 09:44:00
82,85.98,12.99,49.78,33.05,57.14,normal,0,2024-09-17 05:01:00
99,77.12,12.41,48.89,35.93,34.46,normal,0,2024-06-10 20:26:00
3,84.54,13.55,11.56,30.22,42.47,normal,0,2024-02-28 12:42:00
1,74.72,15.31,29.51,39.45,56.08,normal,0,2024-02-18 12:20:00
83,76.15,16.59,48.71,36.83,46.59,normal,0,2024-08-30 20:03:00
19,67.81,16.55,26.98,31.04,55.75,normal,0,2024-12-21 09:37:00
70,68.28,17.15,54.04,29.59,69.95,normal,0,2024-03-19 09:45:00
73,71.61,15.87,32.89,34.66,46.03,normal,0,2024-04-06 09:56:00
2,63.45,14.78,30.2,37.47,37.94,normal,0,2024-11-29 10:34:00
18,79.5,15.15,48.66,36.39,56.24,normal,0,2024-04-05 08:39:00
55,83.9,16.36,30.08,27.91,82.12,normal,0,2024-08-12 05:52:00
59,313.06,360.83,-10.48,-27.32,194.99,sensor_error,0,2024-10-08 11:16:00
82,60.52,8.5,18.16,39.27,48.69,normal,0,2024-07-10 03:10:00
54,76.54,15.52,39.53,39.67,37.54,normal,0,2024-05-15 19:21:00
48,84.76,11.45,39.49,36.29,45.66,normal,0,2024-07-23 19:57:00
58,80.02,16.81,28.23,37.37,40.1,normal,0,2024-11-13 16:49:00
3,75.99,14.57,32.01,36.77,63.46,normal,0,2024-09-10 05:10:00
52,86.43,6.92,31.93,32.58,45.46,normal,0,2024-08-13 16:11:00
93,90.68,22.76,27.34,39.82,59.49,normal,0,2024-04-19 22:04:00
94,81.71,7.17,27.56,42.56,44.83,normal,0,2024-08-10 12:38:00
56,68.8,17.39,31.86,45.6,55.6,normal,0,2024-11-12 23:34:00
31,73.21,15.82,18.43,34.82,56.6,normal,0,2024-06-16 11:14:00
54,84.42,8.42,34.65,43.06,79.51,normal,0,2024-12-16 08:16:00
98,73.78,13.32,42.83,37.82,52.66,normal,0,2024-07-30 20:30:00
10,87.59,18.71,37.12,43.62,37.54,normal,0,2024-04-09 07:21:00
54,73.5,12.74,17.83,37.27,47.27,normal,0,2024-07-04 05:37:00
91,88.39,11.45,42.04,33.33,74.18,normal,0,2024-08-25 08:00:00
89,84.74,21.22,22.43,42.4,58.62,normal,0,2024-04-26 02:31:00
71,72.69,19.66,20.36,30.19,53.29,normal,0,2024-05-02 10:30:00
17,73.97,17.42,51.38,28.49,54.37,normal,0,2024-01-14 09:25:00
89,85.55,17.92,21.06,35.48,38.97,normal,0,2024-01-11 03:10:00
91,76.46,17.89,37.57,39.3,46.5,normal,0,2024-12-04 11:53:00
36,73.67,10.08,45.67,32.32,72.77,normal,0,2024-01-19 13:11:00
26,80.58,14.59,44.28,29.54,63.77,normal,0,2024-07-19 16:57:00
52,81.07,17.79,42.44,38.46,40.85,normal,0,2024-08-10 19:57:00
97,84.12,16.12,51.85,37.75,41.25,normal,0,2024-01-16 17:22:00
66,86.14,10.87,43.92,40.46,29.37,normal,0,2024-03-21 14:44:00
70,87.65,17.5,37.48,41.5,39.59,normal,0,2024-06-04 02:16:00
37,75.82,17.47,17.86,40.76,43.52,normal,0,2024-02-24 19:59:00
77,72.82,2.0,38.95,42.45,29.85,normal,0,2024-06-24 08:42:00
93,69.58,14.84,41.53,33.1,18.58,normal,0,2024-05-26 11:57:00
88,76.48,13.08,39.25,37.28,51.53,normal,0,2024-03-29 14:54:00
97,70.05,18.5,42.75,31.88,59.05,normal,0,2024-01-04 20:11:00
53,77.29,17.17,30.03,39.99,31.22,normal,0,2024-04-07 17:06:00
55,55.41,13.75,33.95,34.13,39.35,normal,0,2024-06-28 20:46:00
9,72.49,17.99,41.04,31.07,60.31,normal,0,2024-07-05 17:59:00
76,75.94,12.39,33.42,25.69,54.13,normal,0,2024-07-06 09:30:00
50,70.18,14.71,37.21,38.05,54.09,normal,0,2024-09-12 13:34:00
27,60.87,19.87,32.14,36.51,30.04,normal,0,2024-04-19 18:29:00
77,91.14,12.84,18.93,35.42,35.51,normal,0,2024-11-17 03:56:00
89,95.24,13.07,36.28,35.47,57.41,normal,0,2024-01-13 08:38:00
3,63.69,16.07,30.58,35.23,54.12,normal,0,2024-08-31 19:56:00
74,78.05,11.96,51.62,22.08,32.13,normal,0,2024-11-05 07:22:00
42,73.07,9.43,14.18,39.64,62.13,normal,0,2024-02-18 01:15:00
22,78.36,18.03,36.72,32.71,59.57,normal,0,2024-02-20 07:03:00
21,73.48,12.28,31.16,41.29,44.54,normal,0,2024-02-28 00:50:00
76,80.7,12.71,44.99,25.71,24.47,normal,0,2024-05-28 00:17:00
48,88.01,9.37,21.37,31.5,87.99,normal,0,2024-09-13 18:16:00
20,72.92,11.98,21.33,42.26,45.56,normal,0,2024-07-25 02:48:00
69,78.34,11.97,44.77,24.73,62.35,normal,0,2024-05-20 05:48:00
61,75.75,22.36,42.83,41.06,17.77,normal,0,2024-08-23 14:16:00
14,68.15,12.34,33.29,31.34,45.67,normal,0,2024-04-25 14:51:00
16,80.58,15.67,41.04,28.21,51.23,normal,0,2024-04-04 19:49:00
81,90.05,20.56,46.14,31.28,53.56,normal,0,2024-08-19 07:40:00
84,77.24,19.48,29.93,25.39,64.06,normal,0,2024-07-23 21:51:00
18,83.22,10.78,36.01,37.28,56.61,normal,0,2024-09-04 07:27:00
66,78.28,17.15,37.48,42.56,67.51,normal,0,2024-03-23 05:50:00
95,65.94,19.58,56.87,37.03,69.67,normal,0,2024-08-31 17:06:00
71,74.56,21.97,25.96,35.28,36.15,normal,0,2024-10-01 07:02:00
70,77.68,9.52,55.61,30.93,57.77,normal,0,2024-03-31 19:18:00
95,81.33,11.44,20.5,35.54,57.73,normal,0,2024-08-11 17:46:00
41,60.46,19.9,12.71,36.62,56.31,normal,0,2024-07-06 08:01:00
57,87.18,20.85,18.74,34.92,55.26,normal,0,2024-10-25 11:11:00
4,82.36,15.09,40.61,27.44,20.26,normal,0,2024-06-24 19:19:00
20,69.47,12.33,30.26,44.72,42.22,normal,0,2024-01-08 03:03:00
22,85.2,14.42,53.77,39.55,57.33,normal,0,2024-04-06 09:44:00
13,59.03,14.52,31.53,25.85,36.92,normal,0,2024-07-31 09:46:00
18,79.19,17.59,37.58,38.42,21.12,normal,0,2024-06-27 11:39:00
82,76.01,14.23,25.71,36.03,79.69,normal,0,2024-04-25 14:32:00
60,75.02,11.53,30.72,38.98,50.81,normal,0,2024-12-16 03:45:00
6,85.8,19.04,29.73,34.44,54.63,normal,0,2024-10-16 12:51:00
45,73.51,22.21,19.38,41.85,80.36,normal,0,2024-08-24 10:28:00
47,67.06,20.19,24.78,38.0,61.13,normal,0,2024-07-03 13:51:00
68,81.64,9.06,30.44,37.29,64.02,normal,0,2024-12-23 11:58:00
11,81.35,13.01,37.02,36.08,46.38,normal,0,2024-08-19 03:54:00
26,66.3,16.93,32.74,37.44,48.6,normal,0,2024-09-24 16:25:00
65,106.4,34.55,35.62,80.0,43.18,real_anomaly,1,2024-10-25 23:02:00
25,75.38,10.64,53.31,38.96,48.13,normal,0,2024-08-06 23:55:00
33,81.07,16.99,41.4,31.06,58.78,normal,0,2024-01-20 14:59:00
1,79.0,13.94,46.48,37.7,56.95,normal,0,2024-08-12 09:35:00
14,79.63,15.49,24.09,35.95,31.17,normal,0,2024-10-01 22:48:00
15,64.57,11.84,27.33,35.21,42.75,normal,0,2024-12-03 22:01:00
17,80.9,23.17,42.51,41.47,51.08,normal,0,2024-02-06 09:32:00
42,74.31,10.51,39.67,40.74,39.53,normal,0,2024-06-08 20:00:00
29,82.29,9.44,22.84,40.53,53.3,normal,0,2024-04-03 09:16:00
21,70.51,20.93,48.24,35.6,45.29,normal,0,2024-08-01 00:29:00
9,83.6,11.69,35.6,40.1,38.38,normal,0,2024-06-19 09:04:00
87,63.47,14.0,54.4,36.95,57.56,normal,0,2024-01-24 04:10:00
17,78.63,9.16,31.28,31.73,52.33,normal,0,2024-01-08 18:32:00
3,78.46,12.92,25.88,36.33,44.66,normal,0,2024-08-30 09:21:00
28,84.82,20.93,31.52,40.46,47.08,normal,0,2024-06-09 03:13:00
59,66.25,15.65,36.0,42.22,42.99,normal,0,2024-03-22 02:04:00
26,79.96,18.7,53.6,43.14,67.39,normal,0,2024-05-06 21:37:00
89,67.92,17.66,31.84,33.64,47.01,normal,0,2024-03-27 07:59:00
30,83.62,13.9,29.61,31.79,54.38,normal,0,2024-06-16 13:52:00
39,74.9,11.15,44.12,33.1,69.06,normal,0,2024-11-30 23:59:00
64,83.48,9.67,31.36,24.76,62.26,normal,0,2024-09-06 15:04:00
90,73.28,10.34,32.13,34.54,64.35,normal,0,2024-11-17 15:25:00
39,81.05,14.69,25.26,38.33,40.45,normal,0,2024-02-02 07:21:00
15,87.2,15.79,32.18,31.32,24.79,normal,0,2024-01-09 09:59:00
90,66.28,16.96,34.92,36.75,62.13,normal,0,2024-12-17 05:52:00
20,104.76,47.04,20.04,60.04,58.2,real_anomaly,1,2024-04-09 10:18:00
54,90.82,20.37,41.16,36.3,54.94,normal,0,2024-10-08 17:45:00
64,64.16,16.37,28.04,28.56,30.91,normal,0,2024-02-27 18:31:00
3,466.33,204.02,475.2,-40.77,270.63,sensor_error,0,2024-06-15 12:12:00
78,67.49,18.34,55.93,38.43,63.19,normal,0,2024-01-17 02:15:00
39,78.92,8.89,42.08,43.96,42.56,normal,0,2024-08-23 10:43:00
53,78.89,9.58,33.87,32.2,21.78,normal,0,2024-01-21 08:44:00
94,67.11,6.87,18.22,31.71,52.82,normal,0,2024-10-17 11:11:00
3,71.23,15.53,28.6,29.31,63.94,normal,0,2024-07-07 11:05:00
60,79.98,16.19,48.55,35.69,55.67,normal,0,2024-10-17 07:31:00
83,76.03,15.64,39.98,28.44,44.12,normal,0,2024-04-09 00:28:00
52,80.98,16.62,59.0,44.89,56.2,normal,0,2024-09-09 17:52:00
55,69.61,12.74,32.74,41.61,24.85,normal,0,2024-07-18 23:50:00
5,86.01,11.02,27.77,39.45,54.76,normal,0,2024-06-28 09:37:00
15,66.77,9.35,22.54,33.83,33.97,normal,0,2024-08-21 18:49:00
45,76.3,19.21,31.38,32.34,55.54,normal,0,2024-04-24 03:24:00
77,72.07,6.12,24.12,34.15,69.8,normal,0,2024-09-17 11:23:00
16,80.9,4.72,22.1,33.41,38.67,normal,0,2024-12-06 03:09:00
60,66.72,15.75,17.98,41.95,41.26,normal,0,2024-07-04 18:53:00
98,63.26,12.12,25.32,40.42,34.58,normal,0,2024-05-26 17:46:00
30,76.03,22.73,36.51,34.46,33.67,normal,0,2024-11-06 11:00:00
14,89.04,18.3,31.97,37.72,55.7,normal,0,2024-03-24 12:33:00
67,58.78,8.65,29.8,32.57,46.2,normal,0,2024-03-03 02:19:00
64,63.62,13.25,36.6,37.36,50.99,normal,0,2024-07-15 16:22:00
1,68.42,13.53,52.62,41.17,39.28,normal,0,2024-03-12 01:35:00
15,73.6,11.98,37.58,34.1,52.87,normal,0,2024-12-20 20:35:00
47,69.02,17.81,49.15,33.0,59.28,normal,0,2024-09-06 10:27:00
50,59.26,15.6,25.58,30.23,38.54,normal,0,2024-02-23 05:54:00
67,71.52,15.59,45.32,34.67,66.0,normal,0,2024-04-25 21:51:00
34,78.12,19.86,22.89,36.02,55.59,normal,0,2024-06-29 20:58:00
100,70.97,20.39,32.08,42.92,52.29,normal,0,2024-05-04 13:13:00
10,64.41,8.01,42.06,37.96,53.47,normal,0,2024-01-01 12:50:00
36,79.05,6.67,34.27,29.14,19.47,normal,0,2024-10-23 15:28:00
38,83.32,10.9,38.96,36.94,35.31,normal,0,2024-10-24 22:26:00
12,82.44,11.36,42.56,28.49,48.56,normal,0,2024-05-16 02:49:00
45,78.9,11.1,38.45,27.44,75.79,normal,0,2024-09-05 02:25:00
24,82.42,15.0,44.85,31.36,46.13,normal,0,2024-11-03 01:29:00
45,80.99,19.11,50.05,34.72,22.84,normal,0,2024-10-21 01:17:00
57,78.21,18.86,23.09,39.87,66.16,normal,0,2024-09-12 20:43:00
15,61.69,18.82,63.22,43.8,49.44,normal,0,2024-11-08 09:34:00
46,71.13,20.01,15.96,22.83,11.49,normal,0,2024-09-24 23:26:00
80,69.2,14.35,31.13,24.84,29.16,normal,0,2024-04-25 07:00:00
12,60.37,17.27,26.26,34.1,53.26,normal,0,2024-07-28 22:54:00
23,69.09,20.33,32.02,37.79,41.52,normal,0,2024-07-14 02:26:00
55,77.44,12.96,46.32,31.65,70.24,normal,0,2024-01-01 22:34:00
12,65.83,14.07,26.84,35.13,76.36,normal,0,2024-04-05 03:33:00
37,83.52,19.71,33.92,38.34,43.82,normal,0,2024-12-15 21:59:00
21,81.92,20.14,28.77,34.48,46.61,normal,0,2024-02-05 15:47:00
56,58.5,20.1,27.92,28.34,48.08,normal,0,2024-12-15 11:58:00
77,67.83,14.44,62.07,38.45,54.53,normal,0,2024-08-30 16:32:00
66,100.0,12.24,35.65,38.38,30.1,normal,0,2024-10-18 09:48:00
54,67.08,20.54,27.17,41.31,37.65,normal,0,2024-09-05 01:48:00
85,78.84,15.44,55.9,40.31,52.02,normal,0,2024-06-10 21:23:00
1,75.26,14.51,31.58,34.21,54.8,normal,0,2024-12-19 02:21:00
53,-999.0,-49.83,-29.32,-13.19,156.01,sensor_error,0,2024-02-10 15:05:00
29,80.29,12.23,28.72,41.48,81.2,normal,0,2024-11-09 01:32:00
94,89.05,21.54,42.89,34.77,61.9,normal,0,2024-04-18 22:25:00
36,75.15,17.27,31.54,34.47,35.87,normal,0,2024-07-07 20:14:00
82,83.93,11.24,31.57,39.33,57.29,normal,0,2024-04-22 11:55:00
51,63.04,16.0,44.43,34.91,39.74,normal,0,2024-01-29 07:18:00
33,74.5,7.92,46.61,41.64,84.42,normal,0,2024-09-30 06:18:00
67,88.96,16.56,15.22,35.36,37.91,normal,0,2024-10-03 17:07:00
100,76.54,12.26,28.51,40.78,55.92,normal,0,2024-11-25 19:20:00
41,81.71,9.02,46.97,31.34,53.99,normal,0,2024-09-23 05:49:00
91,85.23,12.21,48.62,33.8,31.44,normal,0,2024-06-19 23:26:00
91,76.1,19.32,39.64,35.7,52.32,normal,0,2024-07-18 22:33:00
86,67.87,5.86,10.72,28.86,45.08,normal,0,2024-04-06 09:23:00
53,80.7,14.95,27.25,39.53,58.11,normal,0,2024-03-01 06:34:00
81,74.83,11.72,41.26,47.07,35.34,normal,0,2024-04-04 06:36:00
69,86.67,15.22,56.75,43.35,57.55,normal,0,2024-05-05 13:12:00
1,-999.0,256.17,-28.33,-31.57,238.17,sensor_error,0,2024-06-13 05:50:00
16,87.34,16.14,17.56,34.16,74.39,normal,0,2024-02-04 02:29:00
76,79.28,18.15,36.74,34.62,55.44,normal,0,2024-03-10 12:37:00
66,72.81,14.28,41.01,31.5,55.83,normal,0,2024-04-24 03:39:00
80,79.69,16.03,33.4,37.53,47.93,normal,0,2024-07-31 02:39:00
59,70.47,8.17,57.72,36.23,56.13,normal,0,2024-03-13 21:26:00
15,79.34,18.75,26.2,25.55,64.9,normal,0,2024-08-30 05:26:00
77,80.66,17.63,45.46,41.93,58.77,normal,0,2024-02-16 01:24:00
82,77.55,11.27,34.48,32.39,23.65,normal,0,2024-06-21 10:30:00
98,77.29,15.39,43.11,28.51,44.65,normal,0,2024-02-09 14:11:00
38,81.48,15.57,67.92,42.21,31.19,normal,0,2024-04-13 09:43:00
13,73.0,11.06,44.77,25.19,56.73,normal,0,2024-02-19 11:32:00
11,82.99,18.29,51.91,36.23,26.88,normal,0,2024-02-19 04:45:00
4,103.46,45.33,19.05,51.9,51.54,real_anomaly,1,2024-07-23 18:15:00
27,80.22,14.24,30.34,26.31,28.96,normal,0,2024-01-29 05:03:00
4,88.54,13.34,9.1,40.68,45.65,normal,0,2024-04-10 17:11:00
1,61.78,13.72,61.54,31.56,50.75,normal,0,2024-10-22 12:57:00
74,72.65,22.84,53.17,41.39,48.74,normal,0,2024-12-04 20:03:00
67,75.71,12.08,40.34,38.0,67.16,normal,0,2024-09-05 02:44:00
82,68.23,12.78,43.99,31.29,46.94,normal,0,2024-07-19 15:11:00
72,86.4,22.14,1.35,28.67,31.63,normal,0,2024-10-06 17:27:00
13,83.1,20.53,50.52,32.37,33.93,normal,0,2024-10-27 03:37:00
65,90.8,11.94,39.29,30.43,42.44,normal,0,2024-06-26 16:24:00
24,80.84,9.15,46.69,34.82,50.66,normal,0,2024-05-03 10:37:00
38,83.95,11.36,59.37,40.37,70.16,normal,0,2024-02-07 01:01:00
45,63.42,10.12,43.66,31.53,44.11,normal,0,2024-02-16 09:15:00
92,57.05,11.26,62.85,31.85,55.81,normal,0,2024-02-11 17:28:00
31,86.54,24.34,47.78,34.82,37.29,normal,0,2024-11-14 05:30:00
80,66.25,12.66,53.56,28.28,39.14,normal,0,2024-07-15 14:55:00
34,74.62,13.1,51.6,36.19,56.75,normal,0,2024-03-12 07:54:00
35,64.09,20.39,39.42,42.2,48.32,normal,0,2024-02-24 04:42:00
2,72.12,13.46,31.99,39.78,44.49,normal,0,2024-05-07 14:49:00
58,88.02,10.88,35.77,38.79,33.32,normal,0,2024-06-12 23:55:00
86,68.12,13.34,32.52,43.72,36.4,normal,0,2024-12-18 00:56:00
93,71.42,11.93,16.82,30.89,55.78,normal,0,2024-06-12 07:03:00
32,77.26,13.89,23.95,26.3,68.12,normal,0,2024-01-25 01:25:00
39,90.17,20.18,43.89,34.32,52.55,normal,0,2024-04-24 17:25:00
70,74.41,11.6,30.14,37.46,55.78,normal,0,2024-04-26 06:50:00
12,72.91,16.02,41.61,36.31,48.77,normal,0,2024-05-15 05:34:00
93,77.12,26.78,37.07,37.7,65.14,normal,0,2024-12-28 01:33:00
57,-14.65,-19.37,237.38,-33.42,-47.36,sensor_error,0,2024-10-22 19:53:00
59,67.65,11.71,29.91,29.72,38.47,normal,0,2024-01-29 19:54:00
56,81.79,11.86,61.09,31.94,72.99,normal,0,2024-09-11 21:40:00
44,83.18,23.85,52.57,35.82,19.61,normal,0,2024-04-12 09:04:00
84,84.47,19.37,41.04,39.89,35.29,normal,0,2024-01-05 15:46:00
43,69.5,18.22,32.24,30.59,43.15,normal,0,2024-06-28 18:30:00
45,75.5,14.77,54.59,47.58,31.39,normal,0,2024-04-04 00:20:00
13,75.85,15.2,51.88,33.44,48.78,normal,0,2024-07-18 13:55:00
67,67.84,21.28,40.92,42.94,80.46,normal,0,2024-12-22 09:06:00
2,51.29,49.53,56.42,66.41,47.84,real_anomaly,1,2024-05-05 15:22:00
62,74.82,14.55,43.1,23.52,44.48,normal,0,2024-08-01 16:08:00
52,78.62,23.3,25.38,46.96,19.61,normal,0,2024-01-27 13:07:00
63,80.84,13.64,20.07,37.66,58.83,normal,0,2024-09-19 10:08:00
28,72.9,13.21,35.5,35.92,69.51,normal,0,2024-07-11 20:25:00
39,76.55,11.9,31.71,31.56,71.07,normal,0,2024-03-23 19:59:00
3,75.84,10.5,18.63,28.33,27.59,normal,0,2024-09-02 10:15:00
1,82.33,12.29,35.55,26.92,76.74,normal,0,2024-01-11 12:00:00
92,63.12,20.44,28.61,34.52,53.14,normal,0,2024-08-25 16:29:00
48,72.17,16.9,60.23,34.89,48.88,normal,0,2024-08-16 07:16:00
5,69.66,16.25,16.44,37.41,35.31,normal,0,2024-06-27 22:50:00
59,91.29,14.98,20.34,33.92,43.87,normal,0,2024-08-02 16:07:00
69,83.14,7.46,29.8,34.53,72.8,normal,0,2024-10-20 17:10:00
76,77.49,13.78,62.18,38.24,20.27,normal,0,2024-09-23 21:40:00
94,79.82,20.71,25.01,38.86,67.35,normal,0,2024-07-30 00:23:00
96,81.09,12.32,10.98,41.87,54.96,normal,0,2024-04-14 00:26:00
88,77.67,13.2,50.44,29.76,40.45,normal,0,2024-07-07 15:02:00
25,90.73,12.36,35.67,28.78,52.67,normal,0,2024-04-12 15:59:00
72,88.43,16.24,30.74,25.73,45.14,normal,0,2024-06-10 14:26:00
20,-999.0,284.29,-16.38,-35.64,-31.49,sensor_error,0,2024-06-12 12:12:00
93,76.11,11.81,27.1,33.44,38.57,normal,0,2024-06-23 23:19:00
94,72.07,14.91,24.11,26.7,54.22,normal,0,2024-10-30 23:01:00
45,80.89,17.59,14.46,43.53,41.69,normal,0,2024-02-02 00:26:00
91,73.71,15.62,65.21,31.36,58.27,normal,0,2024-04-19 07:37:00
5,71.33,13.03,50.6,28.49,51.61,normal,0,2024-05-04 15:16:00
87,77.72,17.19,17.11,32.76,78.81,normal,0,2024-09-01 11:45:00
37,68.92,18.67,35.81,41.06,34.22,normal,0,2024-03-27 14:17:00
3,81.38,20.19,52.42,29.49,42.71,normal,0,2024-01-04 20:11:00
98,69.88,13.4,31.72,37.93,49.23,normal,0,2024-09-29 00:39:00
1,81.22,17.21,32.51,41.52,56.16,normal,0,2024-08-03 10:11:00
82,56.05,14.62,36.78,26.8,69.76,normal,0,2024-07-21 03:30:00
51,76.36,13.56,60.35,31.79,10.0,normal,0,2024-09-29 12:57:00
40,66.86,13.29,26.69,42.33,39.76,normal,0,2024-04-12 23:04:00
45,73.52,15.53,24.66,34.82,36.31,normal,0,2024-07-27 22:56:00
55,94.21,5.41,41.24,36.0,75.79,normal,0,2024-02-29 01:40:00
84,73.06,12.94,18.4,31.03,57.75,normal,0,2024-07-16 05:32:00
96,62.79,23.85,39.43,35.05,55.58,normal,0,2024-02-17 23:29:00
66,76.45,18.28,29.72,38.29,47.38,normal,0,2024-11-23 04:45:00
87,77.41,19.68,30.61,32.94,57.04,normal,0,2024-10-13 20:07:00
80,79.11,19.18,28.3,28.13,85.82,normal,0,2024-04-10 16:30:00
3,74.53,7.84,43.68,36.98,53.51,normal,0,2024-11-23 10:44:00
28,73.21,19.9,44.17,38.65,53.49,normal,0,2024-04-30 18:07:00
5,86.21,17.76,43.15,26.2,80.12,normal,0,2024-06-24 07:48:00
81,86.06,20.2,49.63,35.87,64.04,normal,0,2024-07-14 04:46:00
91,79.47,11.71,36.59,41.81,48.87,normal,0,2024-06-29 09:56:00
63,84.48,15.21,41.16,33.17,62.09,normal,0,2024-05-14 21:13:00
61,83.15,11.77,21.41,35.55,44.77,normal,0,2024-11-14 08:43:00
14,81.18,14.92,47.45,25.49,79.11,normal,0,2024-05-16 09:08:00
23,73.88,20.58,27.72,36.91,40.52,normal,0,2024-12-18 10:43:00
60,79.47,14.2,19.81,42.82,44.1,normal,0,2024-02-12 14:13:00
86,77.01,10.26,37.02,39.03,46.11,normal,0,2024-03-25 05:16:00
72,60.77,11.62,36.08,28.26,41.22,normal,0,2024-11-24 15:09:00
67,69.26,20.28,46.49,34.84,68.29,normal,0,2024-06-25 15:04:00
38,69.21,17.33,30.93,42.2,44.85,normal,0,2024-03-26 10:15:00
55,77.75,18.81,54.3,39.73,58.71,normal,0,2024-07-31 04:37:00
99,75.61,15.3,52.25,34.56,67.88,normal,0,2024-08-23 11:18:00
93,89.87,13.33,49.25,32.48,64.94,normal,0,2024-10-30 06:26:00
6,62.39,15.22,36.5,33.81,42.74,normal,0,2024-09-10 05:30:00
50,89.6,8.07,44.09,41.54,38.06,normal,0,2024-10-27 18:37:00
86,66.3,20.28,53.07,36.05,36.0,normal,0,2024-08-10 17:56:00
29,77.44,23.46,43.95,41.49,51.4,normal,0,2024-09-06 13:16:00
19,70.44,21.74,37.01,36.17,36.08,normal,0,2024-07-16 05:46:00
35,66.86,16.73,21.76,45.03,73.07,normal,0,2024-12-09 02:07:00
64,83.02,19.96,33.27,34.52,87.77,normal,0,2024-08-02 08:43:00
95,73.68,16.07,22.78,27.38,66.12,normal,0,2024-03-29 03:13:00
8,89.26,19.54,38.55,35.91,64.74,normal,0,2024-10-24 16:16:00
33,69.87,23.6,35.08,28.81,80.35,normal,0,2024-08-25 19:18:00
86,86.29,16.81,49.08,29.71,31.98,normal,0,2024-06-19 21:51:00
28,68.41,12.22,31.4,32.51,55.01,normal,0,2024-09-29 23:06:00
23,74.38,12.29,31.62,31.1,36.77,normal,0,2024-10-05 22:45:00
63,78.05,15.39,59.11,30.54,31.69,normal,0,2024-10-01 22:12:00
77,87.44,14.24,38.68,34.26,32.45,normal,0,2024-12-06 20:20:00
8,80.0,19.77,35.12,34.35,77.2,normal,0,2024-04-02 08:23:00
68,82.56,19.38,26.37,29.01,54.62,normal,0,2024-01-19 01:42:00
85,81.27,14.29,31.49,25.97,39.25,normal,0,2024-04-10 17:19:00
35,75.13,16.58,26.79,32.41,49.35,normal,0,2024-12-15 12:06:00
35,64.09,10.65,31.18,34.99,45.34,normal,0,2024-02-04 13:50:00
20,80.48,22.08,24.16,33.92,62.19,normal,0,2024-02-25 09:32:00
77,78.81,8.14,41.85,34.87,44.73,normal,0,2024-04-14 06:45:00
1,81.73,19.03,52.79,32.99,70.04,normal,0,2024-07-31 17:38:00
62,71.22,11.04,39.73,35.22,58.38,normal,0,2024-07-30 06:33:00
97,69.11,20.76,32.79,41.74,33.37,normal,0,2024-03-10 07:11:00
77,75.81,12.98,32.72,36.87,47.6,normal,0,2024-09-22 17:04:00
27,71.24,18.99,38.98,26.33,36.75,normal,0,2024-04-08 12:05:00
83,111.8,36.87,24.06,59.39,73.21,real_anomaly,1,2024-02-12 23:21:00
25,89.71,15.35,27.54,39.7,51.02,normal,0,2024-04-09 03:50:00
57,64.37,18.23,14.93,36.02,50.38,normal,0,2024-12-11 00:50:00
69,73.03,13.2,32.08,36.74,54.68,normal,0,2024-09-26 11:49:00
53,72.03,14.93,35.6,35.13,45.53,normal,0,2024-07-06 09:12:00
58,82.42,17.37,48.62,26.86,35.77,normal,0,2024-10-13 06:40:00
26,83.69,18.2,43.03,37.66,29.97,normal,0,2024-11-24 12:34:00
29,77.95,15.74,27.81,39.94,35.29,normal,0,2024-06-14 19:22:00
29,71.71,10.96,38.86,35.11,37.62,normal,0,2024-05-30 05:47:00
35,69.98,20.17,26.25,41.09,21.09,normal,0,2024-03-06 21:56:00
34,86.39,18.91,43.94,32.53,40.06,normal,0,2024-05-13 03:26:00
13,75.21,23.69,39.97,34.74,74.81,normal,0,2024-01-13 00:07:00
50,88.93,20.46,17.53,32.76,35.16,normal,0,2024-04-10 14:10:00
39,70.5,13.03,38.05,33.72,59.28,normal,0,2024-02-03 01:53:00
72,77.31,15.1,33.57,34.12,47.95,normal,0,2024-05-24 14:44:00
21,72.37,19.39,9.36,27.91,60.26,normal,0,2024-02-29 17:33:00
36,79.28,23.28,55.42,36.12,49.23,normal,0,2024-11-27 23:00:00
83,69.34,14.67,38.94,32.97,64.68,normal,0,2024-12-30 00:04:00
7,66.23,12.93,35.53,33.7,16.72,normal,0,2024-11-14 07:42:00
88,74.51,16.69,22.18,55.0,35.14,normal,0,2024-03-24 04:42:00
100,68.08,11.37,44.41,37.71,35.02,normal,0,2024-03-29 00:45:00
35,74.58,7.3,35.89,30.51,62.71,normal,0,2024-01-22 23:26:00
83,90.77,12.25,26.54,36.25,49.62,normal,0,2024-07-25 11:02:00
21,78.82,16.15,28.64,36.73,77.53,normal,0,2024-08-02 01:53:00
12,78.3,12.97,20.77,38.9,60.81,normal,0,2024-08-10 23:42:00
71,80.11,14.78,31.43,40.76,48.04,normal,0,2024-08-17 21:18:00
87,80.14,17.13,33.85,40.93,46.48,normal,0,2024-11-21 13:51:00
75,61.09,16.17,47.37,30.12,54.98,normal,0,2024-05-27 12:33:00
22,78.4,20.35,32.26,26.0,64.65,normal,0,2024-07-31 12:55:00
71,77.39,18.77,23.25,33.31,37.99,normal,0,2024-06-17 20:51:00
39,75.19,16.74,36.59,25.86,59.99,normal,0,2024-06-11 16:44:00
16,78.39,14.62,41.14,32.8,53.09,normal,0,2024-04-24 12:49:00
75,66.8,21.15,40.59,27.44,49.28,normal,0,2024-04-28 14:06:00
28,77.87,11.86,30.98,42.12,46.74,normal,0,2024-12-09 00:18:00
46,72.28,17.09,24.41,37.49,31.65,normal,0,2024-08-05 14:43:00
58,76.43,13.7,32.5,32.2,42.68,normal,0,2024-08-08 08:22:00
76,74.98,21.98,19.57,36.74,20.65,normal,0,2024-06-12 11:13:00
99,73.05,12.61,12.69,35.04,42.99,normal,0,2024-08-28 17:11:00
83,69.43,17.08,20.8,31.31,22.16,normal,0,2024-07-13 16:36:00
29,73.62,14.62,41.73,29.36,56.79,normal,0,2024-11-20 00:23:00
25,63.24,11.83,13.48,32.73,66.3,normal,0,2024-03-31 17:51:00
62,72.68,23.55,26.91,33.95,47.6,normal,0,2024-01-03 15:51:00
88,82.22,17.71,20.49,34.5,46.54,normal,0,2024-04-15 11:42:00
96,61.72,15.94,36.69,35.16,59.8,normal,0,2024-07-17 12:22:00
10,67.17,13.99,28.88,36.1,38.28,normal,0,2024-08-24 18:46:00
86,71.0,20.31,39.47,32.91,51.21,normal,0,2024-12-20 23:18:00
8,90.58,7.69,54.08,33.65,47.31,normal,0,2024-09-16 00:29:00
38,67.99,18.01,28.06,32.1,61.92,normal,0,2024-07-03 06:56:00
86,71.49,7.28,45.53,36.82,40.07,normal,0,2024-05-12 20:41:00
6,80.67,20.17,30.29,30.48,61.76,normal,0,2024-06-25 04:57:00
48,74.38,8.35,63.2,36.91,52.97,normal,0,2024-01-14 12:01:00
61,83.43,13.04,21.06,42.81,40.77,normal,0,2024-04-24 20:14:00
91,73.57,13.49,27.19,40.94,27.21,normal,0,2024-02-02 15:54:00
42,82.19,11.78,9.32,29.95,30.89,normal,0,2024-06-22 17:26:00
37,77.33,21.05,46.87,35.07,27.26,normal,0,2024-04-19 17:30:00
47,74.05,9.18,23.82,31.96,58.1,normal,0,2024-12-20 07:05:00
70,57.02,17.81,16.07,36.93,73.18,normal,0,2024-10-26 15:40:00
99,89.99,14.64,33.81,38.19,47.37,normal,0,2024-04-19 15:02:00
8,67.0,20.46,43.05,37.48,58.5,normal,0,2024-07-11 14:38:00
23,78.33,20.3,43.34,30.44,57.89,normal,0,2024-04-27 20:50:00
35,91.33,19.23,44.52,35.19,22.43,normal,0,2024-11-30 16:08:00
43,79.55,13.32,42.19,34.24,45.6,normal,0,2024-05-02 00:49:00
1,92.05,12.06,9.35,34.68,84.18,normal,0,2024-09-17 21:27:00
64,87.78,15.14,21.81,30.5,48.68,normal,0,2024-11-19 06:07:00
13,89.74,16.47,45.06,32.38,43.96,normal,0,2024-01-03 09:02:00
91,86.6,19.6,34.13,31.62,62.62,normal,0,2024-10-31 01:11:00
32,88.25,17.05,59.31,33.5,39.84,normal,0,2024-06-27 09:47:00
4,71.62,11.33,51.46,31.25,40.13,normal,0,2024-02-24 01:27:00
89,84.73,17.93,32.39,21.01,49.46,normal,0,2024-12-19 23:14:00
30,69.58,20.44,34.28,34.86,61.98,normal,0,2024-08-14 02:48:00
44,77.44,22.42,31.45,26.84,76.74,normal,0,2024-06-27 20:52:00
57,74.81,8.24,30.14,32.44,44.66,normal,0,2024-07-04 20:13:00
80,65.83,11.01,20.55,29.73,47.93,normal,0,2024-01-21 13:12:00
68,76.23,15.59,36.22,34.72,43.4,normal,0,2024-09-14 20:06:00
98,105.82,41.43,39.31,56.16,35.31,real_anomaly,1,2024-03-29 22:10:00
1,76.46,13.16,41.17,39.49,37.94,normal,0,2024-05-27 23:18:00
4,93.2,11.49,63.52,33.8,46.11,normal,0,2024-09-02 18:58:00
17,72.48,20.14,20.73,34.16,40.85,normal,0,2024-03-07 22:36:00
10,66.81,17.12,37.63,36.04,49.67,normal,0,2024-10-28 04:18:00
38,76.08,16.12,35.29,37.07,46.6,normal,0,2024-03-09 04:40:00
8,85.77,13.47,43.93,43.36,55.5,normal,0,2024-06-09 02:00:00
84,87.15,15.41,24.48,34.4,28.94,normal,0,2024-11-23 22:35:00
42,69.07,12.51,43.57,40.07,37.53,normal,0,2024-02-06 12:31:00
66,90.92,10.7,54.05,41.39,38.83,normal,0,2024-09-20 09:15:00
12,85.41,13.67,46.41,29.97,55.47,normal,0,2024-05-01 02:57:00
81,81.64,12.95,13.16,36.22,31.98,normal,0,2024-02-24 13:33:00
60,62.88,17.24,17.65,30.43,35.5,normal,0,2024-11-28 20:29:00
83,69.1,11.19,37.54,28.45,50.68,normal,0,2024-08-28 14:01:00
45,58.86,20.52,37.39,27.56,51.09,normal,0,2024-12-25 00:19:00
69,64.76,15.37,43.73,38.67,57.46,normal,0,2024-02-25 16:07:00
80,64.31,10.54,27.64,40.74,38.64,normal,0,2024-04-19 04:49:00
59,74.01,12.11,60.74,40.36,71.76,normal,0,2024-09-19 08:10:00
27,64.25,13.36,40.57,31.21,76.9,normal,0,2024-10-19 18:45:00
88,66.35,14.36,22.46,38.66,36.03,normal,0,2024-07-03 12:30:00
30,78.58,13.26,31.62,44.62,57.57,normal,0,2024-04-17 01:32:00
37,85.08,12.3,42.62,34.32,66.11,normal,0,2024-05-03 05:15:00
19,78.31,8.83,40.88,37.6,34.16,normal,0,2024-07-20 06:12:00
55,81.85,13.3,49.01,24.07,65.72,normal,0,2024-02-16 17:12:00
90,79.54,18.58,28.23,27.24,29.71,normal,0,2024-03-13 15:04:00
17,61.9,12.46,25.06,48.63,53.45,normal,0,2024-12-26 02:43:00
5,71.53,11.75,20.06,44.37,51.83,normal,0,2024-11-25 01:41:00
31,83.14,21.18,21.28,29.22,28.51,normal,0,2024-11-01 09:44:00
47,68.3,12.92,24.4,36.25,49.41,normal,0,2024-12-08 13:03:00
28,61.88,12.71,48.14,26.43,73.47,normal,0,2024-01-02 12:18:00
91,83.5,25.07,29.06,38.57,44.26,normal,0,2024-09-01 20:45:00
75,79.67,10.39,42.78,35.03,30.39,normal,0,2024-04-29 15:54:00
91,92.1,14.98,14.97,32.49,39.61,normal,0,2024-04-30 02:09:00
3,74.13,23.53,15.57,28.22,44.33,normal,0,2024-01-18 16:59:00
9,77.38,18.83,29.02,37.45,55.28,normal,0,2024-08-18 22:35:00
82,69.2,12.48,30.77,33.29,10.0,normal,0,2024-01-07 16:51:00
6,76.94,23.69,42.35,34.86,57.13,normal,0,2024-06-09 22:26:00
24,70.4,19.26,30.93,42.19,60.05,normal,0,2024-06-20 04:12:00
97,69.98,20.76,16.76,48.2,51.29,normal,0,2024-09-28 12:18:00
65,92.27,12.53,38.96,35.56,54.42,normal,0,2024-04-01 13:53:00
56,69.38,14.58,21.27,33.02,42.06,normal,0,2024-11-12 09:31:00
93,77.22,19.61,40.13,35.7,43.63,normal,0,2024-03-09 20:57:00
19,80.88,10.58,21.35,36.49,11.8,normal,0,2024-07-31 00:28:00
41,61.47,13.15,38.49,33.18,51.06,normal,0,2024-03-08 21:40:00
91,75.34,17.9,45.07,35.49,43.42,normal,0,2024-09-01 08:20:00
92,69.53,16.82,48.49,36.02,54.37,normal,0,2024-07-15 05:42:00
39,76.35,18.4,26.78,41.89,47.59,normal,0,2024-03-27 12:55:00
84,92.93,11.94,40.44,45.01,52.73,normal,0,2024-10-08 20:40:00
98,81.55,11.1,45.45,44.42,74.11,normal,0,2024-11-21 15:48:00
21,65.08,17.17,19.27,40.71,49.61,normal,0,2024-06-16 10:35:00
63,81.78,18.13,54.06,32.91,42.24,normal,0,2024-08-16 14:38:00
66,72.84,9.44,37.63,34.2,15.97,normal,0,2024-06-05 11:53:00
87,66.79,16.35,48.81,36.41,58.44,normal,0,2024-06-15 18:44:00
35,71.82,16.44,17.42,35.26,40.73,normal,0,2024-06-25 23:00:00
31,70.76,14.44,29.1,37.08,48.16,normal,0,2024-05-03 15:47:00
41,80.3,17.07,55.36,38.57,38.33,normal,0,2024-12-12 22:15:00
1,64.03,7.88,41.56,36.53,55.38,normal,0,2024-04-28 21:27:00
34,80.84,24.04,51.08,38.99,26.36,normal,0,2024-02-25 01:38:00
53,86.43,12.05,21.32,39.03,29.01,normal,0,2024-05-07 12:26:00
5,89.94,18.32,49.97,37.54,34.21,normal,0,2024-01-19 13:42:00
94,61.76,21.34,33.4,39.44,46.09,normal,0,2024-09-25 22:01:00
94,86.06,14.2,12.88,31.38,31.99,normal,0,2024-01-06 12:57:00
97,82.4,12.44,31.51,33.33,29.02,normal,0,2024-05-24 04:35:00
95,80.06,20.88,29.99,30.75,52.46,normal,0,2024-09-25 09:55:00
42,80.36,12.77,32.61,40.12,56.95,normal,0,2024-12-28 04:23:00
85,65.91,18.72,17.68,24.06,31.82,normal,0,2024-08-23 08:07:00
14,67.23,8.08,35.16,31.75,41.73,normal,0,2024-12-27 14:20:00
30,67.33,15.54,51.45,32.93,46.68,normal,0,2024-12-16 02:32:00
22,75.47,11.22,26.72,28.38,37.7,normal,0,2024-07-04 19:24:00
2,72.3,18.1,39.14,27.43,78.38,normal,0,2024-06-24 20:03:00
57,74.24,13.78,30.36,30.58,45.95,normal,0,2024-01-10 02:14:00
2,69.46,18.7,34.21,34.06,62.24,normal,0,2024-04-15 05:29:00
43,75.6,9.26,36.64,34.43,40.49,normal,0,2024-05-06 12:03:00
10,76.49,15.98,35.66,31.94,34.13,normal,0,2024-10-17 06:54:00
20,71.27,5.84,21.99,27.61,63.29,normal,0,2024-07-15 17:55:00
66,72.95,21.43,35.85,36.34,51.4,normal,0,2024-05-02 12:40:00
81,80.11,13.15,16.4,32.4,62.49,normal,0,2024-01-05 16:29:00
54,70.59,23.71,39.28,38.38,49.98,normal,0,2024-04-23 13:52:00
43,73.68,14.52,33.21,40.81,52.2,normal,0,2024-08-01 13:20:00
91,72.95,11.88,32.04,43.98,34.2,normal,0,2024-08-02 11:03:00
98,70.75,13.51,31.84,38.14,22.5,normal,0,2024-02-22 12:11:00
66,87.62,9.5,33.88,27.63,36.71,normal,0,2024-03-11 04:35:00
93,67.23,14.07,8.6,29.25,67.04,normal,0,2024-04-08 18:34:00
74,71.05,18.99,29.29,34.65,65.07,normal,0,2024-10-25 01:51:00
60,70.12,11.51,15.17,30.66,44.27,normal,0,2024-04-12 23:08:00
10,78.05,12.94,52.71,35.47,20.49,normal,0,2024-02-19 14:16:00
88,86.87,8.57,44.09,37.77,54.0,normal,0,2024-05-07 01:29:00
18,72.12,19.35,34.79,33.9,73.57,normal,0,2024-08-20 20:55:00
9,88.42,15.72,30.36,32.35,34.69,normal,0,2024-11-07 17:10:00
8,83.58,13.04,45.03,31.71,27.43,normal,0,2024-05-04 15:20:00
68,-14.25,331.64,-21.85,-44.11,171.64,sensor_error,0,2024-10-21 15:00:00
30,83.21,14.5,43.49,38.8,77.01,normal,0,2024-12-14 10:58:00
38,86.22,16.97,33.22,37.94,60.92,normal,0,2024-08-04 05:39:00
2,63.94,16.58,45.46,20.0,52.88,normal,0,2024-07-17 01:39:00
49,76.22,25.53,35.76,39.67,49.15,normal,0,2024-04-23 02:22:00
42,74.93,19.35,27.79,41.08,39.45,normal,0,2024-10-05 13:13:00
66,67.17,21.94,33.4,38.86,54.91,normal,0,2024-08-20 19:16:00
67,79.54,10.36,36.13,48.22,21.04,normal,0,2024-05-09 10:19:00
4,74.06,17.33,21.82,31.74,40.73,normal,0,2024-11-06 22:53:00
28,66.05,13.88,37.54,38.17,55.41,normal,0,2024-07-11 03:58:00
28,90.76,15.75,26.29,36.36,68.23,normal,0,2024-04-09 03:21:00
82,79.72,16.27,31.84,34.37,51.19,normal,0,2024-05-05 17:12:00
73,88.86,8.42,58.07,32.69,30.69,normal,0,2024-10-22 16:33:00
49,87.29,19.42,40.69,31.54,30.91,normal,0,2024-08-25 20:54:00
54,73.71,8.21,21.49,42.48,14.84,normal,0,2024-08-02 20:48:00
41,82.73,10.07,25.35,34.1,45.01,normal,0,2024-01-09 10:59:00
73,68.0,17.88,51.93,44.17,63.74,normal,0,2024-01-13 09:33:00
95,84.14,12.36,25.24,41.53,49.91,normal,0,2024-06-09 04:15:00
35,90.22,13.28,18.83,34.22,31.24,normal,0,2024-11-19 04:35:00
93,68.16,16.81,36.41,46.02,62.73,normal,0,2024-10-01 14:24:00
77,78.03,20.86,44.38,30.36,53.49,normal,0,2024-10-11 11:50:00
26,75.69,17.48,14.98,43.88,43.21,normal,0,2024-02-10 22:47:00
89,73.04,19.52,35.01,32.91,19.0,normal,0,2024-03-18 01:07:00
10,75.75,6.99,37.14,33.45,37.63,normal,0,2024-01-19 10:16:00
85,78.91,17.8,46.05,36.36,56.88,normal,0,2024-02-29 17:14:00
76,75.84,9.22,51.72,35.84,54.35,normal,0,2024-11-10 12:56:00
26,82.48,18.52,37.31,38.66,54.27,normal,0,2024-01-31 09:22:00
36,78.74,18.84,32.38,36.82,42.18,normal,0,2024-05-26 17:40:00
39,71.75,15.12,29.27,33.79,37.6,normal,0,2024-03-01 19:24:00
71,62.32,5.07,43.57,31.71,24.45,normal,0,2024-06-20 17:24:00
38,75.99,13.64,18.77,39.18,71.82,normal,0,2024-07-07 18:45:00
6,72.23,15.78,43.95,38.51,43.76,normal,0,2024-03-30 07:57:00
31,71.8,12.32,21.69,25.8,51.0,normal,0,2024-11-19 08:28:00
39,74.94,17.08,26.86,38.49,55.14,normal,0,2024-10-11 02:27:00
13,81.86,19.39,20.92,35.3,51.45,normal,0,2024-04-17 01:35:00
90,80.02,13.48,43.91,25.14,53.35,normal,0,2024-03-15 23:42:00
81,75.6,13.9,39.94,33.95,32.71,normal,0,2024-05-27 05:44:00
56,70.0,18.39,27.09,38.95,64.22,normal,0,2024-07-03 22:17:00
32,74.98,29.75,37.26,27.25,44.43,normal,0,2024-07-08 14:58:00
67,76.23,17.92,31.21,31.21,43.66,normal,0,2024-04-12 16:26:00
65,86.77,14.54,46.81,26.34,73.2,normal,0,2024-01-22 21:52:00
93,77.37,14.14,53.65,41.34,43.31,normal,0,2024-07-06 03:12:00
21,77.73,17.02,25.27,40.98,35.54,normal,0,2024-01-24 17:29:00
85,99.1,17.57,28.99,31.1,35.59,normal,0,2024-05-12 20:19:00
72,81.17,15.05,17.79,32.47,33.69,normal,0,2024-11-22 06:21:00
33,80.5,15.2,39.61,32.98,61.18,normal,0,2024-11-19 22:39:00
93,88.66,10.14,45.78,30.01,34.42,normal,0,2024-04-18 06:31:00
49,84.74,11.73,38.92,34.71,26.27,normal,0,2024-05-17 23:33:00
24,85.23,11.86,48.47,32.29,57.11,normal,0,2024-12-14 06:21:00
69,75.02,16.58,45.28,29.77,66.13,normal,0,2024-02-01 12:07:00
43,68.55,11.33,36.77,42.99,73.98,normal,0,2024-03-10 19:05:00
68,75.5,17.13,38.99,34.59,24.36,normal,0,2024-07-27 00:06:00
73,78.07,22.59,49.16,41.67,24.25,normal,0,2024-08-06 23:31:00
93,78.47,22.84,46.86,30.12,67.42,normal,0,2024-04-20 03:40:00
44,-29.16,462.5,395.24,-41.57,-45.59,sensor_error,0,2024-01-24 15:36:00
40,72.39,11.05,38.59,38.17,66.31,normal,0,2024-05-16 03:12:00
22,66.74,20.45,41.48,38.29,36.26,normal,0,2024-04-07 10:22:00
69,79.02,16.43,56.76,38.25,36.47,normal,0,2024-11-12 18:08:00
72,78.14,19.04,34.81,40.03,32.59,normal,0,2024-02-23 15:26:00
30,74.38,14.88,19.6,30.13,50.66,normal,0,2024-08-18 14:20:00
39,70.14,16.28,57.04,44.15,52.81,normal,0,2024-02-25 04:57:00
94,77.42,14.66,45.35,34.8,57.75,normal,0,2024-09-04 00:51:00
94,-31.88,-53.52,479.18,-18.35,-46.55,sensor_error,0,2024-10-26 19:58:00
17,79.06,2.0,29.67,39.37,64.37,normal,0,2024-11-08 13:44:00
30,74.12,14.28,57.38,28.93,72.12,normal,0,2024-01-25 20:39:00
90,68.37,18.8,14.05,33.53,54.28,normal,0,2024-10-23 06:02:00
21,78.01,18.76,40.0,35.09,59.39,normal,0,2024-06-26 08:41:00
8,74.27,15.4,32.66,31.59,32.6,normal,0,2024-11-04 03:59:00
98,83.89,9.32,40.74,32.04,40.81,normal,0,2024-10-21 21:16:00
91,79.28,9.98,28.08,33.59,66.93,normal,0,2024-05-25 06:25:00
34,95.0,22.4,47.25,29.98,62.99,normal,0,2024-07-20 06:49:00
21,76.91,10.72,45.84,30.53,39.59,normal,0,2024-05-10 12:12:00
41,76.0,14.1,53.34,39.45,32.32,normal,0,2024-10-05 06:14:00
18,71.42,10.4,46.14,37.45,48.92,normal,0,2024-06-11 10:18:00
1,91.86,11.97,32.87,39.12,68.1,normal,0,2024-02-24 17:42:00
41,74.33,12.93,38.63,31.71,43.42,normal,0,2024-05-05 06:49:00
17,66.35,11.34,22.21,37.65,37.81,normal,0,2024-05-27 12:06:00
36,73.16,20.55,41.25,30.92,45.56,normal,0,2024-02-23 03:24:00
63,77.8,13.85,9.46,34.61,24.39,normal,0,2024-03-30 16:52:00
56,85.05,12.76,24.61,34.98,30.47,normal,0,2024-03-06 16:19:00
53,86.14,13.41,22.63,35.95,61.44,normal,0,2024-06-07 17:17:00
67,72.61,18.72,34.67,30.07,47.96,normal,0,2024-07-09 11:51:00
38,80.03,17.39,24.34,35.76,45.74,normal,0,2024-02-28 16:29:00
48,71.62,15.46,24.44,43.69,63.78,normal,0,2024-01-28 01:51:00
85,54.64,23.48,30.66,38.97,75.09,normal,0,2024-06-24 08:17:00
84,77.33,18.73,32.18,37.56,48.95,normal,0,2024-11-02 10:25:00
19,94.46,16.08,37.25,34.48,59.81,normal,0,2024-06-04 09:10:00
95,82.89,11.56,20.03,39.37,63.36,normal,0,2024-09-11 07:42:00
93,76.0,22.67,41.36,43.01,42.98,normal,0,2024-07-13 20:45:00
52,65.27,17.8,47.52,34.19,50.16,normal,0,2024-04-04 20:58:00
41,72.7,20.65,48.05,29.47,56.78,normal,0,2024-05-25 04:39:00
97,65.17,17.73,48.88,41.79,55.9,normal,0,2024-07-26 22:55:00
40,59.66,12.75,47.87,31.95,66.18,normal,0,2024-10-08 17:09:00
64,83.31,13.81,59.65,43.11,32.99,normal,0,2024-09-07 05:40:00
15,75.53,13.86,54.38,25.83,38.42,normal,0,2024-05-01 15:54:00
75,76.13,16.54,25.54,38.12,41.9,normal,0,2024-05-07 09:26:00
89,76.76,15.62,40.37,28.99,54.13,normal,0,2024-05-23 18:05:00
88,92.71,26.68,21.5,33.84,62.63,normal,0,2024-10-11 05:20:00
15,63.48,14.08,33.38,27.26,61.93,normal,0,2024-03-29 02:54:00
55,67.85,12.05,29.88,36.72,34.21,normal,0,2024-05-19 12:29:00
74,76.77,15.15,32.06,30.57,38.38,normal,0,2024-03-14 21:23:00
17,69.95,15.76,24.39,41.03,35.34,normal,0,2024-06-01 20:34:00
24,79.8,14.01,35.6,35.19,66.35,normal,0,2024-03-24 20:07:00
93,80.61,15.91,48.2,42.03,48.17,normal,0,2024-10-31 20:23:00
86,79.2,14.14,27.27,26.47,51.94,normal,0,2024-10-25 01:15:00
25,80.7,16.11,24.53,39.44,55.33,normal,0,2024-04-23 23:35:00
63,81.96,10.92,36.65,36.08,48.36,normal,0,2024-11-18 05:23:00
53,81.99,14.65,11.75,36.46,51.29,normal,0,2024-04-02 23:52:00
38,63.7,20.51,17.97,37.21,59.07,normal,0,2024-04-30 13:09:00
27,80.49,21.09,41.11,26.93,25.86,normal,0,2024-12-15 06:10:00
98,80.56,12.82,52.37,34.18,32.1,normal,0,2024-11-27 12:40:00
84,83.27,20.95,14.84,36.06,36.16,normal,0,2024-03-25 00:36:00
39,84.19,15.49,50.93,41.76,61.87,normal,0,2024-02-04 14:38:00
31,78.54,14.62,28.12,32.58,56.49,normal,0,2024-05-01 01:03:00
36,81.72,16.04,42.76,28.32,35.23,normal,0,2024-11-07 04:01:00
34,85.29,13.61,20.45,31.73,32.14,normal,0,2024-10-17 09:47:00
12,82.76,13.92,19.03,33.09,67.17,normal,0,2024-03-06 14:09:00
29,81.66,9.89,50.32,29.11,50.57,normal,0,2024-03-25 10:05:00
98,71.72,11.08,45.4,27.45,48.35,normal,0,2024-02-03 08:14:00
71,89.22,13.48,35.4,36.17,59.24,normal,0,2024-12-11 02:35:00
17,86.73,19.44,39.87,31.18,38.71,normal,0,2024-06-22 23:58:00
16,92.07,17.62,32.58,30.86,39.5,normal,0,2024-11-07 09:16:00
18,63.69,18.66,39.54,34.54,53.4,normal,0,2024-10-30 18:52:00
81,80.26,22.65,47.72,33.09,51.12,normal,0,2024-04-20 18:16:00
58,78.07,13.08,28.87,42.02,46.42,normal,0,2024-07-31 08:17:00
56,66.59,20.52,30.45,38.36,48.24,normal,0,2024-10-14 01:15:00
55,83.92,17.06,36.7,33.63,64.71,normal,0,2024-12-23 22:55:00
17,73.58,18.78,34.3,42.71,65.97,normal,0,2024-03-03 00:12:00
30,84.02,11.57,39.79,31.2,53.92,normal,0,2024-03-21 21:39:00
25,92.7,12.57,35.37,35.28,71.46,normal,0,2024-04-24 06:15:00
16,76.02,11.82,10.6,35.13,34.68,normal,0,2024-10-07 17:19:00
16,61.3,11.26,34.33,32.46,69.34,normal,0,2024-05-26 18:37:00
61,82.48,17.53,16.38,23.31,48.21,normal,0,2024-12-26 17:21:00
72,68.5,17.06,26.79,30.49,63.87,normal,0,2024-11-16 04:42:00
34,75.95,15.29,55.54,29.41,37.62,normal,0,2024-04-04 18:45:00
54,79.93,14.32,28.66,31.79,58.96,normal,0,2024-07-26 22:03:00
15,64.81,13.42,43.0,45.24,63.65,normal,0,2024-07-09 19:28:00
49,62.11,20.7,46.68,37.14,50.39,normal,0,2024-08-26 02:34:00
17,74.02,13.16,49.25,36.8,47.08,normal,0,2024-10-25 08:38:00
28,89.06,22.91,22.26,38.84,29.22,normal,0,2024-09-10 16:34:00
75,67.49,10.99,37.51,36.1,43.93,normal,0,2024-11-25 09:55:00
35,78.87,7.73,48.37,34.14,62.31,normal,0,2024-07-15 00:55:00
68,84.55,14.11,45.2,35.94,22.05,normal,0,2024-10-28 04:29:00
21,93.0,18.15,30.03,43.98,35.19,normal,0,2024-07-29 09:48:00
12,75.27,13.03,22.85,37.94,58.56,normal,0,2024-10-05 07:20:00
41,83.3,19.58,11.63,32.41,85.02,normal,0,2024-04-15 17:29:00
60,70.88,15.78,33.82,33.21,36.2,normal,0,2024-04-20 23:19:00
7,70.28,17.78,49.25,36.26,55.44,normal,0,2024-12-17 16:48:00
7,66.02,18.14,12.16,40.07,58.13,normal,0,2024-10-09 02:14:00
49,85.63,15.7,41.56,40.36,39.93,normal,0,2024-11-09 10:56:00
96,93.0,13.11,37.16,36.61,65.73,normal,0,2024-04-09 22:50:00
74,77.75,15.95,34.53,32.8,51.3,normal,0,2024-05-28 02:58:00
23,82.58,15.01,50.81,32.56,55.63,normal,0,2024-07-03 16:35:00
89,62.28,19.2,14.6,38.12,25.3,normal,0,2024-01-07 02:29:00
31,66.39,22.26,49.41,31.7,52.02,normal,0,2024-05-10 20:34:00
35,70.45,13.7,61.39,26.27,69.01,normal,0,2024-09-16 01:02:00
41,77.61,11.0,20.6,36.52,69.27,normal,0,2024-11-24 19:01:00
48,82.23,18.67,17.44,39.65,75.13,normal,0,2024-04-01 06:10:00
92,82.28,15.11,33.89,33.72,34.37,normal,0,2024-03-14 21:09:00
43,74.94,17.57,21.52,38.8,53.8,normal,0,2024-09-22 17:11:00
64,82.67,12.94,37.96,37.33,30.34,normal,0,2024-08-30 21:36:00
62,73.55,17.72,28.93,29.87,66.29,normal,0,2024-07-29 23:39:00
6,65.88,16.47,41.63,42.52,58.3,normal,0,2024-03-21 13:46:00
73,-999.0,309.33,273.39,-15.8,254.68,sensor_error,0,2024-11-22 08:52:00
84,64.81,17.21,35.21,34.03,69.44,normal,0,2024-08-22 15:55:00
93,83.25,19.71,42.8,39.12,34.95,normal,0,2024-02-07 22:11:00
75,67.53,7.12,59.35,33.65,82.6,normal,0,2024-05-30 04:01:00
34,-999.0,-71.95,-18.67,-25.59,-44.61,sensor_error,0,2024-01-16 14:38:00
20,79.62,19.88,22.49,32.68,42.57,normal,0,2024-12-07 16:43:00
32,88.23,11.74,31.02,34.55,67.59,normal,0,2024-05-05 21:23:00
35,83.53,14.71,58.75,26.44,70.83,normal,0,2024-01-20 23:51:00
62,70.36,14.08,24.13,37.8,49.97,normal,0,2024-06-01 23:15:00
19,79.29,23.58,35.1,31.38,55.51,normal,0,2024-05-10 16:38:00
71,80.77,12.58,22.05,41.11,59.58,normal,0,2024-01-16 15:46:00
90,71.63,13.51,36.03,32.78,54.19,normal,0,2024-06-09 05:57:00
38,69.01,13.14,49.18,36.15,55.61,normal,0,2024-06-15 18:40:00
27,75.54,5.9,0.24,31.31,54.96,normal,0,2024-11-28 21:48:00
89,83.02,18.61,45.57,34.92,31.53,normal,0,2024-01-20 01:34:00
22,88.74,19.76,32.99,43.24,67.04,normal,0,2024-08-02 19:55:00
62,71.48,18.82,38.97,34.7,42.09,normal,0,2024-10-16 11:35:00
79,57.23,18.07,25.71,35.63,67.07,normal,0,2024-03-15 15:12:00
4,82.06,16.65,50.85,30.83,45.99,normal,0,2024-11-01 10:35:00
20,78.6,18.18,15.63,41.03,24.98,normal,0,2024-04-21 14:34:00
45,74.58,12.02,40.81,34.56,49.73,normal,0,2024-04-09 12:03:00
76,76.13,11.79,21.15,35.76,43.83,normal,0,2024-09-30 17:21:00
62,81.11,13.89,32.06,36.87,45.76,normal,0,2024-08-10 18:52:00
38,89.36,15.42,39.71,39.8,84.16,normal,0,2024-05-16 16:22:00
74,73.13,9.62,14.93,31.12,50.91,normal,0,2024-04-06 17:41:00
45,75.63,17.04,23.5,33.15,46.84,normal,0,2024-06-06 01:36:00
32,85.98,12.01,21.94,39.02,74.49,normal,0,2024-11-11 08:10:00
52,-31.05,-59.6,-25.68,-2.84,198.71,sensor_error,0,2024-09-06 08:04:00
39,94.42,18.05,18.34,28.38,48.48,normal,0,2024-06-03 10:13:00
75,74.69,19.38,5.67,44.55,40.38,normal,0,2024-11-06 17:48:00
57,77.08,17.33,38.27,38.15,65.31,normal,0,2024-11-06 17:05:00
11,83.82,20.37,20.41,33.68,41.79,normal,0,2024-02-14 15:39:00
46,67.72,13.87,36.0,37.34,43.38,normal,0,2024-05-01 18:10:00
28,80.78,20.71,36.89,36.28,54.05,normal,0,2024-06-13 14:35:00
94,65.77,18.38,16.33,36.06,38.59,normal,0,2024-05-05 06:36:00
64,67.84,14.28,42.57,28.36,78.4,normal,0,2024-08-11 20:53:00
58,69.86,15.07,48.88,41.71,56.4,normal,0,2024-04-02 15:37:00
1,58.09,18.72,28.55,35.15,56.85,normal,0,2024-01-10 10:18:00
36,65.85,10.59,6.43,39.53,51.86,normal,0,2024-11-20 12:44:00
76,76.96,17.69,33.29,34.52,64.88,normal,0,2024-04-04 03:07:00
68,77.57,15.47,38.5,34.18,48.45,normal,0,2024-07-08 14:33:00
42,61.77,6.85,26.29,29.18,52.68,normal,0,2024-02-02 16:45:00
64,80.4,17.9,46.99,36.39,86.95,normal,0,2024-02-20 01:26:00
46,83.82,14.97,22.93,37.62,32.57,normal,0,2024-05-11 16:05:00
69,82.41,13.89,42.01,30.09,57.27,normal,0,2024-01-10 14:09:00
51,82.97,12.06,22.66,40.65,69.49,normal,0,2024-10-02 09:37:00
11,70.42,14.26,24.7,44.27,46.55,normal,0,2024-04-14 21:18:00
44,82.21,19.12,19.62,34.33,49.98,normal,0,2024-08-19 21:22:00
60,385.04,230.02,241.08,-31.13,-31.12,sensor_error,0,2024-06-11 20:54:00
89,75.92,19.0,44.74,35.59,32.31,normal,0,2024-05-09 03:21:00
25,85.23,12.49,22.22,32.14,55.47,normal,0,2024-12-14 12:53:00
90,69.36,10.05,42.03,37.5,38.07,normal,0,2024-01-07 20:24:00
55,59.45,22.4,37.05,30.81,50.04,normal,0,2024-12-07 03:55:00
33,61.04,9.15,27.46,31.28,61.02,normal,0,2024-09-03 17:39:00
100,64.52,17.1,45.33,33.39,44.2,normal,0,2024-07-16 19:48:00
58,85.42,15.59,28.98,34.44,74.76,normal,0,2024-12-26 22:09:00
11,70.89,15.83,66.64,39.07,52.28,normal,0,2024-07-16 09:18:00
85,75.54,18.04,59.13,37.08,47.36,normal,0,2024-05-31 09:54:00
72,82.59,21.2,31.0,31.56,37.08,normal,0,2024-12-28 05:28:00
24,84.1,17.95,14.26,36.74,47.23,normal,0,2024-07-12 08:59:00
39,77.66,16.98,38.64,35.18,58.59,normal,0,2024-02-21 00:42:00
2,90.65,17.29,59.95,32.21,39.54,normal,0,2024-01-01 12:07:00
46,66.45,8.92,24.43,40.81,69.21,normal,0,2024-08-21 00:48:00
22,68.19,16.08,30.14,29.44,55.11,normal,0,2024-04-08 22:28:00
78,78.84,13.03,37.31,30.94,45.24,normal,0,2024-05-20 01:34:00
32,77.25,10.81,42.26,33.63,27.4,normal,0,2024-04-15 13:49:00
2,81.27,11.29,37.31,36.39,55.62,normal,0,2024-04-05 15:13:00
37,86.28,17.6,20.12,38.55,19.21,normal,0,2024-03-07 21:40:00
43,85.72,20.69,35.06,42.03,25.82,normal,0,2024-04-28 07:29:00
85,71.01,15.72,47.57,38.03,68.3,normal,0,2024-11-11 13:07:00
32,81.0,17.0,14.06,29.22,48.3,normal,0,2024-12-16 06:54:00
28,73.53,13.96,23.65,40.39,65.48,normal,0,2024-04-04 22:56:00
99,78.37,23.46,36.59,27.3,42.8,normal,0,2024-11-24 16:37:00
20,86.59,18.44,43.95,28.99,69.32,normal,0,2024-07-24 04:46:00
42,45.0,43.31,19.3,56.81,28.1,real_anomaly,1,2024-09-19 17:55:00
27,78.83,14.32,35.43,37.92,49.73,normal,0,2024-01-18 02:30:00
75,66.33,11.06,46.75,36.22,73.35,normal,0,2024-02-07 17:24:00
49,374.78,211.07,-31.54,-19.59,199.58,sensor_error,0,2024-08-27 15:26:00
10,82.71,17.25,46.47,26.78,71.62,normal,0,2024-07-03 08:05:00
49,79.04,21.02,43.89,42.53,33.64,normal,0,2024-01-09 15:02:00
32,83.05,14.58,32.24,36.08,53.4,normal,0,2024-11-06 20:02:00
92,65.74,16.15,38.71,39.99,66.16,normal,0,2024-09-02 04:42:00
13,81.61,14.33,26.41,23.91,27.1,normal,0,2024-04-03 06:45:00
38,83.08,11.16,43.36,39.66,24.88,normal,0,2024-07-02 11:34:00
44,74.98,10.09,53.99,37.81,14.44,normal,0,2024-11-27 04:49:00
73,63.75,14.95,30.89,36.64,50.31,normal,0,2024-12-23 07:51:00
12,83.48,19.89,46.41,40.85,58.78,normal,0,2024-03-22 19:09:00
87,73.66,17.15,44.97,32.84,39.88,normal,0,2024-07-18 03:03:00
24,83.87,17.66,18.08,39.07,64.09,normal,0,2024-08-19 21:56:00
89,83.38,11.17,21.32,32.05,30.56,normal,0,2024-11-25 15:47:00
25,62.5,13.4,43.72,39.64,41.33,normal,0,2024-04-02 17:07:00
57,86.69,10.18,36.68,35.82,51.79,normal,0,2024-09-03 21:53:00
2,77.07,21.56,32.83,30.7,51.3,normal,0,2024-10-19 05:52:00
6,82.61,18.14,48.72,31.09,57.65,normal,0,2024-08-20 19:14:00
3,73.14,15.03,47.43,38.07,65.83,normal,0,2024-05-28 16:54:00
15,72.33,12.38,21.97,33.1,49.18,normal,0,2024-03-02 01:03:00
1,81.99,14.22,31.77,40.32,38.58,normal,0,2024-07-25 09:40:00
65,88.72,16.66,50.87,34.2,43.28,normal,0,2024-02-06 09:19:00
67,69.67,21.23,38.2,30.32,44.95,normal,0,2024-08-02 18:44:00
63,93.76,20.47,38.33,45.94,50.13,normal,0,2024-08-25 00:57:00
60,-999.0,432.17,-20.56,-20.5,238.55,sensor_error,0,2024-04-20 12:50:00
88,83.18,14.28,43.43,41.08,48.15,normal,0,2024-06-23 10:27:00
22,79.81,15.6,40.0,41.87,44.56,normal,0,2024-04-21 21:59:00
80,77.15,7.89,48.08,32.76,29.05,normal,0,2024-06-09 15:37:00
33,73.44,20.19,19.88,31.18,45.34,normal,0,2024-05-01 05:12:00
18,70.55,16.77,30.45,32.52,47.15,normal,0,2024-03-21 18:22:00
78,76.57,18.73,34.67,29.63,62.22,normal,0,2024-08-25 00:22:00
89,66.39,15.88,47.88,41.15,29.86,normal,0,2024-09-02 06:20:00
45,-999.0,-40.64,-28.28,-4.3,288.85,sensor_error,0,2024-07-26 14:54:00
9,62.94,17.03,48.55,46.12,46.3,normal,0,2024-04-30 12:59:00
79,79.74,17.54,36.99,25.5,33.41,normal,0,2024-06-19 10:15:00
15,67.31,14.3,44.04,40.27,27.24,normal,0,2024-08-24 02:39:00
25,78.4,8.88,3.0,30.64,29.37,normal,0,2024-12-24 13:52:00
39,76.7,16.53,49.27,31.61,36.92,normal,0,2024-04-29 04:37:00
14,80.37,13.42,38.28,27.73,44.24,normal,0,2024-06-30 09:47:00
78,85.42,19.05,54.62,35.94,55.47,normal,0,2024-12-12 19:59:00
57,71.39,21.12,28.57,37.19,48.92,normal,0,2024-08-03 11:56:00
42,76.0,12.02,35.82,34.91,53.17,normal,0,2024-05-30 21:20:00
50,86.04,14.01,26.56,40.57,74.26,normal,0,2024-03-27 09:28:00
88,81.94,8.45,22.89,34.98,52.15,normal,0,2024-03-20 20:10:00
74,76.44,18.26,48.84,36.48,36.42,normal,0,2024-11-05 11:39:00
98,76.55,17.4,49.75,31.11,45.9,normal,0,2024-10-29 16:40:00
50,86.72,14.96,12.48,26.39,46.14,normal,0,2024-12-13 18:16:00
13,94.48,14.93,30.64,30.17,52.32,normal,0,2024-02-28 21:25:00
38,85.57,20.03,38.12,22.38,50.73,normal,0,2024-02-25 03:58:00
84,81.26,10.4,23.86,29.77,43.25,normal,0,2024-04-03 13:16:00
35,76.86,17.92,46.98,31.81,66.05,normal,0,2024-03-23 00:38:00
95,81.58,16.32,44.15,27.75,79.54,normal,0,2024-04-27 03:20:00
34,79.67,16.9,11.77,41.2,39.96,normal,0,2024-11-11 06:18:00
80,76.33,13.68,32.83,34.63,58.5,normal,0,2024-10-03 11:37:00
39,76.66,17.31,45.17,34.38,50.23,normal,0,2024-09-05 10:44:00
65,73.63,14.71,41.22,36.84,51.0,normal,0,2024-01-05 13:52:00
96,73.59,22.23,42.54,33.47,31.71,normal,0,2024-03-26 02:52:00
3,70.9,17.3,29.64,25.98,52.6,normal,0,2024-04-20 23:39:00
97,86.01,19.08,36.67,35.1,23.8,normal,0,2024-06-25 03:18:00
36,78.18,11.96,23.9,38.76,69.79,normal,0,2024-08-21 12:44:00
92,85.78,17.07,33.91,31.34,32.57,normal,0,2024-09-03 18:47:00
62,75.71,13.89,43.24,28.07,76.94,normal,0,2024-09-20 18:52:00
11,83.82,17.45,35.51,36.57,52.41,normal,0,2024-10-17 16:08:00
76,89.05,17.93,45.53,39.27,48.71,normal,0,2024-12-22 16:26:00
40,66.69,17.89,30.94,37.7,33.66,normal,0,2024-10-05 04:49:00
26,81.44,12.41,62.09,36.28,40.4,normal,0,2024-05-12 11:54:00
28,82.9,12.17,26.98,29.43,36.22,normal,0,2024-01-10 16:14:00
94,82.22,13.03,12.53,39.71,57.39,normal,0,2024-04-09 01:56:00
40,67.59,20.61,48.62,25.72,50.42,normal,0,2024-02-28 18:21:00
74,90.17,14.89,40.31,37.9,34.72,normal,0,2024-07-12 18:54:00
53,80.81,14.99,41.17,27.5,40.59,normal,0,2024-09-27 19:42:00
35,85.26,21.48,31.31,34.01,36.95,normal,0,2024-08-03 16:27:00
89,84.01,15.28,44.38,46.21,56.32,normal,0,2024-10-27 15:52:00
20,86.92,14.1,34.18,34.91,42.02,normal,0,2024-12-09 00:37:00
64,85.73,14.48,26.08,33.97,49.71,normal,0,2024-10-15 22:57:00
44,74.35,15.94,34.48,27.89,55.79,normal,0,2024-08-24 19:01:00
44,76.72,10.88,37.73,32.21,30.83,normal,0,2024-10-13 19:01:00
33,77.1,15.92,9.74,34.2,57.37,normal,0,2024-10-24 08:51:00
11,67.35,18.45,15.19,31.11,64.99,normal,0,2024-01-13 09:18:00
49,74.94,16.37,32.73,42.3,56.83,normal,0,2024-06-29 06:44:00
90,62.23,16.36,53.2,37.93,54.06,normal,0,2024-12-02 01:34:00
46,50.0,16.55,36.11,30.66,20.71,normal,0,2024-03-31 15:56:00
89,55.19,7.03,16.83,37.77,44.39,normal,0,2024-04-20 12:19:00
45,75.94,17.28,26.88,39.12,39.58,normal,0,2024-12-23 01:36:00
60,91.1,23.39,51.44,35.56,31.28,normal,0,2024-08-30 03:09:00
45,79.66,15.48,15.03,43.66,76.96,normal,0,2024-09-28 05:01:00
90,67.26,16.34,41.55,25.0,73.07,normal,0,2024-12-26 01:18:00
76,108.71,44.14,35.44,48.95,56.14,real_anomaly,1,2024-12-13 14:14:00
78,80.44,14.02,13.33,31.1,57.65,normal,0,2024-11-21 00:56:00
42,81.2,9.64,42.19,35.07,27.88,normal,0,2024-10-18 04:38:00
89,78.24,23.66,46.09,34.71,51.0,normal,0,2024-03-27 12:40:00
56,88.72,7.77,29.69,39.44,38.63,normal,0,2024-05-10 22:40:00
68,87.39,12.08,44.7,35.77,36.25,normal,0,2024-01-19 19:03:00
67,78.04,20.21,24.38,30.01,59.98,normal,0,2024-05-11 01:08:00
73,65.13,13.52,31.18,28.38,32.22,normal,0,2024-02-12 15:02:00
43,92.74,17.66,46.12,47.57,55.86,normal,0,2024-09-21 12:31:00
16,66.76,11.32,62.15,35.55,37.6,normal,0,2024-08-12 22:25:00
78,72.67,14.56,29.4,36.88,23.9,normal,0,2024-06-26 19:42:00
95,70.71,12.21,44.44,29.24,60.89,normal,0,2024-02-08 21:04:00
74,76.25,5.47,36.85,41.68,54.99,normal,0,2024-10-08 00:27:00
20,78.1,11.62,41.31,30.31,56.5,normal,0,2024-03-14 15:13:00
6,78.66,9.63,44.17,29.05,19.08,normal,0,2024-06-13 06:04:00
51,78.97,14.26,24.18,35.69,54.46,normal,0,2024-02-27 22:34:00
100,77.38,10.83,29.67,32.54,43.45,normal,0,2024-06-05 17:52:00
99,81.89,17.16,20.11,35.15,72.56,normal,0,2024-10-20 20:37:00
96,82.58,12.81,15.85,31.53,40.46,normal,0,2024-10-16 08:18:00
7,88.72,16.25,24.97,32.42,69.31,normal,0,2024-01-27 19:25:00
10,85.37,19.32,23.39,41.33,45.67,normal,0,2024-03-13 11:32:00
39,105.43,47.19,24.94,52.66,57.14,real_anomaly,1,2024-10-24 20:04:00
48,82.92,14.0,27.79,40.29,42.29,normal,0,2024-01-06 04:17:00
34,66.63,19.93,14.97,33.53,28.3,normal,0,2024-09-06 09:46:00
4,74.35,12.91,59.26,34.43,58.52,normal,0,2024-09-20 09:56:00
97,64.91,8.04,42.22,30.44,59.95,normal,0,2024-07-16 17:02:00
51,74.99,12.02,7.55,35.34,51.46,normal,0,2024-07-03 00:35:00
54,68.54,16.28,24.89,37.77,44.7,normal,0,2024-10-18 19:07:00
39,81.66,17.57,56.6,37.65,21.97,normal,0,2024-05-18 09:29:00
19,78.91,13.76,29.41,29.41,34.83,normal,0,2024-03-22 01:35:00
67,84.43,11.95,40.26,40.89,52.72,normal,0,2024-10-13 09:31:00
43,85.39,14.92,26.02,29.15,80.05,normal,0,2024-09-08 16:41:00
83,80.13,15.19,10.6,37.79,54.55,normal,0,2024-11-11 12:51:00
63,62.62,16.86,20.75,30.36,57.92,normal,0,2024-09-28 19:29:00
40,82.23,13.61,19.99,43.52,75.02,normal,0,2024-10-08 19:16:00
76,86.7,21.48,33.42,36.1,75.49,normal,0,2024-09-06 03:01:00
97,68.12,9.23,35.74,34.29,48.98,normal,0,2024-10-31 07:58:00
7,82.63,13.22,22.83,37.67,73.54,normal,0,2024-02-26 07:57:00
80,70.8,20.41,40.15,29.97,24.7,normal,0,2024-09-10 15:16:00
67,73.39,15.62,31.15,33.55,80.8,normal,0,2024-03-20 01:56:00
97,68.35,20.3,34.32,35.23,62.25,normal,0,2024-09-25 09:27:00
70,70.83,18.91,55.94,33.48,61.18,normal,0,2024-12-27 11:48:00
24,83.16,10.81,39.48,29.96,30.94,normal,0,2024-08-11 17:18:00
59,87.33,14.57,33.94,33.76,59.1,normal,0,2024-07-13 11:46:00
3,80.22,12.16,42.4,35.85,83.98,normal,0,2024-07-26 06:36:00
71,88.6,6.66,24.02,36.57,51.51,normal,0,2024-02-13 20:24:00
84,76.39,13.8,38.65,36.57,41.12,normal,0,2024-03-13 05:36:00
91,-999.0,459.17,-36.16,-13.2,287.07,sensor_error,0,2024-08-08 12:23:00
19,71.95,17.81,39.95,40.25,49.17,normal,0,2024-04-28 06:38:00
46,71.03,14.85,44.44,35.16,50.36,normal,0,2024-07-22 06:03:00
36,73.25,19.27,33.18,29.16,45.62,normal,0,2024-02-08 22:46:00
24,77.44,20.65,26.19,42.88,80.43,normal,0,2024-07-28 02:24:00
100,75.79,16.06,35.77,40.1,57.18,normal,0,2024-07-03 23:04:00
90,67.33,13.0,54.87,27.99,66.09,normal,0,2024-12-12 08:47:00
17,85.93,14.34,60.29,31.68,53.78,normal,0,2024-03-11 09:50:00
51,76.32,8.67,56.09,40.85,54.36,normal,0,2024-01-21 02:44:00
63,83.31,14.81,29.83,39.89,23.45,normal,0,2024-06-17 22:46:00
36,-999.0,-47.46,310.25,-38.02,-19.94,sensor_error,0,2024-01-10 09:45:00
3,69.88,14.44,3.84,38.01,70.73,normal,0,2024-02-22 02:03:00
73,70.88,13.6,30.82,36.28,53.5,normal,0,2024-03-05 02:36:00
81,75.31,10.19,40.06,36.23,77.1,normal,0,2024-01-21 01:25:00
33,89.36,16.07,26.11,43.46,67.17,normal,0,2024-10-18 09:11:00
53,82.95,14.95,28.11,37.26,48.22,normal,0,2024-12-19 05:27:00
67,92.74,24.73,50.73,42.08,47.18,normal,0,2024-05-15 02:36:00
52,77.29,14.56,29.49,38.18,31.71,normal,0,2024-12-13 02:34:00
77,84.02,18.51,36.63,40.49,68.16,normal,0,2024-04-05 23:43:00
57,85.65,14.48,31.49,38.62,41.2,normal,0,2024-11-13 06:11:00
85,66.6,11.08,23.05,31.08,39.83,normal,0,2024-10-13 18:08:00
43,68.59,10.12,34.83,29.54,62.97,normal,0,2024-08-02 04:37:00
15,83.56,16.3,37.84,36.19,67.65,normal,0,2024-03-01 20:57:00
51,90.91,22.55,24.4,36.7,36.86,normal,0,2024-11-01 16:14:00
38,95.71,19.73,53.96,26.65,56.73,normal,0,2024-04-30 15:35:00
92,73.35,15.61,32.77,36.46,71.25,normal,0,2024-08-21 10:58:00
33,87.92,15.06,27.99,38.78,33.0,normal,0,2024-02-15 12:10:00
32,96.12,12.71,41.8,38.16,52.07,normal,0,2024-01-04 10:58:00
91,70.73,15.47,44.9,38.0,44.23,normal,0,2024-05-28 20:14:00
53,75.11,13.08,18.77,41.28,77.93,normal,0,2024-10-21 11:20:00
39,79.62,17.58,36.99,33.9,37.66,normal,0,2024-02-12 14:36:00
77,75.14,10.94,21.63,32.84,35.94,normal,0,2024-12-11 14:43:00
90,62.24,11.58,22.74,45.0,64.03,normal,0,2024-02-18 10:46:00
72,73.98,14.91,34.52,30.97,10.0,normal,0,2024-04-18 22:05:00
50,61.77,18.61,23.24,33.85,58.43,normal,0,2024-04-09 22:05:00
46,76.64,13.65,51.61,31.71,44.21,normal,0,2024-03-30 12:33:00
10,71.59,23.4,44.94,34.07,32.5,normal,0,2024-07-25 02:47:00
79,81.18,9.81,50.89,33.45,36.75,normal,0,2024-03-05 19:38:00
88,90.61,13.62,42.79,38.62,13.27,normal,0,2024-06-17 12:32:00
55,91.07,14.4,29.72,43.98,29.65,normal,0,2024-07-04 15:48:00
97,94.7,21.37,32.0,36.22,54.86,normal,0,2024-06-20 13:09:00
81,101.33,52.23,29.12,43.78,54.91,real_anomaly,1,2024-06-23 16:24:00
54,65.22,20.65,33.52,33.48,89.27,normal,0,2024-07-16 07:41:00
31,75.17,20.96,35.68,36.58,51.18,normal,0,2024-02-29 10:39:00
56,76.17,9.84,25.8,30.82,48.53,normal,0,2024-05-30 06:27:00
89,72.57,15.8,38.74,35.02,64.69,normal,0,2024-08-31 06:32:00
63,82.13,19.28,47.59,32.35,40.87,normal,0,2024-01-11 19:35:00
99,76.98,13.43,39.19,38.83,45.66,normal,0,2024-04-13 03:04:00
42,80.1,15.09,33.58,41.2,68.58,normal,0,2024-05-22 17:26:00
90,79.73,19.14,25.74,27.24,54.92,normal,0,2024-05-27 10:05:00
99,88.07,16.42,39.7,42.74,56.21,normal,0,2024-12-23 10:57:00
6,75.96,17.71,44.28,39.83,39.21,normal,0,2024-05-31 05:19:00
28,77.58,10.26,25.88,39.57,24.82,normal,0,2024-12-22 21:38:00
1,75.17,21.35,50.63,45.48,50.01,normal,0,2024-02-08 23:14:00
57,81.14,22.16,41.1,24.42,74.39,normal,0,2024-10-12 22:02:00
86,69.52,13.56,48.0,26.68,61.56,normal,0,2024-10-13 12:20:00
32,81.59,21.29,27.12,37.53,64.61,normal,0,2024-07-31 03:20:00
32,82.31,20.41,45.7,36.59,64.14,normal,0,2024-07-25 01:10:00
82,75.65,14.46,36.89,29.21,55.28,normal,0,2024-01-09 02:13:00
19,68.9,17.63,34.1,30.09,38.97,normal,0,2024-11-17 02:11:00
16,82.14,13.31,33.63,38.27,64.66,normal,0,2024-05-10 02:57:00
35,64.94,13.77,26.09,30.17,62.82,normal,0,2024-10-20 12:15:00
89,83.15,19.89,36.03,34.76,55.14,normal,0,2024-06-16 01:08:00
64,68.8,11.94,51.66,33.87,60.48,normal,0,2024-06-13 09:38:00
38,60.39,19.89,52.66,36.42,62.09,normal,0,2024-07-21 16:50:00
52,68.97,19.9,36.94,29.36,35.65,normal,0,2024-09-06 08:08:00
78,89.46,13.95,42.59,30.06,76.37,normal,0,2024-12-30 11:44:00
11,-999.0,480.47,461.31,-5.83,-13.1,sensor_error,0,2024-01-25 11:58:00
47,73.41,15.1,21.01,32.38,45.98,normal,0,2024-09-07 05:00:00
16,83.26,15.35,52.74,34.88,33.38,normal,0,2024-06-17 13:21:00
27,114.08,49.3,26.43,54.46,34.37,real_anomaly,1,2024-07-24 11:26:00
98,82.32,7.87,36.69,36.35,12.23,normal,0,2024-01-02 22:10:00
87,79.56,12.04,32.46,28.38,57.37,normal,0,2024-02-04 09:47:00
32,66.77,10.96,34.86,24.64,15.12,normal,0,2024-02-21 01:10:00
42,68.51,17.82,56.36,30.75,46.26,normal,0,2024-12-27 01:38:00
90,79.74,14.15,40.44,25.2,73.84,normal,0,2024-01-31 23:43:00
29,87.63,21.65,17.71,37.43,54.49,normal,0,2024-09-14 20:02:00
2,87.38,13.87,12.32,42.26,36.12,normal,0,2024-03-26 05:12:00
11,85.36,20.82,50.77,31.75,33.2,normal,0,2024-11-16 17:33:00
22,81.45,13.99,40.13,39.6,20.8,normal,0,2024-03-06 06:53:00
96,71.67,13.54,45.4,29.11,56.49,normal,0,2024-08-14 17:41:00
41,80.47,16.41,22.9,31.41,35.88,normal,0,2024-08-28 20:54:00
35,88.22,16.48,37.74,46.71,29.87,normal,0,2024-07-27 23:13:00
98,74.08,15.16,20.64,33.29,23.05,normal,0,2024-06-23 01:22:00
1,79.23,12.59,44.19,37.88,57.67,normal,0,2024-02-23 09:48:00
62,71.38,13.91,47.72,34.46,65.99,normal,0,2024-10-22 13:10:00
54,81.16,15.07,32.65,31.68,75.41,normal,0,2024-05-16 22:24:00
80,73.55,17.58,33.29,28.86,43.01,normal,0,2024-05-29 20:04:00
33,78.85,16.42,43.95,30.83,40.36,normal,0,2024-02-23 19:58:00
52,80.23,13.77,29.1,41.13,43.45,normal,0,2024-01-01 06:47:00
1,77.52,11.18,31.52,40.63,62.74,normal,0,2024-12-11 07:15:00
39,75.25,17.89,34.91,42.86,61.12,normal,0,2024-09-29 22:56:00
91,68.03,5.92,43.45,42.91,52.21,normal,0,2024-07-22 16:20:00
68,77.52,10.79,42.07,37.52,55.99,normal,0,2024-03-26 06:22:00
94,65.53,14.8,24.37,36.5,48.53,normal,0,2024-08-21 11:49:00
73,70.68,10.9,18.42,37.61,51.6,normal,0,2024-12-24 09:17:00
52,77.33,11.34,38.38,37.16,53.42,normal,0,2024-03-22 06:14:00
71,77.0,17.25,39.8,31.06,48.2,normal,0,2024-04-09 05:51:00
66,75.63,11.43,32.44,37.63,73.99,normal,0,2024-12-13 04:43:00
89,57.61,20.22,34.14,37.9,64.48,normal,0,2024-09-30 01:15:00
49,61.81,10.84,18.59,35.5,70.65,normal,0,2024-03-02 09:08:00
94,83.4,11.56,50.16,31.7,40.86,normal,0,2024-12-21 18:57:00
32,81.73,15.93,39.88,30.47,41.77,normal,0,2024-05-03 17:02:00
58,72.63,10.31,61.17,34.94,47.46,normal,0,2024-08-11 06:00:00
38,82.48,15.92,49.62,31.87,68.09,normal,0,2024-08-16 10:01:00
28,88.13,16.23,41.24,30.03,60.1,normal,0,2024-01-23 19:19:00
82,79.04,11.4,28.88,28.56,13.27,normal,0,2024-01-01 13:26:00
52,65.44,14.33,35.41,37.46,54.36,normal,0,2024-05-12 08:49:00
76,81.83,10.07,52.5,34.72,33.95,normal,0,2024-07-05 14:10:00
61,83.49,18.4,46.0,32.23,44.22,normal,0,2024-02-28 08:06:00
71,96.41,15.98,25.33,37.43,66.99,normal,0,2024-07-25 13:10:00
12,62.51,10.93,37.63,36.99,29.27,normal,0,2024-02-04 13:31:00
87,77.34,13.57,33.05,41.48,49.11,normal,0,2024-02-10 19:08:00
29,69.69,10.35,45.5,38.93,52.89,normal,0,2024-11-16 20:32:00
88,69.21,17.46,35.85,31.55,79.57,normal,0,2024-04-02 22:15:00
13,83.84,10.35,46.94,34.37,71.1,normal,0,2024-06-24 14:42:00
50,77.57,13.11,41.67,32.06,36.83,normal,0,2024-03-21 04:56:00
46,70.66,9.18,35.18,33.47,61.07,normal,0,2024-07-19 15:33:00
58,91.74,18.79,49.83,42.96,55.41,normal,0,2024-01-11 13:39:00
49,64.45,16.15,35.41,32.89,23.42,normal,0,2024-02-07 02:40:00
64,84.68,16.46,40.3,28.8,57.34,normal,0,2024-02-14 12:57:00
25,78.76,11.54,44.85,34.04,55.63,normal,0,2024-12-01 19:03:00
20,77.51,18.33,53.09,37.87,60.87,normal,0,2024-05-11 12:52:00
23,74.64,9.23,32.7,34.33,52.86,normal,0,2024-07-28 21:40:00
19,71.17,17.57,25.82,26.42,33.36,normal,0,2024-07-01 06:20:00
29,74.32,15.93,30.24,36.48,70.9,normal,0,2024-08-11 14:02:00
36,84.17,15.22,45.33,39.07,44.45,normal,0,2024-07-25 16:57:00
81,73.38,19.66,32.01,41.99,42.13,normal,0,2024-01-30 06:39:00
16,68.76,14.52,24.49,35.52,61.31,normal,0,2024-03-25 02:01:00
9,85.89,17.52,39.37,36.71,44.6,normal,0,2024-08-04 10:27:00
78,86.62,14.51,32.07,36.68,69.21,normal,0,2024-03-07 04:40:00
49,77.75,12.92,34.46,37.82,47.68,normal,0,2024-03-02 19:16:00
36,72.93,13.4,48.35,41.84,34.23,normal,0,2024-04-20 20:31:00
25,78.46,17.48,2.39,37.03,38.83,normal,0,2024-08-18 17:41:00
82,69.54,16.92,32.1,37.5,45.81,normal,0,2024-08-04 07:53:00
30,71.31,20.84,4.13,42.83,48.33,normal,0,2024-07-13 13:42:00
25,63.52,16.84,36.53,34.66,68.0,normal,0,2024-03-23 11:22:00
34,84.03,16.32,23.24,26.77,52.58,normal,0,2024-10-31 18:43:00
62,78.14,13.26,29.3,38.86,48.67,normal,0,2024-07-24 10:58:00
78,65.75,15.96,26.13,21.55,33.6,normal,0,2024-12-22 17:06:00
39,70.75,15.43,39.34,39.57,35.71,normal,0,2024-09-09 09:22:00
46,74.14,13.42,37.26,34.52,67.79,normal,0,2024-04-17 17:42:00
42,87.2,17.29,43.4,33.67,52.97,normal,0,2024-10-28 17:56:00
89,83.4,15.07,37.96,36.93,42.11,normal,0,2024-04-27 19:15:00
27,89.95,15.13,36.55,40.59,48.98,normal,0,2024-07-03 06:03:00
65,88.03,11.48,41.25,36.42,67.84,normal,0,2024-09-02 18:26:00
9,82.58,13.71,35.58,40.31,33.58,normal,0,2024-11-13 01:23:00
26,72.55,14.43,40.04,35.61,40.38,normal,0,2024-09-28 00:40:00
90,103.12,62.58,33.63,49.16,33.08,real_anomaly,1,2024-12-14 17:17:00
20,89.87,9.3,42.03,49.78,42.38,normal,0,2024-10-08 12:30:00
86,78.29,21.5,31.4,35.51,32.79,normal,0,2024-10-26 14:35:00
79,85.88,18.8,35.96,45.05,44.99,normal,0,2024-01-12 02:30:00
53,78.21,17.69,37.04,33.96,85.83,normal,0,2024-09-30 01:13:00
7,69.79,16.31,27.74,38.67,56.2,normal,0,2024-04-13 08:36:00
21,77.97,14.63,43.9,26.31,37.45,normal,0,2024-10-26 09:02:00
32,82.5,11.89,43.03,25.62,56.54,normal,0,2024-07-25 17:51:00
32,70.82,13.88,47.32,41.0,95.0,normal,0,2024-05-03 03:10:00
10,81.23,25.24,4.89,37.37,48.23,normal,0,2024-05-27 12:29:00
47,89.22,21.07,56.64,36.42,38.85,normal,0,2024-09-02 11:51:00
91,73.04,11.32,39.62,42.4,68.05,normal,0,2024-11-05 11:08:00
87,71.54,18.95,45.95,36.19,84.49,normal,0,2024-06-09 16:42:00
92,78.27,17.95,23.94,35.89,31.14,normal,0,2024-04-07 22:43:00
57,65.94,20.29,25.56,26.45,17.11,normal,0,2024-09-09 13:42:00
63,88.65,11.29,29.12,36.49,23.79,normal,0,2024-09-25 18:02:00
42,77.9,18.24,51.38,31.05,51.55,normal,0,2024-12-07 00:26:00
57,79.51,15.8,35.63,32.14,33.99,normal,0,2024-06-26 10:52:00
88,82.08,18.84,20.35,33.56,35.03,normal,0,2024-12-06 04:28:00
2,483.18,225.43,-48.1,-22.07,297.44,sensor_error,0,2024-06-08 00:56:00
75,73.65,14.33,36.96,33.92,13.59,normal,0,2024-09-13 12:27:00
35,51.44,17.75,22.61,28.21,28.77,normal,0,2024-10-17 06:02:00
4,75.58,11.31,55.02,38.0,48.92,normal,0,2024-04-27 16:51:00
57,72.97,21.8,15.66,30.81,32.38,normal,0,2024-04-29 16:29:00
28,64.82,12.75,44.96,34.36,55.57,normal,0,2024-11-17 09:09:00
78,69.53,12.19,36.75,42.02,48.07,normal,0,2024-03-17 09:27:00
48,74.38,15.02,8.69,32.73,56.81,normal,0,2024-07-27 09:51:00
43,77.68,18.72,38.18,36.67,67.18,normal,0,2024-06-22 05:21:00
64,74.93,11.16,35.21,30.73,62.38,normal,0,2024-05-21 01:30:00
5,81.37,22.57,36.96,32.39,81.85,normal,0,2024-09-22 22:02:00
78,84.89,11.57,49.39,42.84,51.19,normal,0,2024-02-02 21:06:00
25,82.58,16.37,26.54,41.66,53.77,normal,0,2024-12-22 13:33:00
32,81.38,14.35,43.29,31.51,41.1,normal,0,2024-07-15 10:17:00
10,80.13,3.37,52.63,41.74,39.11,normal,0,2024-07-31 12:56:00
33,78.45,15.68,37.02,30.56,36.19,normal,0,2024-11-24 15:33:00
43,73.46,15.29,29.12,41.31,90.9,normal,0,2024-02-20 04:20:00
91,-999.0,324.13,375.86,-11.67,296.56,sensor_error,0,2024-08-27 04:09:00
99,74.03,9.24,29.45,34.36,50.86,normal,0,2024-01-04 15:54:00
46,78.26,24.91,43.26,34.18,72.09,normal,0,2024-11-19 10:14:00
80,77.76,11.06,44.39,31.39,52.12,normal,0,2024-06-21 21:20:00
48,64.26,10.86,15.43,38.91,45.11,normal,0,2024-06-21 14:31:00
31,71.45,14.67,29.2,40.06,59.12,normal,0,2024-06-06 21:49:00
69,79.2,14.64,30.77,39.64,43.82,normal,0,2024-01-30 15:41:00
85,65.35,10.83,15.3,31.68,91.81,normal,0,2024-01-02 11:23:00
54,67.53,20.82,11.08,34.69,52.29,normal,0,2024-08-09 07:09:00
4,72.19,12.64,24.1,32.87,60.76,normal,0,2024-05-17 15:06:00
47,-40.42,394.52,-11.18,-3.58,-36.46,sensor_error,0,2024-08-20 22:51:00
39,80.64,12.09,39.48,37.01,55.48,normal,0,2024-08-13 00:44:00
59,82.65,13.48,25.35,34.2,44.48,normal,0,2024-11-29 04:19:00
5,73.81,16.03,20.53,31.49,47.83,normal,0,2024-07-26 02:38:00
23,82.77,17.27,30.3,34.74,58.77,normal,0,2024-03-31 22:34:00
68,86.14,11.3,21.62,44.47,64.81,normal,0,2024-08-18 20:54:00
69,89.38,19.67,25.49,37.19,77.07,normal,0,2024-01-04 18:05:00
80,331.39,-11.4,213.14,-41.7,216.98,sensor_error,0,2024-08-09 13:12:00
83,88.61,14.25,31.83,29.42,70.08,normal,0,2024-10-31 00:53:00
99,76.03,8.01,38.87,29.23,39.16,normal,0,2024-11-15 07:07:00
60,74.43,18.94,25.34,44.24,66.15,normal,0,2024-10-30 15:51:00
17,60.2,16.06,31.65,39.26,36.19,normal,0,2024-02-21 12:55:00
77,84.49,14.08,32.13,38.54,38.35,normal,0,2024-12-06 15:15:00
61,87.63,18.17,23.66,25.62,75.44,normal,0,2024-11-05 21:10:00
54,-999.0,-34.24,-22.51,-10.26,-49.69,sensor_error,0,2024-03-04 08:39:00
97,87.79,20.45,15.93,39.75,37.5,normal,0,2024-05-22 22:46:00
61,81.89,19.15,30.37,28.79,57.9,normal,0,2024-10-17 13:02:00
87,82.03,12.3,33.88,41.13,79.78,normal,0,2024-04-19 03:40:00
7,77.77,11.34,48.39,41.46,47.05,normal,0,2024-06-23 14:02:00
96,86.55,12.08,26.77,45.81,42.82,normal,0,2024-09-18 02:47:00
61,76.53,14.53,45.04,41.59,34.02,normal,0,2024-03-15 20:59:00
76,72.25,10.16,38.31,38.26,39.59,normal,0,2024-01-03 12:11:00
29,68.49,14.01,44.11,35.08,51.15,normal,0,2024-08-19 10:20:00
99,76.74,18.35,54.36,45.06,34.95,normal,0,2024-07-21 02:15:00
47,76.49,10.16,32.25,39.0,83.45,normal,0,2024-02-22 07:01:00
71,78.19,17.58,29.19,28.02,29.54,normal,0,2024-11-14 04:38:00
27,71.31,18.96,34.75,41.82,45.41,normal,0,2024-03-04 09:54:00
99,83.87,14.85,23.7,30.61,55.27,normal,0,2024-07-10 22:03:00
64,70.04,10.23,36.72,30.98,61.59,normal,0,2024-11-29 06:47:00
36,66.0,14.94,35.13,43.32,57.63,normal,0,2024-09-26 03:48:00
17,68.72,16.42,39.85,41.49,65.44,normal,0,2024-12-20 05:47:00
15,81.89,17.11,42.65,43.93,29.18,normal,0,2024-07-15 00:00:00
2,68.19,17.37,39.26,38.92,51.07,normal,0,2024-11-24 19:31:00
76,64.07,16.15,47.93,39.88,41.88,normal,0,2024-09-01 00:23:00
45,70.43,18.0,36.6,30.41,43.43,normal,0,2024-02-24 19:44:00
82,81.36,14.42,13.11,31.38,16.45,normal,0,2024-08-19 07:45:00
59,84.21,13.98,33.67,43.01,43.9,normal,0,2024-11-29 22:01:00
19,65.56,14.53,32.98,28.39,21.43,normal,0,2024-12-27 06:25:00
48,74.29,15.36,35.45,31.3,61.05,normal,0,2024-08-04 06:03:00
17,91.43,9.46,53.72,36.85,40.54,normal,0,2024-06-15 18:47:00
7,85.15,13.63,50.27,26.5,37.91,normal,0,2024-04-04 21:24:00
98,80.02,14.27,33.3,32.49,54.32,normal,0,2024-11-05 12:43:00
15,82.91,11.75,56.03,40.87,59.32,normal,0,2024-05-14 19:49:00
32,76.26,19.73,33.44,36.14,53.05,normal,0,2024-09-04 10:51:00
32,60.61,13.5,34.86,32.73,52.53,normal,0,2024-07-24 02:20:00
3,69.84,16.26,53.84,39.41,52.28,normal,0,2024-02-27 15:40:00
33,76.62,13.31,50.29,40.99,65.48,normal,0,2024-07-20 21:39:00
54,74.58,15.8,37.69,29.39,10.0,normal,0,2024-03-21 20:14:00
65,77.74,13.22,33.08,30.26,18.5,normal,0,2024-04-27 04:50:00
51,67.5,16.32,45.9,32.57,39.58,normal,0,2024-07-31 10:39:00
41,101.93,44.61,28.49,50.12,40.01,real_anomaly,1,2024-11-23 12:13:00
68,70.54,13.93,24.69,34.65,65.54,normal,0,2024-04-12 09:06:00
72,82.72,16.24,37.64,26.99,51.31,normal,0,2024-01-22 05:28:00
8,74.63,14.27,34.98,31.33,54.76,normal,0,2024-10-06 06:38:00
32,87.34,16.95,40.06,33.2,34.86,normal,0,2024-10-11 04:36:00
76,70.59,14.25,29.35,44.71,47.9,normal,0,2024-03-19 02:05:00
32,79.89,18.39,25.85,34.75,64.17,normal,0,2024-03-22 04:36:00
10,60.58,18.13,22.83,29.21,75.03,normal,0,2024-01-01 03:13:00
84,86.41,18.48,30.37,33.35,56.03,normal,0,2024-11-06 20:22:00
89,61.57,18.64,33.44,32.45,62.76,normal,0,2024-08-20 06:17:00
96,90.08,21.0,45.93,30.1,45.28,normal,0,2024-07-22 14:43:00
9,66.25,14.82,7.8,29.05,47.66,normal,0,2024-02-03 08:40:00
19,76.13,12.15,39.0,34.74,64.01,normal,0,2024-09-19 08:44:00
90,70.19,16.96,12.43,35.35,70.82,normal,0,2024-10-18 17:22:00
10,80.2,16.5,39.07,39.35,54.94,normal,0,2024-08-03 20:23:00
48,77.5,14.64,42.18,32.27,30.08,normal,0,2024-08-04 05:09:00
62,70.46,18.74,28.54,41.8,30.07,normal,0,2024-01-01 20:55:00
3,68.46,10.78,23.29,42.43,72.87,normal,0,2024-03-27 14:36:00
26,68.74,14.9,50.0,31.98,35.83,normal,0,2024-05-01 19:06:00
51,77.6,15.98,37.84,29.96,24.12,normal,0,2024-07-10 21:25:00
8,78.21,17.74,51.04,39.41,57.24,normal,0,2024-03-17 12:16:00
84,76.18,15.37,47.18,27.41,55.29,normal,0,2024-03-14 18:46:00
75,76.22,20.94,32.49,39.23,54.48,normal,0,2024-02-03 22:02:00
66,69.43,18.01,36.09,39.62,39.42,normal,0,2024-09-01 00:17:00
3,77.33,22.56,51.26,35.79,51.48,normal,0,2024-11-20 03:35:00
6,80.15,9.71,24.91,37.47,48.44,normal,0,2024-07-02 21:19:00
89,70.29,16.24,29.61,27.66,42.31,normal,0,2024-11-02 18:52:00
5,78.31,13.18,30.38,36.23,35.81,normal,0,2024-04-11 21:04:00
36,82.7,6.74,39.38,27.33,53.53,normal,0,2024-03-12 04:44:00
68,89.48,21.02,13.16,29.17,40.1,normal,0,2024-03-14 02:49:00
6,72.28,16.03,39.07,38.37,39.07,normal,0,2024-07-04 19:09:00
20,94.45,15.29,43.79,38.53,35.51,normal,0,2024-05-15 13:12:00
29,77.72,10.33,8.67,39.26,70.91,normal,0,2024-10-12 09:46:00
76,76.38,14.83,36.15,40.75,44.23,normal,0,2024-09-20 07:16:00
13,63.08,12.15,44.32,36.67,55.57,normal,0,2024-10-21 22:03:00
67,64.67,18.72,46.05,37.9,41.26,normal,0,2024-08-07 16:11:00
67,74.05,17.15,37.65,41.59,58.0,normal,0,2024-03-25 19:02:00
87,86.24,13.62,33.45,37.41,65.43,normal,0,2024-07-23 13:15:00
64,70.53,15.45,24.28,41.13,10.0,normal,0,2024-04-20 17:13:00
78,78.17,13.48,47.15,24.63,54.79,normal,0,2024-12-30 23:56:00
17,71.14,6.94,53.21,36.3,50.95,normal,0,2024-10-04 22:04:00
72,69.52,14.68,36.54,37.02,62.42,normal,0,2024-01-15 19:29:00
42,73.55,12.42,39.66,36.92,70.05,normal,0,2024-08-21 12:32:00
44,82.65,11.36,32.45,31.49,58.77,normal,0,2024-06-15 11:49:00
71,76.88,20.55,17.59,32.93,44.01,normal,0,2024-05-11 21:53:00
42,74.37,17.5,44.34,39.18,41.12,normal,0,2024-05-21 15:53:00
47,70.75,16.79,38.19,32.26,35.81,normal,0,2024-04-30 09:02:00
46,73.36,15.15,17.0,41.13,68.97,normal,0,2024-04-19 19:08:00
61,77.38,15.97,18.98,33.24,69.75,normal,0,2024-07-24 13:52:00
68,79.9,19.86,25.27,42.33,56.66,normal,0,2024-08-21 08:16:00
78,68.03,11.41,20.13,41.53,57.77,normal,0,2024-10-21 19:17:00
51,82.08,10.71,35.51,25.58,36.51,normal,0,2024-10-31 11:05:00
32,57.17,18.84,11.27,35.9,63.91,normal,0,2024-08-30 19:50:00
3,73.27,14.86,38.5,26.83,22.28,normal,0,2024-12-02 18:40:00
54,74.71,14.75,23.68,32.55,62.7,normal,0,2024-02-21 23:00:00
30,75.73,9.77,45.97,36.68,32.84,normal,0,2024-09-29 12:23:00
74,41.28,49.98,26.77,72.89,52.62,real_anomaly,1,2024-02-22 21:39:00
55,67.68,21.3,26.66,29.78,23.79,normal,0,2024-07-31 07:01:00
6,79.12,16.27,45.02,37.66,47.96,normal,0,2024-09-17 04:40:00
13,72.86,17.42,21.11,47.34,39.11,normal,0,2024-02-09 23:25:00
40,-25.29,-51.09,-28.51,-43.12,272.13,sensor_error,0,2024-12-07 23:37:00
20,64.91,17.3,36.57,37.11,13.34,normal,0,2024-04-05 00:52:00
50,78.32,16.41,26.11,30.21,46.83,normal,0,2024-11-05 11:32:00
8,79.82,13.17,43.92,35.54,80.95,normal,0,2024-02-03 18:29:00
53,79.28,15.31,28.81,37.07,54.39,normal,0,2024-09-09 19:16:00
53,94.26,17.63,28.44,30.08,66.68,normal,0,2024-08-24 16:22:00
24,75.97,12.32,13.47,28.67,48.28,normal,0,2024-06-10 22:02:00
66,76.84,17.11,18.98,29.48,64.25,normal,0,2024-02-07 02:49:00
61,76.68,15.35,24.04,32.32,60.78,normal,0,2024-11-30 08:44:00
21,82.43,21.62,37.03,31.44,67.98,normal,0,2024-05-15 04:31:00
63,74.25,12.87,27.38,35.54,42.14,normal,0,2024-08-02 18:37:00
52,80.94,10.12,17.69,35.25,51.32,normal,0,2024-10-27 16:20:00
15,79.61,12.61,39.31,23.6,68.5,normal,0,2024-10-29 15:30:00
1,71.61,12.08,40.89,38.84,54.08,normal,0,2024-09-14 21:37:00
75,43.42,56.36,43.15,50.07,43.84,real_anomaly,1,2024-10-23 13:19:00
71,82.36,19.3,36.88,35.85,66.99,normal,0,2024-07-09 17:36:00
74,72.31,6.86,43.03,40.7,72.65,normal,0,2024-01-27 19:08:00
72,82.63,17.76,44.62,35.64,33.89,normal,0,2024-01-03 23:02:00
96,76.45,14.74,29.51,38.78,46.12,normal,0,2024-09-04 07:13:00
83,83.45,16.41,43.88,41.13,42.5,normal,0,2024-07-26 18:46:00
23,93.02,11.85,31.0,35.77,60.63,normal,0,2024-09-26 22:43:00
48,68.14,9.35,60.29,27.45,36.2,normal,0,2024-10-04 22:22:00
100,79.45,14.21,20.64,24.76,45.85,normal,0,2024-04-02 22:52:00
12,65.42,17.11,41.66,32.38,61.17,normal,0,2024-09-09 04:01:00
3,82.14,18.84,39.4,30.96,41.73,normal,0,2024-06-29 23:17:00
9,80.0,11.47,46.25,43.73,67.97,normal,0,2024-04-23 17:56:00
58,82.06,14.39,28.41,36.55,50.65,normal,0,2024-03-08 12:31:00
39,69.27,18.73,33.09,36.5,74.94,normal,0,2024-07-05 22:26:00
82,70.71,11.69,36.04,38.44,42.16,normal,0,2024-04-23 07:31:00
21,74.1,12.69,52.61,31.52,51.15,normal,0,2024-04-12 07:50:00
69,83.25,16.49,51.75,37.23,22.97,normal,0,2024-01-23 13:51:00
23,82.76,15.34,40.3,27.66,70.23,normal,0,2024-01-09 15:53:00
14,87.01,7.91,20.62,27.44,43.13,normal,0,2024-09-16 17:03:00
99,78.19,11.85,38.4,38.27,39.53,normal,0,2024-10-28 13:51:00
99,89.37,14.9,28.08,32.32,46.41,normal,0,2024-12-07 18:26:00
86,88.99,8.09,48.14,44.56,57.1,normal,0,2024-12-05 15:32:00
53,74.97,13.86,37.03,32.29,60.36,normal,0,2024-01-06 18:47:00
45,55.56,19.55,51.87,34.24,61.37,normal,0,2024-03-16 12:50:00
85,69.58,19.76,40.2,31.96,43.92,normal,0,2024-10-11 13:52:00
24,80.89,7.63,29.6,29.14,53.38,normal,0,2024-04-20 15:22:00
51,81.16,11.13,33.14,35.62,64.0,normal,0,2024-07-17 21:08:00
32,68.81,24.29,26.9,42.07,61.8,normal,0,2024-03-26 09:16:00
82,67.61,9.38,47.07,25.31,44.88,normal,0,2024-12-25 01:37:00
83,107.92,49.54,34.64,49.76,29.23,real_anomaly,1,2024-06-21 20:19:00
42,74.01,4.99,38.1,34.95,43.16,normal,0,2024-02-27 14:48:00
36,86.54,15.4,45.58,35.0,62.82,normal,0,2024-09-29 02:57:00
89,76.59,19.28,56.94,38.1,49.04,normal,0,2024-05-01 18:00:00
44,78.3,14.84,45.29,34.63,39.11,normal,0,2024-10-22 07:12:00
42,71.63,14.14,45.56,34.24,46.26,normal,0,2024-03-05 02:43:00
96,84.91,19.49,41.26,26.51,69.52,normal,0,2024-10-20 08:13:00
23,61.09,16.2,35.21,43.47,49.67,normal,0,2024-05-17 07:35:00
59,83.03,15.01,60.03,33.14,44.41,normal,0,2024-12-25 13:55:00
93,83.03,21.64,57.05,30.94,66.43,normal,0,2024-02-06 09:45:00
38,-15.68,-48.94,386.91,-16.81,-16.2,sensor_error,0,2024-06-29 17:42:00
38,70.89,19.63,19.25,31.17,85.45,normal,0,2024-10-10 22:35:00
35,74.1,15.46,34.14,31.03,38.47,normal,0,2024-03-20 10:11:00
46,87.22,16.68,26.22,36.72,52.36,normal,0,2024-01-09 19:55:00
18,81.69,19.74,53.4,31.39,55.52,normal,0,2024-02-12 22:39:00
12,93.0,18.41,36.79,41.67,30.23,normal,0,2024-12-07 13:12:00
11,63.1,7.74,40.8,34.0,50.83,normal,0,2024-12-28 08:46:00
2,-11.54,-79.96,309.53,-20.73,-22.32,sensor_error,0,2024-03-25 21:55:00
50,60.22,16.36,7.36,31.75,42.5,normal,0,2024-01-31 01:43:00
100,67.95,16.75,42.7,42.47,55.23,normal,0,2024-12-19 12:40:00
63,75.56,12.6,39.18,41.25,71.08,normal,0,2024-02-27 12:44:00
78,84.01,6.27,38.79,29.77,42.48,normal,0,2024-11-20 16:29:00
90,82.18,17.56,31.59,35.83,45.2,normal,0,2024-10-18 22:03:00
52,91.86,13.68,58.34,33.37,67.1,normal,0,2024-10-01 04:49:00
87,60.49,9.86,30.8,39.07,86.06,normal,0,2024-09-26 22:48:00
9,77.8,9.46,21.67,33.23,47.64,normal,0,2024-09-18 07:04:00
29,69.19,12.42,51.5,41.82,58.5,normal,0,2024-03-29 01:26:00
13,67.55,16.1,12.31,33.59,40.77,normal,0,2024-01-26 20:48:00
15,81.44,8.23,36.21,33.58,67.98,normal,0,2024-10-25 07:15:00
73,71.84,12.91,13.53,39.71,59.89,normal,0,2024-07-15 08:57:00
84,77.04,16.74,28.05,41.76,40.05,normal,0,2024-11-04 08:16:00
3,57.3,8.13,45.2,38.97,58.61,normal,0,2024-05-11 23:43:00
72,70.23,14.22,37.37,38.13,63.69,normal,0,2024-06-13 06:53:00
16,94.55,15.53,6.85,33.14,53.78,normal,0,2024-05-11 19:20:00
85,75.29,21.37,43.03,44.36,46.23,normal,0,2024-11-28 18:43:00
90,66.5,11.29,9.98,40.28,37.89,normal,0,2024-04-22 19:16:00
32,85.05,22.48,24.72,30.76,51.52,normal,0,2024-04-20 06:46:00
40,80.58,13.5,42.08,30.9,29.26,normal,0,2024-09-29 02:05:00
2,80.5,13.47,49.83,35.7,34.94,normal,0,2024-07-19 14:24:00
80,84.13,19.14,59.9,27.6,45.65,normal,0,2024-12-26 09:56:00
11,70.48,15.75,53.35,34.05,10.0,normal,0,2024-04-14 21:21:00
40,80.51,8.11,31.25,38.82,33.57,normal,0,2024-05-19 11:09:00
7,72.09,15.72,43.61,34.84,49.9,normal,0,2024-07-29 23:44:00
71,81.19,8.45,23.45,36.63,54.3,normal,0,2024-08-29 17:11:00
75,73.9,13.89,58.88,36.51,42.05,normal,0,2024-01-18 00:38:00
44,76.93,11.03,58.63,31.49,53.4,normal,0,2024-06-17 01:23:00
17,87.41,9.92,31.0,41.69,53.63,normal,0,2024-04-05 18:22:00
8,69.53,13.84,24.44,35.16,54.87,normal,0,2024-12-17 20:21:00
96,76.79,16.03,16.39,34.45,41.62,normal,0,2024-02-09 17:51:00
69,80.13,11.93,21.66,40.8,79.0,normal,0,2024-07-04 21:01:00
2,81.82,9.02,26.91,41.21,37.92,normal,0,2024-10-21 15:21:00
54,70.89,18.81,50.27,39.59,61.85,normal,0,2024-08-23 12:02:00
23,90.74,11.9,50.04,27.84,51.35,normal,0,2024-10-07 03:55:00
74,89.78,15.85,50.67,41.74,49.03,normal,0,2024-11-05 18:00:00
54,77.59,13.22,57.96,29.51,59.14,normal,0,2024-06-08 03:31:00
97,69.94,16.72,37.28,34.08,58.51,normal,0,2024-12-27 17:19:00
77,88.22,17.95,16.51,32.64,78.69,normal,0,2024-02-08 13:58:00
28,79.27,18.77,54.87,38.36,43.74,normal,0,2024-08-14 06:55:00
75,61.11,19.68,27.68,38.52,51.75,normal,0,2024-02-17 07:34:00
24,65.25,20.08,42.52,28.95,76.12,normal,0,2024-12-09 03:34:00
36,71.13,16.18,46.17,27.61,69.89,normal,0,2024-06-19 03:34:00
23,78.05,13.88,21.75,33.72,33.2,normal,0,2024-10-19 10:11:00
51,93.07,6.48,42.86,28.19,50.65,normal,0,2024-03-05 18:34:00
96,79.87,19.58,51.38,40.07,50.55,normal,0,2024-09-26 15:03:00
75,75.56,12.55,27.13,31.91,57.84,normal,0,2024-10-04 21:57:00
99,72.81,9.8,42.41,33.34,56.51,normal,0,2024-09-19 06:42:00
81,83.1,17.6,53.67,41.02,58.18,normal,0,2024-12-13 03:30:00
10,72.92,20.02,37.92,34.57,50.26,normal,0,2024-08-23 19:22:00
92,66.43,18.88,45.49,34.06,53.51,normal,0,2024-06-26 14:25:00
41,90.05,14.99,23.91,29.57,52.44,normal,0,2024-01-11 19:10:00
88,71.99,8.72,20.9,32.1,45.01,normal,0,2024-08-25 22:13:00
84,81.96,11.79,18.37,30.5,25.02,normal,0,2024-10-20 03:45:00
100,-24.33,-98.01,-46.71,-2.08,-18.05,sensor_error,0,2024-02-08 07:19:00
81,79.13,19.74,31.63,36.21,72.69,normal,0,2024-03-26 08:31:00
80,71.8,15.29,30.86,36.86,61.94,normal,0,2024-05-28 05:05:00
98,83.43,16.75,42.47,38.19,69.8,normal,0,2024-09-18 00:16:00
9,73.5,18.24,25.93,29.9,43.12,normal,0,2024-07-02 13:52:00
56,69.14,18.84,29.06,42.76,30.52,normal,0,2024-06-02 04:37:00
57,65.21,14.43,39.21,32.26,57.55,normal,0,2024-02-14 23:04:00
93,85.68,8.7,36.31,30.4,36.64,normal,0,2024-03-23 06:41:00
6,70.24,9.71,38.37,36.46,54.45,normal,0,2024-08-04 09:17:00
36,64.85,16.87,49.69,31.01,78.77,normal,0,2024-09-29 16:50:00
59,69.71,19.77,24.55,30.37,37.67,normal,0,2024-03-31 18:39:00
96,79.03,17.71,35.51,25.19,62.19,normal,0,2024-07-12 16:37:00
10,72.49,12.68,27.79,34.65,72.57,normal,0,2024-10-29 19:32:00
33,69.79,11.3,29.1,35.87,68.59,normal,0,2024-12-12 03:28:00
35,74.85,17.14,30.02,29.51,44.2,normal,0,2024-08-26 01:09:00
2,70.84,14.31,51.83,40.6,65.25,normal,0,2024-08-29 05:51:00
76,75.4,13.27,35.99,36.19,40.48,normal,0,2024-01-06 11:08:00
11,67.86,13.02,21.37,39.38,67.05,normal,0,2024-02-23 01:21:00
67,74.91,10.84,34.19,41.13,47.34,normal,0,2024-08-29 05:02:00
87,85.22,15.38,40.29,45.87,13.39,normal,0,2024-01-18 22:36:00
1,80.83,13.99,44.47,35.5,60.28,normal,0,2024-07-28 03:05:00
20,68.86,13.51,33.69,33.8,56.08,normal,0,2024-10-06 21:04:00
8,78.07,16.29,37.99,29.31,19.62,normal,0,2024-11-29 22:19:00
1,61.87,10.04,24.64,37.32,49.21,normal,0,2024-05-21 09:31:00
21,78.82,9.88,25.26,37.59,67.8,normal,0,2024-01-24 09:06:00
21,75.62,14.16,22.62,32.67,44.54,normal,0,2024-02-09 15:12:00
100,68.75,22.44,26.09,32.62,52.53,normal,0,2024-05-08 16:47:00
49,64.33,6.48,34.53,36.43,50.04,normal,0,2024-02-04 18:10:00
67,68.02,9.69,32.97,41.8,58.38,normal,0,2024-08-13 07:52:00
13,364.52,271.62,359.57,-23.99,-43.95,sensor_error,0,2024-10-30 15:56:00
29,71.24,13.94,24.24,30.18,43.32,normal,0,2024-03-30 19:09:00
47,72.53,16.56,36.47,36.76,61.39,normal,0,2024-12-04 00:06:00
62,62.02,9.56,30.5,28.91,85.59,normal,0,2024-05-10 09:27:00
17,79.81,7.15,35.67,25.71,46.31,normal,0,2024-07-20 21:53:00
92,78.53,15.0,18.59,40.21,58.09,normal,0,2024-12-04 04:34:00
90,71.28,12.07,47.62,33.81,68.65,normal,0,2024-03-22 04:51:00
81,92.2,20.9,33.6,43.43,53.41,normal,0,2024-12-05 22:23:00
11,83.32,13.74,31.95,38.74,56.0,normal,0,2024-04-07 06:16:00
1,73.0,15.41,31.59,36.92,89.88,normal,0,2024-03-07 04:52:00
69,71.15,14.85,40.17,31.15,44.98,normal,0,2024-06-30 10:27:00
72,86.54,15.04,47.8,41.7,42.2,normal,0,2024-09-21 04:15:00
26,73.27,17.08,22.19,29.1,57.77,normal,0,2024-12-08 00:25:00
83,83.42,18.53,50.63,28.34,53.84,normal,0,2024-03-26 15:23:00
75,67.45,17.76,21.33,29.55,29.91,normal,0,2024-04-21 13:45:00
10,77.92,10.63,17.33,37.36,57.83,normal,0,2024-07-07 16:57:00
25,94.06,18.39,45.03,28.68,65.34,normal,0,2024-08-18 09:43:00
89,90.27,14.42,41.89,37.56,41.27,normal,0,2024-06-14 21:58:00
52,69.9,25.89,31.99,33.3,37.87,normal,0,2024-09-17 22:11:00
99,89.6,22.97,41.21,41.85,70.79,normal,0,2024-01-04 11:25:00
26,77.79,12.11,36.45,23.62,79.36,normal,0,2024-08-20 02:36:00
26,75.87,16.76,38.17,37.31,43.31,normal,0,2024-02-12 07:29:00
9,87.7,8.4,30.61,48.73,73.0,normal,0,2024-05-13 05:20:00
39,87.6,12.71,35.05,43.73,53.02,normal,0,2024-05-01 11:34:00
7,85.75,12.77,25.64,34.3,25.84,normal,0,2024-10-08 22:14:00
42,76.48,16.03,22.16,31.32,42.87,normal,0,2024-11-12 23:48:00
92,66.54,12.7,39.31,44.25,55.67,normal,0,2024-09-08 05:02:00
80,89.94,17.07,26.39,36.44,71.97,normal,0,2024-10-23 22:34:00
37,92.29,16.61,9.53,33.32,40.27,normal,0,2024-01-14 08:10:00
68,84.74,6.94,33.82,33.54,26.96,normal,0,2024-12-28 18:00:00
63,74.32,18.62,38.59,26.19,45.79,normal,0,2024-11-16 03:08:00
14,85.29,14.72,42.59,24.44,47.67,normal,0,2024-05-05 14:03:00
51,112.99,33.76,28.72,45.83,71.1,real_anomaly,1,2024-11-08 07:25:00
30,66.22,17.96,29.56,33.23,44.03,normal,0,2024-04-16 05:31:00
8,77.58,9.56,23.37,37.33,48.43,normal,0,2024-01-16 12:38:00
28,77.64,17.94,55.32,36.35,43.23,normal,0,2024-12-18 17:49:00
80,59.52,16.43,45.7,32.93,51.39,normal,0,2024-11-15 00:23:00
24,80.35,16.51,42.9,29.82,43.52,normal,0,2024-08-05 10:28:00
98,78.12,21.92,36.76,37.98,45.63,normal,0,2024-12-08 21:30:00
80,82.24,13.83,47.13,41.04,38.58,normal,0,2024-09-26 16:26:00
63,77.32,15.85,70.0,31.87,63.44,normal,0,2024-10-26 09:17:00
68,82.53,18.29,48.29,38.29,52.27,normal,0,2024-01-12 09:07:00
12,96.69,12.63,45.2,42.32,41.81,normal,0,2024-03-23 17:25:00
10,71.46,14.78,36.97,31.48,35.68,normal,0,2024-05-18 15:16:00
73,78.58,12.73,12.25,29.82,41.08,normal,0,2024-12-16 11:16:00
8,77.41,17.5,29.95,28.15,49.62,normal,0,2024-04-21 04:12:00
83,73.91,12.17,45.44,36.61,59.89,normal,0,2024-07-12 00:36:00
22,80.58,12.67,38.0,28.81,73.19,normal,0,2024-03-23 22:48:00
85,75.86,16.49,11.64,28.74,31.25,normal,0,2024-12-16 02:44:00
37,81.84,16.55,37.62,30.97,39.71,normal,0,2024-08-10 22:41:00
67,81.12,16.2,46.34,33.39,80.77,normal,0,2024-11-21 20:57:00
2,82.11,18.27,42.75,38.06,45.52,normal,0,2024-07-29 08:22:00
50,75.6,18.49,40.06,32.36,89.63,normal,0,2024-11-13 20:00:00
3,72.29,11.27,32.26,26.31,34.88,normal,0,2024-01-08 06:50:00
71,94.76,13.11,23.69,28.03,56.17,normal,0,2024-06-17 15:44:00
30,81.67,19.39,24.8,41.34,59.67,normal,0,2024-12-10 19:12:00
8,77.86,15.16,29.28,29.15,51.54,normal,0,2024-09-03 23:34:00
55,66.85,13.2,64.98,36.13,71.41,normal,0,2024-10-31 07:29:00
55,62.69,17.4,54.27,40.06,37.05,normal,0,2024-09-17 10:46:00
48,83.89,22.79,22.39,40.47,72.12,normal,0,2024-07-16 13:07:00
74,64.48,15.77,41.49,28.21,41.05,normal,0,2024-05-29 04:43:00
38,76.64,17.66,27.89,40.54,40.95,normal,0,2024-09-25 07:56:00
4,78.33,12.67,26.77,29.59,51.9,normal,0,2024-04-02 21:40:00
85,78.28,18.36,45.75,40.53,50.7,normal,0,2024-08-27 08:43:00
41,74.83,13.0,47.17,29.39,24.27,normal,0,2024-09-03 23:49:00
84,85.95,17.92,11.55,24.94,38.73,normal,0,2024-01-27 22:55:00
68,83.5,17.83,35.53,39.87,44.96,normal,0,2024-04-24 09:54:00
39,75.42,13.19,36.44,45.84,82.49,normal,0,2024-08-09 21:21:00
80,78.35,13.6,56.18,30.8,62.07,normal,0,2024-02-22 05:23:00
65,73.63,8.83,33.5,38.72,27.23,normal,0,2024-02-14 22:22:00
32,85.29,10.74,53.56,40.34,36.67,normal,0,2024-09-24 19:43:00
76,78.25,12.83,27.95,26.04,69.84,normal,0,2024-04-02 08:25:00
95,76.24,19.38,24.4,31.73,73.65,normal,0,2024-09-08 19:23:00
6,84.07,8.9,35.13,30.47,44.89,normal,0,2024-07-04 10:23:00
61,75.94,13.93,30.23,37.02,37.77,normal,0,2024-04-02 05:30:00
33,69.97,8.25,26.48,34.66,62.04,normal,0,2024-01-23 19:53:00
7,84.25,16.26,44.31,29.67,18.54,normal,0,2024-02-07 16:07:00
11,78.74,11.81,55.34,41.1,70.89,normal,0,2024-11-29 05:26:00
48,84.61,13.96,38.56,33.98,35.09,normal,0,2024-04-16 03:48:00
74,87.99,15.61,34.11,37.98,55.13,normal,0,2024-11-28 02:15:00
22,75.6,10.51,45.78,36.31,51.86,normal,0,2024-09-22 01:34:00
61,75.74,17.45,13.79,39.96,63.91,normal,0,2024-09-29 15:15:00
9,67.87,15.98,29.07,24.3,48.66,normal,0,2024-01-27 18:46:00
22,90.29,15.02,54.04,28.3,38.19,normal,0,2024-08-25 20:51:00
20,77.32,14.94,36.18,31.28,37.98,normal,0,2024-01-26 05:02:00
15,71.13,14.99,37.67,42.41,64.18,normal,0,2024-05-16 15:31:00
72,76.11,15.3,25.24,42.6,39.53,normal,0,2024-03-02 13:38:00
42,74.92,12.14,19.47,26.75,49.51,normal,0,2024-01-20 18:36:00
8,61.39,13.98,7.61,32.16,56.35,normal,0,2024-02-19 07:18:00
62,81.74,14.74,39.81,27.85,44.3,normal,0,2024-11-05 09:49:00
23,96.71,8.94,27.58,27.29,37.16,normal,0,2024-01-04 10:43:00
93,84.94,13.31,41.68,38.66,44.47,normal,0,2024-05-06 01:04:00
88,73.33,14.25,38.5,43.76,51.58,normal,0,2024-08-22 08:58:00
98,74.84,15.19,35.36,41.51,28.22,normal,0,2024-07-21 09:28:00
76,72.38,13.77,30.86,32.71,72.01,normal,0,2024-09-10 23:22:00
64,79.45,11.52,47.4,31.13,81.26,normal,0,2024-04-11 09:02:00
81,61.87,11.31,41.47,30.32,45.15,normal,0,2024-04-04 04:11:00
88,72.29,21.25,42.03,40.7,50.0,normal,0,2024-08-01 23:56:00
100,84.85,14.05,37.95,34.01,60.88,normal,0,2024-04-05 21:35:00
68,71.2,10.45,24.09,39.34,44.97,normal,0,2024-06-15 04:51:00
28,76.84,15.64,39.82,33.73,55.81,normal,0,2024-03-20 18:48:00
33,72.11,10.77,38.96,38.98,56.98,normal,0,2024-05-02 21:51:00
86,76.62,12.72,39.8,41.7,58.33,normal,0,2024-11-06 04:15:00
37,73.37,8.13,35.1,37.58,49.09,normal,0,2024-01-08 13:50:00
38,77.62,12.29,40.11,32.09,58.87,normal,0,2024-04-01 05:15:00
87,81.66,13.65,36.01,31.07,67.22,normal,0,2024-07-05 17:05:00
40,81.08,9.82,36.28,43.1,27.81,normal,0,2024-01-19 03:55:00
30,68.09,12.74,33.57,24.62,33.3,normal,0,2024-11-16 20:25:00
36,68.88,14.74,43.12,34.36,25.72,normal,0,2024-07-22 20:03:00
39,76.27,16.5,56.42,41.36,16.52,normal,0,2024-11-14 21:45:00
58,88.67,16.64,47.35,34.18,42.84,normal,0,2024-03-26 17:20:00
5,75.4,15.99,37.38,37.11,55.94,normal,0,2024-10-17 15:28:00
4,84.24,18.32,44.18,39.71,83.23,normal,0,2024-12-27 20:06:00
35,74.87,21.14,44.47,30.73,57.26,normal,0,2024-04-20 17:53:00
85,87.42,13.48,20.52,40.04,34.14,normal,0,2024-05-31 16:05:00
28,76.87,15.11,28.31,40.81,43.71,normal,0,2024-11-12 15:26:00
66,73.44,18.94,60.86,38.19,55.05,normal,0,2024-11-11 12:44:00
34,65.69,15.79,43.97,33.82,56.49,normal,0,2024-08-19 07:14:00
82,82.09,15.87,30.43,37.4,67.3,normal,0,2024-01-22 19:09:00
73,77.36,13.58,54.3,32.64,59.25,normal,0,2024-06-12 05:49:00
24,-37.22,204.65,-22.58,-30.61,236.9,sensor_error,0,2024-12-11 19:08:00
61,82.41,18.06,37.05,31.57,60.77,normal,0,2024-01-04 15:00:00
86,77.46,19.78,49.07,41.27,55.53,normal,0,2024-09-05 15:19:00
48,79.05,18.97,31.76,33.72,57.89,normal,0,2024-05-10 09:10:00
21,77.27,14.88,44.8,39.75,83.93,normal,0,2024-11-22 05:14:00
3,65.0,9.25,43.94,39.5,56.0,normal,0,2024-09-14 13:29:00
63,61.2,17.18,45.75,35.4,64.05,normal,0,2024-07-02 18:18:00
21,66.94,14.16,46.97,33.84,45.44,normal,0,2024-02-23 03:53:00
92,67.6,13.33,36.96,37.87,38.01,normal,0,2024-10-29 17:04:00
28,71.26,15.91,26.75,21.56,39.69,normal,0,2024-08-21 09:00:00
12,83.92,21.36,34.99,34.99,65.29,normal,0,2024-01-24 06:31:00
9,73.22,26.8,35.43,32.56,49.6,normal,0,2024-07-13 19:05:00
100,86.51,14.16,38.09,33.39,68.39,normal,0,2024-10-24 05:24:00
22,79.29,22.73,35.53,29.03,60.96,normal,0,2024-06-15 22:08:00
94,71.81,9.15,32.55,25.87,55.1,normal,0,2024-10-25 07:33:00
8,77.67,17.08,33.09,28.16,55.53,normal,0,2024-10-30 13:03:00
42,75.32,15.62,40.02,34.29,44.17,normal,0,2024-01-29 09:55:00
34,86.3,15.76,46.72,31.0,48.37,normal,0,2024-06-17 21:49:00
78,75.57,17.84,38.5,34.02,69.21,normal,0,2024-11-24 03:16:00
50,85.46,18.05,40.03,44.56,35.49,normal,0,2024-08-23 12:49:00
15,60.41,12.98,13.28,34.69,43.87,normal,0,2024-11-02 19:38:00
68,72.73,15.73,33.13,37.87,49.36,normal,0,2024-01-09 12:26:00
26,78.92,15.1,22.79,44.1,32.15,normal,0,2024-06-12 16:49:00
100,76.79,9.25,28.47,32.87,39.65,normal,0,2024-01-02 20:05:00
97,60.28,10.51,27.94,36.25,87.85,normal,0,2024-07-16 23:00:00
86,84.75,12.0,30.24,31.32,63.79,normal,0,2024-10-15 05:13:00
17,74.11,12.67,58.61,32.28,41.32,normal,0,2024-04-07 11:47:00
56,76.37,8.13,32.59,26.29,54.11,normal,0,2024-07-18 08:39:00
23,69.6,13.39,25.65,31.31,67.53,normal,0,2024-09-18 03:50:00
54,69.86,14.83,40.95,38.59,51.15,normal,0,2024-05-29 10:15:00
17,-999.0,476.9,314.31,-23.25,-15.82,sensor_error,0,2024-10-01 21:35:00
2,91.01,10.98,45.91,31.72,36.19,normal,0,2024-01-16 00:53:00
36,71.56,19.02,65.31,36.38,59.78,normal,0,2024-09-02 01:03:00
63,87.27,18.67,30.57,27.1,40.24,normal,0,2024-05-06 11:59:00
36,75.61,12.33,48.8,40.98,34.56,normal,0,2024-09-08 23:38:00
83,85.0,16.76,19.74,40.33,79.54,normal,0,2024-05-16 06:40:00
87,84.76,13.2,33.61,32.82,41.65,normal,0,2024-12-06 01:36:00
56,77.07,12.25,35.7,38.92,52.73,normal,0,2024-03-10 00:54:00
54,77.63,17.3,28.16,39.35,69.92,normal,0,2024-06-27 22:26:00
15,76.51,17.78,31.58,39.39,66.2,normal,0,2024-08-27 22:36:00
41,91.26,22.23,38.9,35.73,64.51,normal,0,2024-05-20 15:35:00
99,63.7,12.57,11.8,40.36,42.94,normal,0,2024-01-06 23:13:00
85,80.9,19.36,36.82,34.78,59.47,normal,0,2024-12-06 04:53:00
23,76.55,13.86,52.39,28.62,58.53,normal,0,2024-11-13 17:25:00
56,79.54,17.32,52.34,43.39,59.57,normal,0,2024-06-18 04:35:00
25,76.98,7.88,38.23,26.5,38.79,normal,0,2024-12-06 00:17:00
87,80.18,12.02,30.25,33.25,44.86,normal,0,2024-06-28 16:58:00
46,62.26,8.27,32.94,32.14,69.91,normal,0,2024-12-11 18:30:00
86,80.83,20.32,24.28,29.93,72.13,normal,0,2024-01-06 11:54:00
25,99.53,19.57,29.82,37.24,56.84,normal,0,2024-08-26 17:10:00
38,74.72,18.12,39.83,44.46,44.52,normal,0,2024-04-11 03:09:00
75,65.86,13.44,28.63,38.8,56.34,normal,0,2024-09-21 10:56:00
83,82.5,12.33,16.45,31.05,49.58,normal,0,2024-10-31 05:39:00
18,76.24,21.2,18.48,28.57,46.74,normal,0,2024-05-23 01:49:00
45,86.79,15.28,40.44,33.02,45.0,normal,0,2024-06-26 19:01:00
57,77.17,14.29,31.84,29.25,53.94,normal,0,2024-07-28 04:54:00
98,70.96,11.26,21.47,34.92,47.25,normal,0,2024-01-18 11:39:00
53,63.78,13.93,29.47,35.13,53.06,normal,0,2024-05-25 03:53:00
23,69.95,10.69,3.67,41.88,60.56,normal,0,2024-02-02 13:36:00
27,89.31,7.97,41.99,37.66,54.0,normal,0,2024-03-02 08:25:00
34,81.68,9.72,23.71,41.52,44.75,normal,0,2024-11-28 11:09:00
16,86.13,17.17,50.86,35.12,57.17,normal,0,2024-06-15 02:35:00
18,69.36,15.13,37.47,30.6,57.49,normal,0,2024-09-22 01:28:00
62,78.4,11.37,34.94,32.13,43.15,normal,0,2024-09-17 15:29:00
76,91.75,15.67,23.59,34.76,71.29,normal,0,2024-03-18 19:24:00
33,68.83,20.08,25.85,34.21,50.42,normal,0,2024-06-20 04:47:00
100,72.39,15.95,41.39,35.01,31.39,normal,0,2024-07-01 21:35:00
79,73.45,13.43,31.85,32.77,53.62,normal,0,2024-08-17 02:10:00
9,78.46,12.0,49.72,34.08,25.08,normal,0,2024-06-30 02:33:00
51,70.28,7.92,42.52,38.91,54.47,normal,0,2024-03-19 16:53:00
99,72.54,12.05,35.02,46.46,40.64,normal,0,2024-06-21 01:06:00
41,79.25,7.38,28.92,23.87,44.61,normal,0,2024-08-22 13:34:00
25,64.33,18.4,38.83,38.73,37.97,normal,0,2024-01-08 15:20:00
45,74.97,16.56,28.61,31.48,38.89,normal,0,2024-03-21 10:58:00
95,83.75,20.33,26.17,29.49,55.62,normal,0,2024-10-12 07:42:00
70,58.29,13.62,13.71,34.66,67.3,normal,0,2024-12-26 03:46:00
10,84.39,15.35,43.38,39.03,51.61,normal,0,2024-05-24 07:24:00
15,70.5,19.1,10.44,39.04,64.12,normal,0,2024-11-03 19:47:00
28,82.0,15.25,12.36,33.89,40.68,normal,0,2024-04-24 21:55:00
88,85.56,18.42,40.65,36.02,43.01,normal,0,2024-04-04 10:13:00
50,60.17,14.61,53.82,27.55,27.12,normal,0,2024-08-18 22:51:00
33,70.91,11.27,32.25,40.2,58.12,normal,0,2024-12-11 11:48:00
33,77.41,12.91,53.35,37.75,46.4,normal,0,2024-08-09 21:25:00
28,89.84,15.26,53.99,45.76,59.98,normal,0,2024-05-30 08:53:00
92,83.52,9.26,30.52,43.26,38.23,normal,0,2024-04-09 06:29:00
77,69.84,13.95,34.49,31.16,42.55,normal,0,2024-06-30 12:12:00
71,77.69,12.6,25.18,36.7,31.19,normal,0,2024-04-13 16:44:00
93,66.57,14.52,31.73,37.45,41.72,normal,0,2024-04-11 07:42:00
73,81.24,17.6,21.95,32.34,53.81,normal,0,2024-05-06 23:37:00
40,72.56,10.6,33.27,35.86,42.99,normal,0,2024-10-01 14:20:00
67,63.41,10.19,38.04,42.91,71.13,normal,0,2024-12-06 21:20:00
84,85.96,17.14,18.26,41.73,37.02,normal,0,2024-04-26 01:56:00
42,91.04,19.03,49.12,40.25,53.06,normal,0,2024-09-29 10:09:00
86,72.33,18.29,46.47,31.59,38.18,normal,0,2024-04-12 09:37:00
15,87.31,8.95,43.96,23.46,75.08,normal,0,2024-12-30 23:13:00
50,70.38,15.32,20.21,29.31,56.46,normal,0,2024-02-25 14:49:00
61,65.68,16.81,40.52,35.13,44.58,normal,0,2024-10-12 20:00:00
97,86.26,11.38,11.21,42.49,41.2,normal,0,2024-04-18 21:05:00
83,70.57,18.07,42.44,30.58,43.55,normal,0,2024-10-02 15:52:00
54,81.68,17.29,50.36,32.01,62.57,normal,0,2024-10-30 11:58:00
83,83.0,10.58,41.5,29.22,49.06,normal,0,2024-12-27 09:03:00
14,83.11,11.63,28.82,39.63,64.87,normal,0,2024-04-09 17:17:00
55,66.78,12.13,22.25,36.92,33.76,normal,0,2024-11-05 16:46:00
33,93.08,17.73,40.47,39.25,25.01,normal,0,2024-04-05 17:55:00
24,63.66,15.0,37.16,33.29,54.22,normal,0,2024-07-13 11:02:00
79,58.39,19.79,40.7,44.22,33.78,normal,0,2024-09-01 10:12:00
65,72.74,19.01,43.34,41.31,67.45,normal,0,2024-11-19 10:25:00
94,78.63,12.38,20.88,38.67,56.8,normal,0,2024-03-02 14:25:00
39,78.62,13.12,50.66,47.36,44.48,normal,0,2024-05-27 18:33:00
39,74.67,9.38,33.93,39.61,36.64,normal,0,2024-01-12 01:26:00
76,69.16,17.93,24.02,33.98,74.29,normal,0,2024-06-05 18:45:00
78,83.77,26.55,17.37,38.79,58.58,normal,0,2024-12-15 12:48:00
22,79.96,14.9,25.42,37.42,50.89,normal,0,2024-08-19 01:17:00
19,75.92,17.48,50.46,41.67,71.19,normal,0,2024-04-03 17:26:00
89,72.86,20.89,48.38,40.73,65.66,normal,0,2024-02-15 21:27:00
78,67.14,17.99,16.24,38.81,32.43,normal,0,2024-10-06 21:13:00
3,86.4,17.0,30.82,32.06,26.23,normal,0,2024-04-11 01:00:00
70,86.13,11.67,42.33,39.2,42.92,normal,0,2024-01-30 23:02:00
23,71.4,13.43,28.68,36.71,65.83,normal,0,2024-09-17 00:58:00
98,84.26,14.21,37.28,33.68,47.56,normal,0,2024-03-29 02:14:00
53,69.78,14.67,9.86,38.05,29.12,normal,0,2024-11-29 15:47:00
81,80.57,13.27,43.78,30.02,54.94,normal,0,2024-08-30 18:56:00
62,76.12,12.22,28.64,32.02,60.81,normal,0,2024-06-19 20:59:00
32,74.41,12.39,18.67,35.59,43.9,normal,0,2024-11-24 15:25:00
80,75.2,11.89,32.76,39.01,63.82,normal,0,2024-01-16 12:58:00
95,81.99,9.28,33.86,31.47,30.9,normal,0,2024-02-26 17:56:00
26,61.74,14.07,22.62,33.91,40.1,normal,0,2024-02-29 12:37:00
13,80.03,10.81,39.29,30.71,59.09,normal,0,2024-01-28 00:41:00
91,79.59,17.26,26.1,32.27,55.61,normal,0,2024-04-28 02:58:00
54,78.48,18.4,22.8,36.45,41.07,normal,0,2024-02-12 20:41:00
11,84.94,22.01,25.93,38.99,41.82,normal,0,2024-06-28 06:20:00
8,75.51,12.49,26.7,30.53,27.9,normal,0,2024-03-13 22:38:00
82,81.62,19.69,54.27,38.01,60.87,normal,0,2024-11-03 02:59:00
59,85.8,10.06,18.71,34.27,42.9,normal,0,2024-08-27 04:50:00
83,78.1,16.31,40.08,28.45,22.97,normal,0,2024-06-05 19:55:00
10,71.12,18.07,36.94,35.01,29.53,normal,0,2024-08-16 14:05:00
69,74.81,15.99,36.73,39.34,47.23,normal,0,2024-01-01 13:47:00
66,83.4,9.31,51.15,36.65,49.32,normal,0,2024-02-18 07:43:00
12,73.6,16.37,32.91,39.38,51.4,normal,0,2024-11-06 03:03:00
32,75.17,14.1,54.1,24.62,29.53,normal,0,2024-10-22 11:34:00
31,82.33,15.39,50.19,31.79,27.68,normal,0,2024-05-08 12:29:00
86,80.72,20.79,23.65,42.33,47.47,normal,0,2024-05-26 21:50:00
47,81.76,11.09,51.97,43.87,32.27,normal,0,2024-09-19 14:25:00
13,85.57,16.74,39.87,40.73,63.45,normal,0,2024-11-04 08:08:00
5,64.72,13.62,32.15,38.07,55.87,normal,0,2024-07-06 12:02:00
27,84.12,8.55,54.11,31.66,74.43,normal,0,2024-05-14 23:55:00
82,-999.0,-79.22,-38.37,-5.11,-27.95,sensor_error,0,2024-07-07 09:23:00
17,88.25,13.52,27.27,35.43,53.0,normal,0,2024-09-08 09:45:00
69,63.78,13.21,41.36,34.0,38.86,normal,0,2024-01-14 17:20:00
92,63.97,15.55,39.78,32.98,32.01,normal,0,2024-12-13 00:46:00
25,72.74,15.08,15.59,29.54,70.04,normal,0,2024-04-09 07:01:00
44,86.46,10.43,37.69,32.71,70.04,normal,0,2024-06-14 20:25:00
93,97.69,19.23,34.86,37.41,20.86,normal,0,2024-05-14 05:00:00
71,64.29,16.53,36.63,29.57,66.39,normal,0,2024-06-30 17:24:00
60,76.11,21.28,34.5,43.12,51.64,normal,0,2024-08-05 05:34:00
3,105.73,35.84,31.9,56.67,78.91,real_anomaly,1,2024-08-16 10:49:00
79,88.74,8.53,46.42,36.94,68.53,normal,0,2024-09-15 15:03:00
76,78.42,18.6,0.0,39.22,43.3,normal,0,2024-09-04 18:00:00
33,70.88,12.09,30.75,40.25,58.7,normal,0,2024-12-03 21:19:00
68,84.62,7.67,32.1,32.42,46.55,normal,0,2024-09-20 14:43:00
30,84.16,23.83,46.12,42.93,77.75,normal,0,2024-10-19 08:09:00
49,73.6,12.06,19.24,36.9,39.35,normal,0,2024-05-13 10:56:00
39,86.43,5.16,33.67,26.93,66.13,normal,0,2024-10-22 10:08:00
40,78.0,13.56,44.13,31.44,44.99,normal,0,2024-06-22 14:19:00
86,89.01,22.36,51.41,39.98,46.89,normal,0,2024-11-07 09:25:00
92,79.63,7.38,38.88,36.51,10.0,normal,0,2024-09-28 20:01:00
48,77.3,18.26,22.88,39.57,31.99,normal,0,2024-04-07 22:08:00
59,73.26,13.74,26.39,31.86,51.3,normal,0,2024-02-07 04:59:00
81,80.19,6.67,28.67,31.69,58.17,normal,0,2024-05-31 11:32:00
69,111.48,48.42,46.04,67.11,41.87,real_anomaly,1,2024-12-19 19:29:00
68,78.04,11.63,27.52,28.92,32.45,normal,0,2024-04-12 05:21:00
56,70.16,16.26,22.41,28.54,82.15,normal,0,2024-09-18 22:45:00
4,77.74,13.19,29.05,33.11,65.68,normal,0,2024-05-22 19:11:00
51,77.71,16.31,56.53,34.91,63.23,normal,0,2024-03-31 04:41:00
29,76.05,16.21,24.63,35.97,64.93,normal,0,2024-10-18 01:36:00
94,85.27,24.26,24.64,33.56,58.99,normal,0,2024-11-29 23:43:00
68,82.44,18.14,37.82,34.74,53.79,normal,0,2024-01-12 02:10:00
62,63.99,16.18,47.77,31.27,58.07,normal,0,2024-11-08 14:29:00
8,81.8,21.0,36.03,35.72,57.65,normal,0,2024-04-26 16:50:00
3,80.17,12.04,31.91,40.4,39.05,normal,0,2024-07-10 01:27:00
72,85.9,9.3,27.82,40.2,49.81,normal,0,2024-08-28 04:04:00
25,76.35,14.8,41.92,36.72,46.58,normal,0,2024-04-07 10:11:00
39,68.46,12.1,47.79,47.48,63.84,normal,0,2024-10-24 17:46:00
86,99.16,46.03,38.43,57.23,44.86,real_anomaly,1,2024-09-16 20:34:00
9,80.03,17.99,52.62,39.12,65.07,normal,0,2024-07-31 06:08:00
83,80.69,13.2,33.99,36.82,90.56,normal,0,2024-09-08 09:33:00
48,88.11,19.94,43.02,37.94,40.13,normal,0,2024-11-20 07:37:00
60,82.76,12.3,34.21,37.56,41.44,normal,0,2024-09-30 12:14:00
22,69.79,19.8,35.71,38.81,51.12,normal,0,2024-01-16 00:39:00
97,-999.0,-23.37,-19.71,-13.13,218.54,sensor_error,0,2024-04-02 05:07:00
16,69.18,19.07,38.75,41.92,43.18,normal,0,2024-07-04 02:58:00
69,70.65,14.88,24.72,34.41,51.07,normal,0,2024-07-29 13:13:00
91,80.73,16.96,50.29,36.56,46.05,normal,0,2024-04-11 23:28:00
7,78.64,21.05,36.66,30.44,79.45,normal,0,2024-12-17 23:57:00
43,75.62,18.78,35.23,35.07,57.96,normal,0,2024-09-16 20:32:00
30,84.04,17.83,38.28,33.51,45.87,normal,0,2024-03-25 05:16:00
83,74.12,10.7,35.31,34.98,52.76,normal,0,2024-02-11 21:02:00
22,81.31,14.95,31.55,34.57,56.35,normal,0,2024-05-02 16:37:00
25,86.82,20.42,53.63,43.49,62.44,normal,0,2024-07-12 19:31:00
80,69.27,21.69,21.29,32.7,71.24,normal,0,2024-02-05 04:04:00
77,75.08,7.53,39.33,32.45,33.46,normal,0,2024-01-30 22:40:00
20,76.85,10.58,43.75,42.71,35.41,normal,0,2024-04-08 05:02:00
48,84.72,14.7,31.75,39.78,57.49,normal,0,2024-12-15 12:39:00
32,87.51,14.16,15.64,41.21,63.18,normal,0,2024-09-04 01:07:00
1,72.23,18.52,43.23,36.74,62.15,normal,0,2024-06-02 17:29:00
96,93.65,8.19,51.83,36.18,44.35,normal,0,2024-04-09 08:06:00
9,85.0,12.7,27.28,35.88,38.34,normal,0,2024-05-30 15:24:00
47,77.71,18.7,32.29,33.55,42.11,normal,0,2024-08-15 14:45:00
84,73.16,22.28,34.73,37.0,64.35,normal,0,2024-03-16 07:12:00
90,85.52,19.58,22.46,40.05,55.82,normal,0,2024-03-25 19:31:00
86,78.06,16.58,34.53,39.82,75.9,normal,0,2024-06-11 16:52:00
55,72.35,19.64,33.02,32.57,59.48,normal,0,2024-05-03 18:06:00
39,81.05,19.79,27.04,36.5,41.73,normal,0,2024-08-04 16:00:00
95,73.04,10.83,43.4,32.59,29.53,normal,0,2024-12-19 02:19:00
25,71.84,7.13,30.56,38.74,16.15,normal,0,2024-09-18 16:06:00
96,73.73,11.52,48.75,22.25,51.69,normal,0,2024-03-15 22:28:00
19,71.59,20.62,13.61,37.98,53.88,normal,0,2024-09-16 16:42:00
57,86.36,15.64,36.62,38.26,55.36,normal,0,2024-07-14 07:44:00
80,77.46,17.44,21.96,39.24,44.75,normal,0,2024-08-10 07:35:00
46,81.78,23.47,45.67,33.7,39.09,normal,0,2024-08-14 13:05:00
79,61.74,13.09,35.75,38.04,51.26,normal,0,2024-01-14 05:59:00
79,88.1,23.19,30.58,27.9,45.05,normal,0,2024-08-17 02:40:00
29,73.77,20.88,20.7,34.89,49.55,normal,0,2024-07-29 07:19:00
45,81.79,14.15,13.85,28.12,37.35,normal,0,2024-07-24 15:21:00
10,74.37,10.9,37.55,36.64,68.82,normal,0,2024-08-10 16:26:00
42,67.1,8.07,29.62,32.18,40.37,normal,0,2024-11-18 08:55:00
20,76.68,19.91,30.22,28.53,44.05,normal,0,2024-09-18 17:27:00
25,77.89,5.68,38.13,34.94,48.02,normal,0,2024-02-26 00:05:00
30,73.54,13.35,48.48,31.06,46.37,normal,0,2024-08-07 04:49:00
40,77.11,16.94,28.74,31.06,72.17,normal,0,2024-07-10 15:28:00
10,72.55,19.52,47.32,35.33,62.37,normal,0,2024-04-11 09:16:00
82,85.15,17.04,40.66,32.95,48.7,normal,0,2024-03-27 10:58:00
72,85.27,12.97,39.52,36.79,50.8,normal,0,2024-11-24 22:37:00
67,94.85,19.1,27.74,37.3,82.06,normal,0,2024-04-07 08:06:00
31,72.11,21.66,33.4,36.09,82.87,normal,0,2024-09-30 08:22:00
34,79.97,12.38,47.68,40.21,39.28,normal,0,2024-12-21 06:24:00
9,78.93,14.65,39.46,29.52,50.08,normal,0,2024-11-16 07:38:00
43,87.56,12.94,15.91,37.01,57.93,normal,0,2024-07-18 09:22:00
45,76.43,25.36,54.6,37.3,59.27,normal,0,2024-07-14 02:29:00
72,79.42,13.21,26.06,34.06,39.14,normal,0,2024-07-07 09:18:00
88,73.18,13.01,43.36,37.45,73.17,normal,0,2024-06-23 19:54:00
31,57.69,28.63,16.32,29.44,45.8,normal,0,2024-02-14 13:04:00
57,83.95,20.37,47.99,36.62,48.86,normal,0,2024-09-20 02:25:00
28,75.23,13.93,41.02,26.18,55.9,normal,0,2024-07-24 16:35:00
87,90.72,14.61,53.75,33.66,70.53,normal,0,2024-06-24 08:36:00
74,90.49,21.37,33.49,32.4,49.53,normal,0,2024-09-16 23:56:00
100,70.03,10.85,17.6,42.5,66.6,normal,0,2024-10-13 07:08:00
42,71.03,20.66,49.13,39.63,21.6,normal,0,2024-05-24 11:58:00
71,83.72,13.53,36.67,26.8,69.49,normal,0,2024-08-12 13:41:00
81,70.29,13.22,42.61,32.72,55.21,normal,0,2024-03-01 22:05:00
89,75.7,17.13,33.57,32.07,55.98,normal,0,2024-09-10 05:34:00
24,81.7,12.02,49.5,27.0,73.3,normal,0,2024-10-08 11:15:00
45,80.81,17.92,29.13,35.43,46.63,normal,0,2024-05-10 18:29:00
52,80.0,5.5,39.96,36.83,37.64,normal,0,2024-10-06 00:50:00
92,92.14,17.08,59.09,48.34,35.92,normal,0,2024-04-29 01:37:00
51,77.15,20.25,24.09,39.32,44.77,normal,0,2024-07-31 19:03:00
62,86.1,16.46,24.94,38.19,17.66,normal,0,2024-05-03 21:10:00
98,-19.08,364.06,-28.81,-41.62,-38.99,sensor_error,0,2024-06-25 02:49:00
25,94.54,15.54,32.12,29.56,64.24,normal,0,2024-01-10 04:54:00
48,76.35,15.34,30.94,33.41,46.81,normal,0,2024-02-06 09:32:00
84,83.08,14.13,30.18,35.55,19.84,normal,0,2024-11-25 20:08:00
98,96.78,11.72,31.95,34.17,54.29,normal,0,2024-03-19 13:34:00
79,75.92,12.39,32.31,33.52,69.93,normal,0,2024-04-23 00:01:00
32,76.91,13.28,24.67,29.84,46.7,normal,0,2024-09-03 05:59:00
25,79.66,15.71,25.86,30.68,51.01,normal,0,2024-05-18 04:52:00
76,258.35,-53.18,362.02,-13.89,200.04,sensor_error,0,2024-12-21 17:16:00
33,76.59,7.72,30.88,39.42,59.02,normal,0,2024-10-03 10:43:00
51,84.75,17.52,22.9,38.37,47.72,normal,0,2024-06-20 14:26:00
69,78.96,12.51,51.59,42.75,33.58,normal,0,2024-09-06 11:25:00
94,72.3,18.37,40.08,25.05,80.07,normal,0,2024-04-06 19:48:00
62,81.49,17.4,39.39,36.05,52.17,normal,0,2024-08-13 23:27:00
65,73.53,6.57,52.72,27.54,72.81,normal,0,2024-05-21 00:29:00
35,79.68,14.41,56.01,30.53,55.07,normal,0,2024-08-23 18:45:00
22,77.32,8.64,68.2,34.88,94.07,normal,0,2024-12-17 01:59:00
14,68.44,12.97,41.74,25.5,56.71,normal,0,2024-10-07 11:48:00
100,75.97,13.07,55.73,32.11,37.02,normal,0,2024-10-06 21:38:00
95,82.32,12.41,20.88,39.09,60.1,normal,0,2024-08-29 15:44:00
77,84.14,19.99,21.55,35.98,64.04,normal,0,2024-03-16 00:12:00
9,87.41,10.38,23.7,31.21,56.23,normal,0,2024-03-14 03:49:00
85,91.46,10.28,44.65,36.37,40.93,normal,0,2024-09-11 01:47:00
74,76.5,21.12,48.3,35.8,60.17,normal,0,2024-08-03 11:41:00
36,73.47,12.75,49.98,37.16,49.82,normal,0,2024-02-02 20:28:00
77,90.27,9.0,33.67,39.36,54.61,normal,0,2024-08-26 16:40:00
5,72.89,10.95,51.27,35.49,52.42,normal,0,2024-03-19 20:10:00
79,72.42,13.64,50.47,33.87,38.04,normal,0,2024-04-20 08:39:00
10,84.03,20.05,3.84,40.64,49.86,normal,0,2024-10-02 15:24:00
8,74.73,8.27,25.54,38.95,73.71,normal,0,2024-02-25 22:56:00
62,71.46,18.05,36.67,32.37,56.15,normal,0,2024-04-02 22:21:00
84,75.64,10.46,10.81,30.25,55.94,normal,0,2024-09-30 09:31:00
36,93.9,24.35,43.2,36.98,41.96,normal,0,2024-08-05 14:52:00
63,92.88,7.83,24.17,21.66,45.99,normal,0,2024-02-01 23:56:00
19,80.45,15.6,35.73,32.8,72.71,normal,0,2024-12-23 02:06:00
19,73.68,22.89,40.88,28.56,66.34,normal,0,2024-12-04 01:42:00
75,91.62,18.43,21.07,25.99,29.04,normal,0,2024-07-17 17:12:00
72,55.91,9.37,39.75,40.14,29.34,normal,0,2024-08-21 02:20:00
48,62.93,12.01,16.46,33.76,81.55,normal,0,2024-06-08 19:40:00
60,72.04,12.35,18.95,36.68,35.73,normal,0,2024-07-11 17:04:00
30,96.79,15.25,44.51,42.26,38.89,normal,0,2024-01-13 12:53:00
33,81.37,11.7,55.68,34.16,48.0,normal,0,2024-05-18 06:10:00
74,82.57,18.52,40.89,34.35,51.72,normal,0,2024-06-02 14:44:00
34,70.17,16.92,27.58,38.86,44.27,normal,0,2024-02-06 20:42:00
34,84.51,10.48,45.41,30.15,76.55,normal,0,2024-04-01 15:44:00
18,67.31,14.7,33.75,49.32,44.29,normal,0,2024-04-27 10:48:00
73,69.8,19.65,35.19,39.03,39.03,normal,0,2024-11-16 22:39:00
37,64.1,18.3,18.94,34.15,50.99,normal,0,2024-12-26 05:12:00
18,93.84,15.41,32.37,34.46,54.66,normal,0,2024-10-08 13:12:00
5,83.61,9.22,52.36,38.45,10.0,normal,0,2024-11-09 15:01:00
92,89.45,21.62,41.84,37.31,72.25,normal,0,2024-03-19 03:50:00
27,67.0,13.26,16.22,32.77,27.43,normal,0,2024-08-31 06:10:00
16,77.03,15.5,43.42,39.74,67.05,normal,0,2024-08-25 19:13:00
39,79.78,10.15,43.18,24.03,51.83,normal,0,2024-04-17 03:27:00
34,65.72,12.57,17.29,37.0,43.86,normal,0,2024-03-28 07:00:00
14,52.21,9.16,44.46,36.66,29.66,normal,0,2024-07-19 05:02:00
8,76.0,7.2,53.4,34.32,66.24,normal,0,2024-02-26 00:19:00
84,85.1,18.51,23.55,34.74,35.65,normal,0,2024-09-28 01:19:00
3,68.0,15.79,49.91,36.73,44.14,normal,0,2024-04-15 13:15:00
2,67.32,16.24,43.32,35.57,43.45,normal,0,2024-09-07 07:18:00
10,62.53,16.45,34.54,29.66,49.45,normal,0,2024-10-05 23:00:00
68,88.3,10.69,25.18,39.77,53.94,normal,0,2024-07-14 07:55:00
82,56.65,18.38,53.3,37.75,62.07,normal,0,2024-07-06 10:01:00
79,78.28,5.97,39.86,31.71,48.49,normal,0,2024-06-16 22:08:00
56,67.16,18.22,21.74,31.9,32.11,normal,0,2024-12-15 13:52:00
21,68.79,13.95,49.63,38.77,45.04,normal,0,2024-12-16 08:49:00
68,83.67,12.05,16.7,42.64,39.55,normal,0,2024-06-16 12:12:00
64,84.4,12.73,28.08,30.53,50.5,normal,0,2024-03-02 08:03:00
52,69.41,14.76,28.13,33.91,43.17,normal,0,2024-10-19 06:46:00
47,86.0,20.27,49.28,29.28,40.89,normal,0,2024-06-18 19:00:00
38,68.78,15.7,30.53,34.4,45.97,normal,0,2024-02-06 07:33:00
70,67.83,21.46,38.0,32.47,33.61,normal,0,2024-11-03 05:27:00
89,84.86,15.48,28.73,37.96,62.18,normal,0,2024-11-12 01:36:00
45,86.2,18.81,23.47,28.98,43.74,normal,0,2024-04-09 22:23:00
28,63.71,8.1,44.87,29.97,10.0,normal,0,2024-01-04 00:20:00
75,79.32,13.27,17.87,33.61,67.35,normal,0,2024-03-11 10:49:00
35,77.84,12.66,34.31,43.02,61.71,normal,0,2024-02-16 10:43:00
32,82.91,16.27,16.86,39.8,34.79,normal,0,2024-11-20 15:18:00
16,92.69,18.12,43.72,30.38,57.85,normal,0,2024-11-29 21:08:00
40,78.11,16.05,7.94,39.3,37.52,normal,0,2024-09-08 06:16:00
79,78.6,22.17,39.1,32.0,61.14,normal,0,2024-09-28 20:45:00
13,76.39,17.63,28.77,36.53,57.96,normal,0,2024-01-21 22:53:00
58,82.74,16.35,47.21,36.94,43.0,normal,0,2024-03-03 06:40:00
22,72.4,13.27,28.69,25.06,39.69,normal,0,2024-05-04 09:33:00
53,81.53,17.56,36.81,40.38,36.61,normal,0,2024-05-03 06:20:00
70,83.04,13.39,30.34,38.99,46.63,normal,0,2024-11-28 12:33:00
58,86.65,18.17,40.71,34.54,67.0,normal,0,2024-12-29 21:23:00
36,65.92,10.4,21.19,40.35,78.82,normal,0,2024-05-16 12:08:00
85,70.99,15.38,31.2,39.11,63.48,normal,0,2024-01-28 06:53:00
38,85.66,10.62,27.34,34.65,60.08,normal,0,2024-01-26 15:47:00
24,76.28,16.44,49.61,31.95,63.55,normal,0,2024-02-08 01:12:00
94,81.49,20.27,29.83,27.51,38.29,normal,0,2024-08-23 06:11:00
25,61.2,13.53,27.66,36.08,57.99,normal,0,2024-03-19 05:33:00
81,76.51,19.08,35.28,30.63,48.54,normal,0,2024-04-11 05:52:00
2,67.5,13.83,68.09,29.85,61.51,normal,0,2024-10-27 16:08:00
52,291.71,-50.95,-11.7,-30.47,-41.79,sensor_error,0,2024-06-15 13:16:00
35,82.86,17.5,38.54,34.56,58.63,normal,0,2024-03-21 21:44:00
29,75.84,15.71,33.0,35.67,28.13,normal,0,2024-06-11 16:08:00
41,-10.43,-43.44,324.61,-48.19,294.18,sensor_error,0,2024-03-28 06:05:00
8,83.33,12.09,29.22,33.41,45.11,normal,0,2024-05-10 10:34:00
17,80.52,10.29,24.54,28.54,26.01,normal,0,2024-01-12 18:12:00
52,85.0,16.11,25.69,37.85,44.04,normal,0,2024-11-23 14:04:00
36,74.95,14.6,52.29,31.2,63.12,normal,0,2024-07-02 22:10:00
63,103.43,34.91,38.33,39.88,34.72,real_anomaly,1,2024-01-11 07:28:00
9,74.16,9.85,45.9,37.99,63.06,normal,0,2024-07-12 19:53:00
17,80.02,15.32,39.58,31.37,61.12,normal,0,2024-10-16 16:55:00
93,73.77,17.22,38.37,35.28,58.76,normal,0,2024-08-12 01:49:00
89,80.32,9.08,30.63,41.07,39.56,normal,0,2024-03-08 08:22:00
29,75.25,17.38,35.0,34.61,68.42,normal,0,2024-01-27 06:28:00
54,82.59,14.6,58.58,24.97,39.56,normal,0,2024-01-08 03:58:00
20,75.47,10.84,31.48,31.07,32.91,normal,0,2024-02-25 23:46:00
2,84.16,14.56,33.38,29.24,72.73,normal,0,2024-05-25 06:28:00
50,78.69,16.39,37.4,38.35,51.17,normal,0,2024-04-09 03:13:00
53,76.85,11.98,35.58,41.21,78.55,normal,0,2024-01-26 00:05:00
98,80.46,20.89,28.45,27.3,49.13,normal,0,2024-08-08 04:18:00
39,88.51,13.4,44.95,35.68,55.65,normal,0,2024-10-25 01:31:00
8,65.02,18.3,50.18,32.66,53.33,normal,0,2024-07-02 02:40:00
8,86.67,16.07,25.68,38.66,47.48,normal,0,2024-09-17 04:09:00
85,75.43,5.29,29.34,35.03,56.75,normal,0,2024-10-12 07:54:00
51,64.37,5.48,6.16,27.56,48.99,normal,0,2024-02-29 08:33:00
88,82.93,18.73,47.31,30.05,62.45,normal,0,2024-10-29 11:06:00
11,67.53,11.16,13.15,38.4,51.96,normal,0,2024-03-06 18:35:00
78,87.27,14.75,19.74,29.33,65.72,normal,0,2024-11-24 17:40:00
26,85.12,16.21,44.17,33.0,50.01,normal,0,2024-01-19 10:07:00
62,77.78,14.12,38.33,28.54,72.8,normal,0,2024-03-03 21:01:00
91,77.73,19.98,34.85,34.74,54.07,normal,0,2024-03-27 09:04:00
19,75.22,6.13,27.58,36.8,51.54,normal,0,2024-06-12 07:20:00
22,83.53,9.44,7.34,28.72,62.93,normal,0,2024-12-02 11:14:00
9,39.38,41.11,23.27,44.72,31.98,real_anomaly,1,2024-11-26 10:00:00
39,70.8,17.96,10.69,30.17,86.25,normal,0,2024-02-27 00:06:00
67,71.86,15.68,18.79,32.3,37.12,normal,0,2024-12-06 04:29:00
50,73.8,11.92,23.08,33.76,82.27,normal,0,2024-09-26 22:31:00
77,79.15,14.4,51.25,38.11,12.46,normal,0,2024-04-11 10:29:00
38,63.5,14.48,38.23,30.6,22.26,normal,0,2024-03-12 01:40:00
22,83.46,13.0,25.1,35.56,40.13,normal,0,2024-02-29 12:34:00
39,85.04,12.55,29.0,28.54,45.39,normal,0,2024-09-17 12:36:00
21,79.31,15.89,40.94,34.69,67.09,normal,0,2024-06-10 06:48:00
35,84.24,18.02,25.48,31.15,47.82,normal,0,2024-09-04 01:23:00
39,85.2,18.91,29.26,33.62,53.87,normal,0,2024-01-16 06:13:00
13,92.85,13.21,8.17,31.43,56.73,normal,0,2024-01-27 09:07:00
14,92.28,26.16,30.39,28.38,80.92,normal,0,2024-09-08 14:39:00
63,75.13,15.93,48.03,31.98,54.51,normal,0,2024-01-10 16:40:00
31,88.18,14.04,23.76,32.26,55.78,normal,0,2024-01-22 13:24:00
26,80.8,14.66,24.48,34.0,69.55,normal,0,2024-11-25 00:40:00
41,79.38,14.87,48.59,46.18,63.5,normal,0,2024-09-26 18:48:00
32,78.23,20.96,25.78,28.16,57.09,normal,0,2024-06-23 22:08:00
25,258.86,319.21,-42.63,-46.98,188.12,sensor_error,0,2024-07-16 19:53:00
75,83.24,16.19,46.5,36.04,53.3,normal,0,2024-01-12 09:14:00
19,77.24,17.16,25.71,30.43,81.47,normal,0,2024-05-10 22:50:00
27,65.97,13.9,38.5,33.03,72.94,normal,0,2024-04-11 16:53:00
54,73.4,16.0,64.49,39.54,54.49,normal,0,2024-11-12 12:57:00
12,77.15,10.41,54.2,31.49,36.44,normal,0,2024-07-20 06:50:00
12,66.05,13.3,28.25,36.43,65.25,normal,0,2024-10-10 06:04:00
79,64.24,22.19,12.42,32.86,24.66,normal,0,2024-03-13 17:09:00
50,75.36,16.57,70.0,24.3,63.51,normal,0,2024-07-30 08:11:00
33,74.92,15.76,49.31,36.17,64.04,normal,0,2024-11-22 10:29:00
48,92.94,13.15,49.02,35.96,39.55,normal,0,2024-09-25 23:53:00
44,83.91,10.15,47.42,38.85,48.81,normal,0,2024-06-30 16:53:00
61,89.92,10.4,55.24,34.85,52.72,normal,0,2024-04-01 15:01:00
9,71.0,24.74,12.76,28.43,26.81,normal,0,2024-01-23 10:45:00
15,67.8,12.58,25.91,29.42,45.01,normal,0,2024-05-23 02:30:00
60,90.43,14.31,24.53,29.71,56.41,normal,0,2024-03-18 15:38:00
100,78.83,14.57,21.73,37.75,41.46,normal,0,2024-07-21 11:12:00
65,87.35,12.1,20.7,30.56,81.26,normal,0,2024-08-26 12:45:00
38,83.39,22.09,23.96,30.38,72.31,normal,0,2024-12-21 12:30:00
37,70.49,19.79,35.64,31.77,46.98,normal,0,2024-05-01 13:57:00
91,-45.54,463.9,-12.29,-35.48,-47.93,sensor_error,0,2024-01-13 17:38:00
21,83.76,23.7,42.25,39.6,35.71,normal,0,2024-05-03 01:00:00
31,73.92,15.53,39.41,35.09,61.79,normal,0,2024-06-22 01:27:00
16,69.02,12.98,45.87,35.68,63.49,normal,0,2024-01-04 18:08:00
45,88.71,24.67,14.41,30.48,29.34,normal,0,2024-11-17 04:02:00
20,69.16,14.85,36.36,42.08,69.4,normal,0,2024-09-12 15:09:00
23,76.18,18.19,23.3,33.39,77.96,normal,0,2024-02-02 10:46:00
27,90.42,15.97,49.98,42.43,65.42,normal,0,2024-08-23 01:43:00
36,74.66,14.53,25.92,29.53,29.67,normal,0,2024-02-20 12:29:00
99,90.28,13.93,26.1,38.31,36.96,normal,0,2024-05-21 06:28:00
59,86.18,18.32,41.12,30.17,52.41,normal,0,2024-10-24 12:02:00
28,80.02,10.73,38.93,30.45,47.91,normal,0,2024-03-10 04:47:00
49,80.14,14.85,26.68,29.59,74.65,normal,0,2024-06-26 03:54:00
49,86.42,11.19,52.91,39.65,42.95,normal,0,2024-05-02 15:45:00
11,72.15,14.56,35.27,39.06,43.0,normal,0,2024-12-24 20:15:00
16,79.65,19.15,33.87,36.32,35.29,normal,0,2024-02-23 00:47:00
39,74.23,14.77,13.24,34.85,16.52,normal,0,2024-05-25 01:11:00
68,83.44,12.79,23.61,25.06,54.27,normal,0,2024-10-15 21:34:00
93,78.1,15.36,41.31,33.87,35.88,normal,0,2024-08-02 01:29:00
65,77.17,13.25,47.11,30.28,60.59,normal,0,2024-08-06 16:54:00
23,61.8,18.58,30.16,32.98,32.55,normal,0,2024-07-02 09:21:00
27,93.83,18.24,16.29,36.36,52.65,normal,0,2024-02-12 10:46:00
78,76.8,11.81,36.26,36.43,52.4,normal,0,2024-10-27 09:43:00
92,78.13,11.61,26.22,29.54,48.81,normal,0,2024-11-21 20:51:00
10,79.14,13.05,37.32,34.49,48.54,normal,0,2024-02-27 05:14:00
1,69.02,12.87,30.35,35.65,42.7,normal,0,2024-06-06 15:47:00
61,-36.9,428.92,-24.93,-7.46,-10.81,sensor_error,0,2024-02-29 09:54:00
30,66.72,14.82,45.22,31.65,52.29,normal,0,2024-09-09 03:58:00
63,65.3,12.23,35.77,29.98,45.42,normal,0,2024-08-20 11:15:00
96,78.79,15.52,52.66,29.61,55.84,normal,0,2024-08-17 00:01:00
18,63.92,13.29,30.56,35.47,39.75,normal,0,2024-04-25 19:40:00
65,86.98,12.05,28.58,34.64,57.25,normal,0,2024-07-21 20:51:00
41,81.46,14.85,43.38,24.21,47.31,normal,0,2024-03-11 17:48:00
41,76.25,13.62,29.91,40.05,22.75,normal,0,2024-01-30 13:59:00
41,69.47,14.48,42.48,31.66,59.84,normal,0,2024-07-12 17:23:00
26,68.76,8.1,58.32,32.39,66.68,normal,0,2024-12-17 13:34:00
43,76.83,16.25,38.84,32.52,12.62,normal,0,2024-03-09 09:18:00
68,74.56,14.26,38.56,33.78,54.97,normal,0,2024-12-11 00:27:00
86,76.47,12.95,30.65,41.43,63.24,normal,0,2024-08-03 06:21:00
70,84.23,11.49,53.73,40.89,39.01,normal,0,2024-06-15 11:59:00
48,91.89,17.43,52.0,36.72,55.65,normal,0,2024-01-30 01:37:00
79,73.22,16.99,29.37,31.86,47.0,normal,0,2024-03-06 13:59:00
18,63.4,15.44,23.45,34.54,54.94,normal,0,2024-05-01 15:37:00
42,79.41,20.04,21.32,44.33,42.73,normal,0,2024-07-03 10:57:00
81,63.31,18.08,25.22,36.88,59.81,normal,0,2024-06-30 22:33:00
93,89.27,17.28,34.27,30.36,66.87,normal,0,2024-06-23 08:26:00
65,70.3,9.68,41.18,37.36,50.16,normal,0,2024-02-25 15:36:00
77,71.52,19.75,15.28,36.49,42.97,normal,0,2024-06-17 03:45:00
70,77.73,15.47,22.97,28.69,47.21,normal,0,2024-07-24 04:42:00
63,77.75,16.32,34.88,32.47,76.64,normal,0,2024-10-22 08:23:00
53,71.14,5.56,56.38,24.09,50.15,normal,0,2024-03-05 23:08:00
60,80.78,10.94,36.32,34.7,49.02,normal,0,2024-02-28 15:02:00
23,76.48,8.66,37.1,35.35,30.84,normal,0,2024-05-25 19:42:00
53,86.79,12.61,38.31,42.81,68.36,normal,0,2024-11-14 10:06:00
11,-999.0,281.35,393.06,-34.17,-43.64,sensor_error,0,2024-02-17 03:29:00
68,69.98,20.09,35.37,34.49,65.6,normal,0,2024-06-10 15:57:00
13,80.99,19.71,51.47,33.7,29.96,normal,0,2024-03-13 16:56:00
25,72.27,12.84,38.65,42.52,27.2,normal,0,2024-12-11 23:26:00
72,82.92,17.32,13.36,43.64,81.33,normal,0,2024-02-27 10:01:00
45,80.46,16.18,34.05,33.28,42.07,normal,0,2024-07-05 18:33:00
19,71.77,12.78,16.9,31.88,51.75,normal,0,2024-12-06 16:00:00
39,74.71,9.36,20.31,37.11,44.63,normal,0,2024-11-18 11:09:00
15,70.09,10.02,37.94,44.21,86.69,normal,0,2024-07-31 08:41:00
64,67.11,15.86,52.8,37.75,86.1,normal,0,2024-05-07 10:04:00
42,85.38,20.0,43.83,34.7,78.83,normal,0,2024-08-09 03:58:00
13,68.19,18.16,41.88,40.51,44.07,normal,0,2024-05-11 23:34:00
38,380.44,-71.63,-19.07,-20.25,-32.62,sensor_error,0,2024-07-04 06:26:00
54,85.35,15.7,46.87,34.82,28.43,normal,0,2024-02-03 08:38:00
84,79.61,18.66,35.99,34.32,46.88,normal,0,2024-09-03 03:56:00
92,86.98,23.0,34.62,33.45,55.26,normal,0,2024-01-19 17:26:00
12,77.71,13.72,22.74,36.49,47.03,normal,0,2024-11-28 05:32:00
56,79.34,10.86,35.04,39.91,27.69,normal,0,2024-05-19 09:59:00
21,72.05,14.18,38.11,26.34,60.72,normal,0,2024-06-04 12:10:00
4,92.53,14.17,35.79,35.22,61.85,normal,0,2024-06-28 11:44:00
1,66.67,8.22,48.86,36.73,51.84,normal,0,2024-02-11 08:06:00
46,78.75,13.11,36.93,34.93,54.17,normal,0,2024-09-13 04:42:00
15,75.5,16.61,24.07,29.92,34.2,normal,0,2024-04-05 00:46:00
2,90.68,15.52,37.51,25.17,49.28,normal,0,2024-11-04 20:31:00
73,76.18,11.53,19.22,31.57,57.98,normal,0,2024-03-07 15:55:00
28,92.95,14.97,36.46,23.48,46.0,normal,0,2024-10-08 12:51:00
53,78.47,7.83,30.62,35.89,72.64,normal,0,2024-10-31 06:04:00
58,79.06,13.74,28.93,46.24,50.11,normal,0,2024-03-22 23:28:00
89,96.41,15.04,20.62,38.07,79.48,normal,0,2024-06-30 00:45:00
63,81.13,13.67,19.58,39.05,31.71,normal,0,2024-01-15 18:07:00
91,82.64,11.48,26.24,38.78,44.36,normal,0,2024-05-23 07:48:00
79,78.91,12.46,46.0,33.21,69.87,normal,0,2024-02-21 07:15:00
23,-999.0,-70.21,-27.33,-17.02,-20.1,sensor_error,0,2024-07-02 02:55:00
32,71.94,15.59,36.86,41.24,26.71,normal,0,2024-04-23 20:49:00
16,78.42,22.2,14.51,38.94,76.49,normal,0,2024-02-10 00:31:00
12,75.25,21.8,7.67,34.1,32.5,normal,0,2024-08-21 03:52:00
55,71.41,20.18,49.95,34.66,41.55,normal,0,2024-02-01 00:35:00
62,69.04,10.55,25.42,27.88,47.78,normal,0,2024-10-18 21:58:00
90,85.38,16.07,37.49,30.44,54.21,normal,0,2024-04-04 12:27:00
27,70.3,13.63,24.22,42.51,62.55,normal,0,2024-04-25 19:20:00
54,82.1,9.63,48.81,35.03,55.5,normal,0,2024-09-03 23:23:00
76,106.24,44.01,27.09,51.76,62.82,real_anomaly,1,2024-01-27 18:33:00
44,76.26,14.62,37.19,39.93,60.48,normal,0,2024-01-26 15:33:00
1,88.33,17.79,33.51,29.98,36.52,normal,0,2024-02-27 23:02:00
57,87.3,10.62,28.12,37.83,36.91,normal,0,2024-03-26 04:37:00
85,84.16,12.89,36.27,40.0,64.14,normal,0,2024-10-12 02:19:00
21,94.75,11.67,40.68,47.31,41.96,normal,0,2024-04-18 23:43:00
17,69.58,15.92,16.87,35.94,33.82,normal,0,2024-10-17 05:52:00
13,86.49,19.57,40.04,39.88,53.11,normal,0,2024-09-05 04:19:00
57,80.36,12.55,29.31,33.48,58.7,normal,0,2024-05-21 07:54:00
36,72.34,17.79,37.81,35.93,38.05,normal,0,2024-12-21 23:56:00
22,-999.0,385.62,-29.1,-46.69,176.57,sensor_error,0,2024-10-13 17:31:00
64,73.34,8.36,26.34,30.19,64.86,normal,0,2024-07-13 06:04:00
88,84.56,11.54,21.57,35.54,47.22,normal,0,2024-07-02 23:25:00
18,68.09,17.24,60.17,37.97,43.57,normal,0,2024-01-23 17:14:00
17,77.24,19.67,38.88,35.73,77.09,normal,0,2024-06-23 22:31:00
73,109.32,49.64,21.09,55.49,64.49,real_anomaly,1,2024-09-17 05:08:00
84,66.05,17.14,30.82,36.07,63.47,normal,0,2024-09-16 14:05:00
16,89.84,19.9,52.58,33.28,57.14,normal,0,2024-03-24 18:28:00
29,76.61,14.83,26.41,30.29,74.04,normal,0,2024-03-09 03:33:00
15,72.28,12.97,28.32,41.05,76.0,normal,0,2024-09-04 22:59:00
27,69.67,9.53,30.68,43.33,27.38,normal,0,2024-10-22 21:46:00
2,78.52,14.75,25.96,36.49,74.43,normal,0,2024-04-07 17:39:00
96,72.1,10.58,26.37,45.08,38.76,normal,0,2024-10-08 17:03:00
91,86.99,19.75,22.61,33.66,47.34,normal,0,2024-09-30 07:03:00
82,84.21,20.8,35.39,32.55,64.09,normal,0,2024-04-21 21:57:00
67,81.16,14.91,39.3,36.83,56.35,normal,0,2024-08-20 09:24:00
28,69.58,16.53,34.74,41.87,27.95,normal,0,2024-06-29 22:47:00
87,81.79,19.28,39.54,44.11,57.63,normal,0,2024-03-05 18:56:00
81,76.15,10.94,54.76,40.76,49.84,normal,0,2024-10-20 10:36:00
6,75.77,17.89,36.35,42.6,41.43,normal,0,2024-10-28 10:30:00
90,82.77,12.3,46.54,29.63,59.92,normal,0,2024-02-23 06:10:00
46,60.65,9.98,36.1,31.63,19.34,normal,0,2024-04-11 02:53:00
57,67.04,11.69,34.41,37.23,69.72,normal,0,2024-01-01 06:14:00
11,86.13,10.49,23.73,30.62,38.8,normal,0,2024-01-06 21:18:00
45,66.46,10.25,56.09,34.95,36.03,normal,0,2024-02-27 08:52:00
89,85.15,10.11,28.97,35.68,44.36,normal,0,2024-06-09 06:28:00
32,76.73,13.46,49.32,29.49,64.97,normal,0,2024-11-30 22:22:00
95,90.08,9.75,42.51,30.33,45.73,normal,0,2024-02-23 13:44:00
21,78.11,17.15,41.06,27.43,51.48,normal,0,2024-01-02 14:33:00
69,82.16,11.17,24.72,38.23,59.46,normal,0,2024-05-25 09:14:00
99,88.26,14.33,29.05,31.77,43.89,normal,0,2024-11-03 20:21:00
14,86.0,21.29,37.88,32.17,60.84,normal,0,2024-06-10 11:52:00
42,75.9,13.66,42.36,27.03,69.2,normal,0,2024-12-27 05:14:00
95,77.79,9.55,32.08,29.25,61.0,normal,0,2024-08-12 14:36:00
82,82.56,15.86,16.13,28.29,52.07,normal,0,2024-04-06 10:25:00
23,77.24,24.69,44.68,28.19,39.52,normal,0,2024-12-30 10:12:00
41,71.7,12.38,38.87,34.39,52.76,normal,0,2024-03-12 13:02:00
66,58.48,9.22,33.83,33.11,46.65,normal,0,2024-11-10 03:56:00
37,76.2,17.19,45.72,38.04,42.3,normal,0,2024-02-28 06:42:00
73,83.92,15.36,47.09,38.06,61.4,normal,0,2024-07-29 00:07:00
21,75.0,16.2,16.18,31.27,62.27,normal,0,2024-11-30 21:00:00
56,64.18,8.64,16.21,26.91,34.38,normal,0,2024-10-08 13:46:00
62,77.2,14.6,15.53,32.47,45.32,normal,0,2024-01-03 05:56:00
55,68.16,12.58,33.94,28.32,38.24,normal,0,2024-08-24 21:02:00
1,71.25,14.32,42.13,39.92,37.92,normal,0,2024-01-14 01:39:00
26,82.33,15.07,31.02,37.3,15.59,normal,0,2024-01-05 20:52:00
35,87.48,19.62,27.12,32.4,31.67,normal,0,2024-01-11 02:20:00
3,71.25,18.08,28.74,46.99,49.49,normal,0,2024-04-29 02:01:00
31,72.9,13.72,28.3,34.28,52.9,normal,0,2024-03-15 11:07:00
73,73.96,13.58,10.2,31.33,78.86,normal,0,2024-05-21 02:23:00
40,72.86,14.45,43.97,36.49,43.76,normal,0,2024-03-20 01:48:00
40,64.29,17.59,48.32,30.13,51.34,normal,0,2024-10-10 13:20:00
84,74.01,18.6,33.31,33.21,63.63,normal,0,2024-01-26 14:19:00
93,72.87,14.09,39.79,33.69,34.36,normal,0,2024-05-22 21:30:00
74,86.12,20.85,25.96,36.36,38.55,normal,0,2024-08-10 17:13:00
13,92.18,13.24,70.0,36.08,27.97,normal,0,2024-03-14 08:52:00
48,82.36,14.05,36.17,37.13,66.27,normal,0,2024-07-16 11:42:00
94,70.06,15.83,49.38,34.29,22.45,normal,0,2024-04-04 18:57:00
61,78.84,14.2,43.2,32.57,47.52,normal,0,2024-10-24 18:25:00
17,68.22,17.71,34.68,31.61,59.23,normal,0,2024-11-24 10:52:00
19,72.77,17.24,32.56,28.53,47.75,normal,0,2024-03-07 01:50:00
84,71.99,4.38,25.31,32.74,54.59,normal,0,2024-05-17 17:41:00
84,68.76,11.78,33.83,30.34,61.36,normal,0,2024-10-10 09:18:00
16,91.41,15.54,29.75,36.65,58.49,normal,0,2024-07-31 03:58:00
49,84.79,20.55,28.06,37.93,54.38,normal,0,2024-12-28 18:53:00
47,73.93,13.67,30.86,39.17,45.69,normal,0,2024-03-29 15:10:00
20,-999.0,-78.5,-16.75,-47.23,-35.37,sensor_error,0,2024-04-03 15:35:00
11,74.79,11.54,28.74,44.36,51.89,normal,0,2024-01-24 03:24:00
83,76.6,16.83,36.54,27.75,53.02,normal,0,2024-10-04 09:19:00
2,69.39,15.15,23.62,36.37,43.34,normal,0,2024-01-12 12:17:00
66,69.02,18.21,13.38,35.32,76.18,normal,0,2024-03-26 16:18:00
4,50.0,18.21,43.05,35.52,64.52,normal,0,2024-01-10 04:39:00
3,76.6,14.09,40.44,31.47,42.46,normal,0,2024-08-26 15:04:00
85,80.62,14.91,24.8,40.26,41.89,normal,0,2024-05-13 11:57:00
77,90.91,14.57,54.21,33.16,38.59,normal,0,2024-02-21 09:30:00
77,80.52,18.1,41.03,41.22,52.19,normal,0,2024-02-25 09:01:00
17,75.38,14.16,43.61,36.97,66.65,normal,0,2024-12-30 06:21:00
1,80.47,8.27,41.75,35.08,10.0,normal,0,2024-10-03 19:46:00
50,68.11,11.62,23.91,34.08,34.57,normal,0,2024-05-10 05:46:00
40,82.66,11.8,26.77,28.93,32.57,normal,0,2024-04-04 16:01:00
58,78.53,14.43,30.94,31.9,44.96,normal,0,2024-06-24 06:23:00
21,73.25,19.79,49.25,31.58,51.37,normal,0,2024-07-16 11:32:00
76,81.76,12.51,34.05,41.38,37.99,normal,0,2024-04-20 04:15:00
35,88.32,21.26,38.04,31.51,55.28,normal,0,2024-08-05 18:50:00
11,71.39,15.93,38.64,34.82,34.34,normal,0,2024-02-20 19:10:00
92,77.04,13.56,25.42,34.32,54.76,normal,0,2024-10-16 22:46:00
43,75.35,12.65,49.76,30.13,49.02,normal,0,2024-10-28 04:38:00
4,71.27,14.71,26.34,35.66,64.97,normal,0,2024-01-02 19:58:00
85,76.53,14.71,20.78,42.86,60.2,normal,0,2024-03-27 18:11:00
59,68.4,19.2,40.06,31.94,85.91,normal,0,2024-05-07 15:37:00
67,76.06,25.37,70.0,25.38,31.22,normal,0,2024-09-13 09:48:00
1,71.97,14.84,35.76,34.76,37.98,normal,0,2024-12-06 17:02:00
37,70.69,19.18,40.22,36.23,35.97,normal,0,2024-03-02 10:31:00
4,68.6,12.05,2.96,46.12,54.51,normal,0,2024-07-28 13:13:00
36,82.03,21.85,23.95,33.43,41.66,normal,0,2024-03-06 11:48:00
16,72.86,11.58,19.11,30.54,58.33,normal,0,2024-08-25 07:12:00
87,75.61,14.51,53.54,31.59,50.25,normal,0,2024-09-21 21:36:00
19,77.05,21.02,37.43,31.79,74.85,normal,0,2024-06-16 12:14:00
78,66.34,20.87,37.61,29.53,63.72,normal,0,2024-12-28 16:05:00
87,83.39,12.02,35.55,38.77,45.54,normal,0,2024-01-06 12:51:00
23,57.22,21.76,49.88,28.87,56.66,normal,0,2024-07-08 09:41:00
39,84.13,23.57,20.22,50.65,57.96,normal,0,2024-05-22 10:28:00
99,69.97,13.78,29.9,34.9,68.71,normal,0,2024-04-28 13:37:00
87,80.35,13.38,31.09,45.18,36.03,normal,0,2024-01-03 08:14:00
6,82.38,15.24,37.68,42.94,36.56,normal,0,2024-02-10 21:14:00
22,85.72,23.9,35.49,45.47,49.71,normal,0,2024-05-27 06:50:00
86,67.76,7.65,35.3,33.25,14.3,normal,0,2024-01-31 19:06:00
78,87.5,17.19,23.19,36.79,56.28,normal,0,2024-04-25 01:22:00
10,68.71,16.35,40.85,29.37,56.09,normal,0,2024-05-28 18:01:00
63,90.08,17.47,35.52,41.35,35.2,normal,0,2024-10-23 09:19:00
33,82.79,20.24,18.37,25.37,56.31,normal,0,2024-07-09 16:02:00
59,89.58,15.73,7.41,24.37,60.59,normal,0,2024-07-25 12:55:00
26,74.26,14.98,18.79,29.86,57.15,normal,0,2024-07-15 07:24:00
75,74.82,16.45,13.73,33.25,53.12,normal,0,2024-11-28 01:43:00
1,82.41,16.35,40.21,36.66,45.84,normal,0,2024-07-25 16:42:00
33,81.97,17.82,40.63,37.96,76.97,normal,0,2024-06-21 15:11:00
63,67.74,15.22,36.34,34.78,29.18,normal,0,2024-03-03 14:26:00
9,82.38,10.01,53.19,28.09,34.63,normal,0,2024-06-25 11:03:00
49,66.9,12.01,18.62,39.06,49.71,normal,0,2024-11-06 00:26:00
86,87.15,17.93,50.99,43.58,61.88,normal,0,2024-07-31 01:25:00
57,64.32,13.1,38.7,35.87,40.33,normal,0,2024-02-06 12:43:00
18,70.08,10.78,46.64,42.67,44.33,normal,0,2024-05-11 07:36:00
16,78.3,19.78,24.82,29.77,52.45,normal,0,2024-12-09 13:18:00
81,83.17,8.18,49.22,37.74,49.64,normal,0,2024-07-11 22:04:00
69,82.51,18.31,22.61,34.78,22.69,normal,0,2024-01-31 20:56:00
92,75.5,12.93,30.26,34.74,48.16,normal,0,2024-05-15 12:42:00
97,78.19,20.89,37.7,35.53,62.51,normal,0,2024-07-07 13:30:00
47,76.9,12.98,38.3,32.35,50.12,normal,0,2024-04-29 13:36:00
95,71.78,20.62,39.35,25.31,44.64,normal,0,2024-04-12 02:25:00
18,77.37,12.95,38.44,39.82,53.27,normal,0,2024-09-20 14:20:00
72,74.19,12.1,40.37,39.8,40.76,normal,0,2024-03-18 07:40:00
52,71.11,15.91,40.28,35.62,24.4,normal,0,2024-05-04 21:40:00
33,67.62,12.36,34.57,31.63,38.42,normal,0,2024-12-29 02:35:00
21,86.19,18.27,30.54,43.18,52.04,normal,0,2024-10-31 06:07:00
54,92.89,19.54,43.7,25.06,66.72,normal,0,2024-05-15 09:35:00
37,74.58,14.02,36.98,33.37,33.89,normal,0,2024-12-13 22:07:00
49,81.04,10.61,36.01,37.9,58.13,normal,0,2024-07-01 10:50:00
56,88.05,17.22,38.63,33.64,50.96,normal,0,2024-08-28 14:53:00
41,82.88,11.32,30.98,30.99,50.54,normal,0,2024-04-14 13:16:00
63,91.47,17.93,44.73,39.82,64.39,normal,0,2024-02-08 21:45:00
65,76.68,18.29,40.26,34.74,58.77,normal,0,2024-07-03 10:52:00
23,69.3,18.51,33.6,47.49,69.88,normal,0,2024-09-06 12:03:00
3,86.43,20.45,17.08,29.67,47.16,normal,0,2024-02-12 22:45:00
60,61.15,10.71,17.38,29.15,49.79,normal,0,2024-10-16 15:15:00
70,79.09,12.43,46.02,36.66,51.16,normal,0,2024-11-24 23:44:00
80,76.61,10.95,52.16,35.0,34.86,normal,0,2024-11-29 03:05:00
9,83.01,6.53,35.44,34.47,39.9,normal,0,2024-12-01 18:53:00
60,87.92,19.69,44.65,35.84,33.71,normal,0,2024-09-22 17:10:00
81,69.45,9.91,35.06,34.68,79.3,normal,0,2024-07-26 19:03:00
73,83.62,17.32,25.9,30.43,64.15,normal,0,2024-12-12 01:47:00
11,90.16,7.88,20.98,29.44,69.45,normal,0,2024-11-01 02:52:00
17,65.71,14.42,30.93,24.56,60.61,normal,0,2024-10-09 02:33:00
27,70.2,13.39,28.63,31.81,52.68,normal,0,2024-09-23 14:25:00
15,76.78,15.11,53.07,31.22,47.08,normal,0,2024-02-21 06:58:00
65,82.92,16.57,11.48,28.08,59.92,normal,0,2024-04-02 22:02:00
30,79.68,9.19,49.55,24.19,58.67,normal,0,2024-01-26 14:10:00
23,71.27,13.92,46.84,28.79,38.14,normal,0,2024-09-21 00:38:00
38,76.5,15.09,16.18,39.54,57.98,normal,0,2024-08-11 23:23:00
20,73.8,12.31,33.32,30.09,28.0,normal,0,2024-09-08 19:58:00
72,62.06,9.93,24.56,36.57,37.38,normal,0,2024-11-15 16:42:00
64,75.79,9.41,32.06,39.04,31.2,normal,0,2024-01-22 19:24:00
34,71.09,15.75,45.52,31.36,49.39,normal,0,2024-08-16 21:23:00
98,72.44,11.62,46.0,39.05,35.11,normal,0,2024-01-14 07:15:00
82,54.36,20.86,24.41,35.41,49.61,normal,0,2024-03-30 20:38:00
4,69.05,11.33,38.4,36.83,45.95,normal,0,2024-01-29 08:31:00
17,77.4,17.65,31.3,34.95,42.33,normal,0,2024-07-22 00:38:00
9,77.39,19.4,25.39,40.5,38.49,normal,0,2024-07-24 13:17:00
47,73.59,16.83,34.64,36.71,47.55,normal,0,2024-04-18 16:45:00
64,90.91,22.43,28.51,36.92,63.58,normal,0,2024-03-20 12:11:00
98,63.65,20.56,56.33,42.52,53.16,normal,0,2024-09-09 21:38:00
49,56.2,12.4,37.1,40.79,44.19,normal,0,2024-04-17 00:22:00
86,74.72,9.26,37.59,24.38,65.92,normal,0,2024-02-22 14:34:00
87,83.91,21.55,31.96,25.81,52.72,normal,0,2024-02-21 00:15:00
84,84.52,15.95,24.48,39.58,15.45,normal,0,2024-06-19 02:54:00
98,76.21,4.41,30.35,28.0,29.46,normal,0,2024-02-29 16:21:00
71,-999.0,-98.2,-41.23,-32.82,-14.36,sensor_error,0,2024-01-15 22:59:00
98,77.66,17.21,28.12,40.98,43.76,normal,0,2024-05-22 14:07:00
67,83.02,16.15,30.33,32.03,70.14,normal,0,2024-08-08 14:29:00
69,65.19,20.59,52.62,37.48,58.26,normal,0,2024-08-27 06:04:00
6,83.95,21.79,51.08,27.09,32.08,normal,0,2024-11-09 02:08:00
28,71.67,14.65,28.02,36.34,47.08,normal,0,2024-11-11 15:00:00
74,76.35,14.05,41.67,35.2,64.68,normal,0,2024-11-14 01:26:00
72,80.78,15.21,50.88,39.18,16.29,normal,0,2024-12-28 09:59:00
43,70.86,11.71,58.03,34.96,53.48,normal,0,2024-03-24 07:20:00
3,70.39,13.09,36.0,35.75,68.47,normal,0,2024-04-15 00:15:00
40,83.96,14.6,31.28,41.25,44.35,normal,0,2024-02-23 08:48:00
54,72.61,18.39,37.71,46.54,48.24,normal,0,2024-09-30 16:51:00
90,92.99,19.14,32.38,25.32,74.87,normal,0,2024-07-03 21:50:00
17,85.42,13.32,28.6,33.62,51.38,normal,0,2024-02-24 09:19:00
7,71.46,18.05,39.62,38.31,38.5,normal,0,2024-10-06 13:57:00
32,81.23,10.8,41.56,29.55,51.08,normal,0,2024-07-02 18:15:00
91,70.12,17.03,28.47,37.7,64.98,normal,0,2024-02-08 04:44:00
100,80.21,9.54,21.28,37.17,42.41,normal,0,2024-07-17 18:09:00
17,78.48,12.15,39.28,38.62,51.61,normal,0,2024-06-19 00:50:00
92,67.44,10.27,53.6,48.69,64.8,normal,0,2024-04-10 23:40:00
45,73.58,19.12,48.77,30.55,56.52,normal,0,2024-02-20 17:52:00
66,62.43,8.66,39.37,40.64,64.54,normal,0,2024-11-29 08:50:00
38,73.55,9.56,23.07,39.67,39.53,normal,0,2024-05-10 08:48:00
43,86.29,7.75,37.52,31.5,58.04,normal,0,2024-03-28 02:17:00
95,67.23,18.14,39.58,33.43,45.3,normal,0,2024-01-11 01:40:00
53,71.4,17.2,46.09,33.11,38.22,normal,0,2024-12-17 21:29:00
36,63.56,9.06,59.36,26.81,62.87,normal,0,2024-10-16 16:52:00
73,76.42,22.99,48.38,29.02,72.6,normal,0,2024-12-13 01:08:00
68,82.16,21.82,3.15,28.66,54.8,normal,0,2024-09-19 15:35:00
54,88.67,15.47,27.83,36.95,37.16,normal,0,2024-01-17 22:21:00
38,94.35,17.83,37.42,34.84,70.83,normal,0,2024-04-10 19:16:00
46,79.48,14.9,22.63,36.85,44.91,normal,0,2024-01-07 02:35:00
89,65.61,14.11,54.13,38.47,55.25,normal,0,2024-01-17 03:38:00
12,93.21,22.72,20.26,32.68,28.29,normal,0,2024-03-22 05:32:00
42,63.16,15.51,49.92,30.22,42.49,normal,0,2024-07-26 23:22:00
18,78.08,17.76,45.77,40.63,52.93,normal,0,2024-12-17 21:00:00
66,85.76,16.84,46.68,31.27,54.33,normal,0,2024-04-26 17:56:00
50,77.48,9.91,34.21,34.15,59.2,normal,0,2024-06-02 05:53:00
68,75.11,15.38,42.71,36.78,58.22,normal,0,2024-10-29 01:00:00
92,82.78,20.04,32.16,41.94,39.98,normal,0,2024-08-14 04:39:00
14,60.41,18.4,30.56,30.38,56.26,normal,0,2024-05-17 01:01:00
43,75.45,12.91,28.38,28.85,41.47,normal,0,2024-06-10 20:34:00
87,74.42,17.44,41.63,38.1,58.42,normal,0,2024-03-10 21:26:00
43,92.85,18.44,32.68,27.01,55.65,normal,0,2024-10-28 13:16:00
68,73.07,19.26,29.06,36.59,50.1,normal,0,2024-11-30 01:55:00
55,80.47,18.58,20.75,42.95,44.75,normal,0,2024-02-16 21:12:00
14,73.57,17.42,26.58,35.21,54.56,normal,0,2024-09-20 11:25:00
14,82.0,23.28,19.38,35.29,56.54,normal,0,2024-07-23 15:47:00
24,73.27,15.32,31.33,27.79,18.58,normal,0,2024-08-27 04:27:00
7,78.45,7.62,52.4,31.79,41.13,normal,0,2024-11-23 14:34:00
46,66.55,9.92,41.11,40.85,41.15,normal,0,2024-03-23 18:34:00
59,56.51,14.21,41.66,28.73,19.36,normal,0,2024-11-05 13:45:00
27,111.68,40.9,16.21,53.44,41.1,real_anomaly,1,2024-08-01 05:50:00
9,67.38,18.25,21.49,36.38,70.45,normal,0,2024-01-20 04:59:00
94,80.12,11.96,16.94,31.86,63.73,normal,0,2024-05-01 16:07:00
9,74.97,12.87,33.5,36.38,38.05,normal,0,2024-02-23 13:19:00
51,75.72,13.99,27.78,33.76,55.07,normal,0,2024-03-07 00:19:00
61,83.25,17.81,25.38,34.91,52.93,normal,0,2024-04-05 04:26:00
94,87.41,21.8,30.72,21.93,61.31,normal,0,2024-07-10 11:37:00
98,78.59,11.93,19.12,32.82,43.11,normal,0,2024-02-18 19:24:00
80,72.6,13.92,40.14,31.29,56.26,normal,0,2024-02-18 02:15:00
87,73.42,20.21,42.83,41.48,31.05,normal,0,2024-12-18 04:45:00
9,58.61,11.15,40.51,37.38,49.58,normal,0,2024-09-30 19:17:00
8,86.32,10.5,31.56,35.71,82.6,normal,0,2024-10-22 07:06:00
53,71.16,30.23,22.18,36.23,56.41,normal,0,2024-01-19 00:18:00
23,58.96,20.36,25.61,33.22,33.42,normal,0,2024-11-05 00:12:00
52,80.92,14.63,24.76,43.79,57.3,normal,0,2024-08-05 03:58:00
77,74.1,20.28,48.7,31.25,49.42,normal,0,2024-06-22 15:36:00
33,77.49,13.44,30.9,34.77,29.13,normal,0,2024-07-04 20:26:00
71,75.23,18.16,33.29,45.49,55.71,normal,0,2024-08-18 06:50:00
32,76.94,20.2,25.28,41.58,52.14,normal,0,2024-07-26 11:11:00
55,79.91,11.17,54.85,28.28,43.8,normal,0,2024-08-06 09:50:00
39,74.47,12.6,41.97,29.43,74.55,normal,0,2024-11-25 08:58:00
26,75.93,19.72,54.5,41.89,39.37,normal,0,2024-11-26 17:31:00
29,33.14,39.46,37.3,59.58,42.54,real_anomaly,1,2024-10-20 15:27:00
58,70.11,17.26,29.26,27.5,37.78,normal,0,2024-05-31 03:04:00
51,89.71,15.45,51.93,38.11,67.55,normal,0,2024-07-23 20:10:00
57,77.54,5.14,40.54,28.61,39.31,normal,0,2024-06-04 12:39:00
2,59.42,14.25,46.93,46.16,20.15,normal,0,2024-01-19 15:58:00
3,98.04,12.13,23.75,35.09,55.64,normal,0,2024-07-16 03:14:00
22,70.12,14.29,44.35,33.15,87.29,normal,0,2024-03-29 22:40:00
16,66.8,15.18,26.71,37.16,45.61,normal,0,2024-08-26 07:19:00
16,83.87,7.52,29.59,45.0,35.3,normal,0,2024-12-30 05:07:00
20,73.32,12.01,22.92,37.66,59.02,normal,0,2024-05-19 20:35:00
51,77.19,20.76,34.64,40.5,49.1,normal,0,2024-11-29 12:10:00
72,77.1,12.52,25.53,29.0,47.6,normal,0,2024-06-01 21:09:00
4,78.86,7.87,30.32,30.44,59.2,normal,0,2024-04-08 04:43:00
80,77.97,15.48,20.96,32.5,64.04,normal,0,2024-08-16 04:49:00
29,70.82,16.03,26.43,33.26,35.87,normal,0,2024-11-24 13:06:00
7,78.58,14.32,47.22,32.75,20.5,normal,0,2024-07-29 03:59:00
45,82.59,19.95,28.44,32.27,49.04,normal,0,2024-02-20 04:37:00
59,83.37,17.27,49.56,25.79,47.26,normal,0,2024-12-07 21:11:00
38,83.04,10.83,12.45,37.29,32.0,normal,0,2024-08-17 09:22:00
74,89.37,12.55,64.77,39.91,56.97,normal,0,2024-03-16 14:07:00
63,81.39,13.09,38.92,30.15,37.19,normal,0,2024-06-23 00:17:00
89,88.4,14.92,35.75,34.76,42.66,normal,0,2024-12-12 12:34:00
68,81.85,16.17,23.89,29.76,73.14,normal,0,2024-12-14 07:15:00
39,78.39,8.59,44.97,38.71,44.41,normal,0,2024-07-22 06:22:00
21,73.96,14.54,38.25,32.96,39.76,normal,0,2024-09-14 16:07:00
11,65.11,18.7,31.29,40.47,53.47,normal,0,2024-11-02 20:36:00
42,79.8,13.54,17.87,27.07,79.08,normal,0,2024-05-31 12:24:00
2,82.35,12.92,21.96,36.0,62.53,normal,0,2024-05-22 08:08:00
42,81.64,8.38,49.92,39.26,70.92,normal,0,2024-11-13 13:53:00
96,75.09,14.7,24.7,31.28,85.64,normal,0,2024-03-12 17:45:00
49,77.55,20.4,40.39,38.16,73.56,normal,0,2024-03-01 12:46:00
82,82.92,17.21,34.08,34.36,65.36,normal,0,2024-08-31 14:15:00
21,81.71,18.73,34.02,32.5,60.59,normal,0,2024-04-04 23:54:00
84,66.71,12.41,35.89,35.8,40.79,normal,0,2024-12-30 15:53:00
91,73.46,4.33,37.58,42.59,52.93,normal,0,2024-06-02 19:08:00
9,267.37,-44.29,-41.29,-5.73,-22.82,sensor_error,0,2024-01-07 12:02:00
53,77.42,23.72,39.23,40.62,61.66,normal,0,2024-09-17 07:06:00
70,66.15,15.09,29.69,33.92,60.66,normal,0,2024-06-30 22:37:00
60,80.72,11.31,38.36,33.49,70.95,normal,0,2024-02-10 05:39:00
28,78.38,18.2,30.1,31.91,19.04,normal,0,2024-10-26 14:22:00
87,75.23,16.3,20.14,29.5,28.4,normal,0,2024-06-27 05:15:00
34,75.84,22.9,0.2,36.72,35.32,normal,0,2024-04-12 12:17:00
82,74.86,12.69,60.18,35.6,32.66,normal,0,2024-12-21 00:05:00
2,82.18,13.17,35.97,30.22,56.02,normal,0,2024-02-26 17:44:00
51,86.81,24.32,31.12,29.83,29.05,normal,0,2024-01-20 23:15:00
87,81.48,13.46,46.07,36.54,32.53,normal,0,2024-07-07 08:47:00
49,69.9,18.47,47.31,41.64,46.51,normal,0,2024-04-06 17:16:00
98,64.47,15.26,29.93,31.24,58.59,normal,0,2024-01-11 05:32:00
54,77.03,10.61,57.37,30.56,45.69,normal,0,2024-06-16 23:12:00
79,82.69,15.48,39.82,36.33,69.1,normal,0,2024-08-28 11:10:00
46,74.65,16.8,44.14,34.94,51.34,normal,0,2024-04-29 03:32:00
33,-47.72,-91.15,-12.01,-5.44,208.18,sensor_error,0,2024-12-02 02:09:00
43,73.45,17.02,26.49,46.72,48.42,normal,0,2024-07-21 15:09:00
57,89.62,9.43,28.3,30.28,63.6,normal,0,2024-06-11 12:11:00
84,74.88,13.97,24.67,34.54,68.14,normal,0,2024-02-17 06:02:00
24,71.93,16.91,42.23,29.46,40.96,normal,0,2024-02-12 14:17:00
98,75.11,11.08,29.3,34.77,25.95,normal,0,2024-08-29 23:15:00
45,78.41,11.66,34.6,42.01,55.26,normal,0,2024-01-07 12:54:00
92,75.6,19.34,43.45,33.74,37.26,normal,0,2024-07-02 01:22:00
49,77.21,14.8,24.16,36.6,57.76,normal,0,2024-04-08 03:58:00
78,82.75,17.56,36.04,33.46,79.44,normal,0,2024-10-30 23:43:00
47,76.43,20.18,39.96,37.45,23.8,normal,0,2024-08-12 16:25:00
99,71.67,13.03,32.77,34.78,56.43,normal,0,2024-07-04 04:32:00
3,79.47,11.8,29.77,38.79,60.49,normal,0,2024-05-15 13:37:00
98,95.52,12.61,26.3,37.24,46.44,normal,0,2024-11-23 15:06:00
46,76.32,16.83,37.29,39.19,57.73,normal,0,2024-06-28 11:09:00
61,-34.93,-98.45,397.19,-9.06,273.26,sensor_error,0,2024-10-25 04:43:00
1,75.99,18.56,39.89,35.96,65.63,normal,0,2024-03-12 00:38:00
2,79.77,17.53,32.24,39.68,60.83,normal,0,2024-03-07 18:09:00
21,78.18,20.64,25.18,37.97,54.14,normal,0,2024-01-10 20:45:00
63,72.27,10.11,56.28,31.65,57.97,normal,0,2024-02-19 04:09:00
48,80.55,12.34,42.0,37.17,62.1,normal,0,2024-06-22 20:29:00
91,73.12,11.73,16.37,35.35,48.06,normal,0,2024-03-25 10:51:00
67,88.53,20.38,44.49,27.21,66.16,normal,0,2024-09-06 14:00:00
60,86.4,19.68,33.43,33.28,49.88,normal,0,2024-03-29 23:36:00
92,62.57,13.34,37.01,37.08,73.75,normal,0,2024-09-14 23:59:00
30,91.03,13.97,35.49,36.14,38.25,normal,0,2024-10-06 17:46:00
72,77.51,17.77,26.15,32.15,31.96,normal,0,2024-03-25 05:29:00
87,69.44,11.08,21.62,27.35,20.46,normal,0,2024-12-02 04:03:00
3,66.72,15.82,21.4,40.45,64.81,normal,0,2024-07-22 04:53:00
45,90.07,20.14,40.51,43.29,43.51,normal,0,2024-11-28 10:45:00
22,88.27,16.6,34.74,32.49,45.71,normal,0,2024-11-29 19:29:00
49,79.66,13.63,30.93,27.91,64.29,normal,0,2024-05-18 04:46:00
7,72.5,11.36,22.57,37.26,48.43,normal,0,2024-02-12 07:30:00
86,93.92,11.49,36.35,36.0,64.64,normal,0,2024-01-22 04:56:00
74,70.34,10.95,32.76,39.62,26.1,normal,0,2024-08-18 08:34:00
4,75.62,23.05,27.91,31.91,46.82,normal,0,2024-05-16 12:58:00
1,84.86,23.77,39.32,33.37,35.08,normal,0,2024-09-02 06:22:00
94,-999.0,-16.5,-28.08,-20.54,158.16,sensor_error,0,2024-12-04 11:50:00
91,62.82,18.76,63.87,36.63,56.03,normal,0,2024-10-29 09:23:00
51,66.12,7.72,51.45,30.41,70.75,normal,0,2024-10-11 06:34:00
100,86.2,16.74,44.31,30.66,86.53,normal,0,2024-03-24 12:09:00
32,82.62,18.85,42.64,37.8,41.02,normal,0,2024-02-28 23:16:00
96,70.36,18.58,21.92,39.99,38.63,normal,0,2024-04-03 19:57:00
37,92.46,17.51,45.38,47.33,42.36,normal,0,2024-08-19 10:10:00
70,71.6,12.22,54.93,42.24,73.42,normal,0,2024-03-13 16:29:00
29,83.19,8.29,57.67,28.69,73.39,normal,0,2024-12-18 22:44:00
32,64.16,15.32,51.19,41.44,43.9,normal,0,2024-12-07 11:26:00
76,59.43,11.05,41.24,35.42,23.89,normal,0,2024-05-15 20:27:00
92,69.7,16.29,40.45,35.52,33.13,normal,0,2024-01-27 00:27:00
65,65.0,11.77,48.99,33.65,20.58,normal,0,2024-06-18 11:12:00
91,83.14,15.33,48.17,30.87,78.04,normal,0,2024-07-01 13:26:00
49,86.56,11.77,36.29,28.21,37.61,normal,0,2024-09-23 16:45:00
28,70.28,16.73,44.78,35.87,32.99,normal,0,2024-08-13 03:19:00
29,66.25,15.5,42.09,33.71,46.56,normal,0,2024-11-08 15:19:00
3,72.04,15.02,37.39,35.38,76.65,normal,0,2024-04-28 00:56:00
27,70.87,10.07,25.58,26.18,45.38,normal,0,2024-12-02 22:58:00
34,76.86,21.52,40.51,39.07,64.81,normal,0,2024-11-24 03:07:00
61,76.37,7.04,26.18,41.09,65.28,normal,0,2024-10-28 13:21:00
62,66.42,20.24,57.59,37.58,66.59,normal,0,2024-09-25 02:14:00
20,79.55,18.84,32.82,34.63,54.27,normal,0,2024-11-29 01:33:00
92,71.03,18.07,58.41,28.07,61.29,normal,0,2024-06-29 09:28:00
19,76.23,15.48,40.04,39.17,55.74,normal,0,2024-05-20 13:23:00
82,92.6,15.24,41.45,29.51,77.98,normal,0,2024-10-04 08:35:00
90,68.77,9.02,42.22,37.0,41.87,normal,0,2024-12-28 07:14:00
44,64.67,21.73,36.77,41.33,64.94,normal,0,2024-01-29 07:46:00
53,65.24,13.9,53.09,40.06,56.66,normal,0,2024-05-07 15:42:00
79,64.68,12.43,46.93,42.52,68.15,normal,0,2024-02-08 12:16:00
2,74.73,18.5,27.37,31.21,50.86,normal,0,2024-08-18 05:27:00
83,74.33,19.51,58.01,36.31,51.29,normal,0,2024-04-09 12:16:00
26,83.33,16.51,36.11,38.4,46.46,normal,0,2024-05-18 09:39:00
62,-999.0,228.79,314.73,-7.95,280.75,sensor_error,0,2024-06-03 08:04:00
15,72.42,14.08,45.4,39.28,42.23,normal,0,2024-09-13 03:12:00
27,70.69,17.06,27.74,30.63,46.32,normal,0,2024-10-06 06:10:00
27,78.04,11.29,27.95,39.61,28.06,normal,0,2024-09-03 22:52:00
28,67.94,9.74,25.47,37.02,71.12,normal,0,2024-03-27 14:58:00
15,68.06,16.38,11.91,25.94,70.54,normal,0,2024-04-08 19:07:00
89,76.45,14.97,8.74,43.49,60.21,normal,0,2024-10-07 21:01:00
16,72.38,12.35,48.51,37.25,57.06,normal,0,2024-09-29 04:20:00
6,65.14,21.35,49.06,38.82,41.62,normal,0,2024-10-14 14:58:00
31,77.01,14.82,44.41,34.76,53.65,normal,0,2024-10-26 07:06:00
50,78.91,19.97,47.27,34.74,54.97,normal,0,2024-11-06 00:47:00
88,77.15,20.33,59.08,33.91,39.82,normal,0,2024-01-11 04:28:00
56,93.59,57.94,42.44,55.65,54.44,real_anomaly,1,2024-04-11 07:50:00
14,69.64,18.71,41.13,29.28,54.25,normal,0,2024-08-27 14:06:00
77,72.74,16.39,38.5,33.16,35.49,normal,0,2024-03-19 14:40:00
15,76.22,9.73,50.09,38.4,87.16,normal,0,2024-03-09 08:27:00
39,77.92,10.01,21.45,42.9,50.23,normal,0,2024-08-18 05:41:00
36,74.7,11.05,30.95,46.59,32.18,normal,0,2024-07-17 02:17:00
62,67.06,13.55,35.67,32.16,72.06,normal,0,2024-02-21 05:10:00
67,73.0,11.77,35.23,36.87,31.01,normal,0,2024-10-12 06:07:00
97,77.54,14.54,31.61,39.79,47.53,normal,0,2024-07-22 13:01:00
13,71.36,12.89,31.07,27.96,50.77,normal,0,2024-06-28 09:36:00
58,74.99,18.53,60.41,38.28,30.07,normal,0,2024-07-20 15:25:00
53,69.98,17.88,37.31,32.38,60.7,normal,0,2024-09-04 11:17:00
16,83.26,10.15,23.86,32.41,42.74,normal,0,2024-08-27 04:58:00
66,77.7,10.12,70.0,34.05,39.86,normal,0,2024-07-05 19:20:00
24,72.22,10.31,33.12,26.12,66.33,normal,0,2024-09-11 00:55:00
44,76.74,14.23,63.93,29.77,68.54,normal,0,2024-07-11 23:10:00
74,75.94,11.64,67.71,30.36,43.73,normal,0,2024-10-17 12:36:00
30,88.02,15.84,37.83,41.52,77.51,normal,0,2024-07-08 11:37:00
10,94.67,13.76,23.24,33.17,79.04,normal,0,2024-03-16 11:56:00
96,80.88,7.12,43.15,35.29,32.71,normal,0,2024-11-12 19:40:00
4,319.25,246.51,301.69,-12.24,242.82,sensor_error,0,2024-08-18 12:50:00
39,87.87,11.47,27.11,35.1,73.58,normal,0,2024-04-18 14:32:00
22,75.06,16.72,36.86,35.87,53.66,normal,0,2024-07-10 13:52:00
26,80.07,18.2,21.01,41.35,10.0,normal,0,2024-08-08 01:09:00
89,71.2,19.55,48.7,28.47,43.69,normal,0,2024-06-18 18:21:00
71,70.22,10.97,51.01,34.23,59.6,normal,0,2024-01-24 07:34:00
66,71.61,18.75,43.07,40.62,22.17,normal,0,2024-01-12 01:18:00
65,64.82,6.92,14.14,38.11,45.29,normal,0,2024-05-07 09:33:00
60,62.48,18.21,39.39,31.61,54.77,normal,0,2024-04-15 00:14:00
21,74.03,24.21,23.46,25.4,68.24,normal,0,2024-09-05 18:49:00
71,78.02,16.76,50.38,36.63,50.03,normal,0,2024-10-22 06:33:00
54,66.79,13.44,35.32,37.04,74.91,normal,0,2024-03-13 08:47:00
59,72.73,18.69,42.83,36.33,76.98,normal,0,2024-06-17 06:57:00
53,65.71,15.35,38.25,32.4,60.17,normal,0,2024-09-05 01:56:00
24,72.62,16.2,45.03,47.68,39.07,normal,0,2024-02-28 23:11:00
79,64.08,18.14,17.38,41.18,53.45,normal,0,2024-03-07 15:50:00
38,57.26,18.47,25.29,42.12,67.05,normal,0,2024-07-01 14:26:00
36,88.44,15.28,42.99,38.1,62.05,normal,0,2024-02-07 20:22:00
80,78.94,14.29,19.25,29.54,56.72,normal,0,2024-02-22 04:08:00
13,68.33,8.37,19.72,36.62,46.4,normal,0,2024-08-10 20:34:00
60,61.74,15.81,23.45,38.97,39.81,normal,0,2024-02-22 12:41:00
29,83.05,16.35,38.97,28.26,47.79,normal,0,2024-03-02 04:10:00
78,91.85,10.35,23.5,36.52,40.1,normal,0,2024-05-16 00:09:00
49,83.82,18.18,24.06,34.86,29.11,normal,0,2024-09-01 03:22:00
65,71.39,18.2,48.37,40.64,43.8,normal,0,2024-02-11 02:59:00
88,74.78,11.72,47.05,34.57,30.07,normal,0,2024-12-21 05:24:00
28,94.11,13.51,32.38,31.73,64.18,normal,0,2024-12-06 19:47:00
82,75.52,18.33,25.15,36.24,58.24,normal,0,2024-01-05 18:48:00
100,57.05,12.84,15.2,27.51,87.3,normal,0,2024-09-13 14:57:00
54,80.36,12.3,28.66,36.99,52.45,normal,0,2024-04-17 22:06:00
10,76.23,14.9,44.62,39.9,64.55,normal,0,2024-10-22 11:49:00
2,85.71,22.13,30.28,37.49,37.73,normal,0,2024-10-27 01:51:00
10,64.46,10.52,28.0,26.58,76.53,normal,0,2024-01-03 11:47:00
6,92.93,15.37,18.44,47.08,45.73,normal,0,2024-04-02 05:25:00
18,78.8,12.98,11.99,32.57,14.78,normal,0,2024-01-24 13:11:00
34,75.63,16.28,25.94,26.45,40.58,normal,0,2024-08-09 02:30:00
87,81.07,15.87,43.07,22.18,45.72,normal,0,2024-12-29 09:17:00
82,59.69,18.15,32.04,29.86,47.1,normal,0,2024-06-19 21:03:00
89,72.03,18.39,47.88,31.39,75.11,normal,0,2024-05-21 11:09:00
54,91.28,13.41,25.15,40.58,49.69,normal,0,2024-10-26 15:32:00
48,57.17,12.04,44.37,36.27,50.91,normal,0,2024-09-29 03:46:00
44,64.56,16.29,32.33,38.28,86.75,normal,0,2024-12-22 20:09:00
78,70.66,12.87,20.65,27.46,44.54,normal,0,2024-07-18 08:47:00
93,77.55,11.82,42.22,32.71,45.2,normal,0,2024-03-11 20:31:00
32,73.17,10.35,28.84,38.89,38.38,normal,0,2024-03-06 12:55:00
51,85.76,14.44,46.08,44.99,45.07,normal,0,2024-08-29 14:13:00
70,79.6,7.8,42.49,32.67,57.17,normal,0,2024-04-09 19:32:00
6,66.2,9.43,44.42,40.94,70.92,normal,0,2024-12-29 17:12:00
44,75.42,11.83,19.55,37.87,51.95,normal,0,2024-01-20 23:11:00
29,79.01,17.81,23.37,34.54,67.3,normal,0,2024-11-15 03:45:00
58,72.77,13.37,38.96,34.94,66.61,normal,0,2024-11-10 11:50:00
56,-23.94,280.08,465.76,-3.87,-24.36,sensor_error,0,2024-09-21 16:07:00
18,72.8,24.27,36.37,37.72,48.47,normal,0,2024-11-17 17:25:00
36,74.75,17.78,28.29,44.84,75.48,normal,0,2024-05-19 16:00:00
86,82.53,24.45,25.54,32.86,67.34,normal,0,2024-11-15 01:29:00
85,81.67,16.04,40.13,29.27,23.78,normal,0,2024-05-29 15:35:00
32,81.25,15.46,51.09,27.68,44.98,normal,0,2024-03-05 00:24:00
15,65.78,14.12,27.5,30.24,62.9,normal,0,2024-02-02 23:04:00
84,84.17,15.86,34.94,42.81,32.6,normal,0,2024-02-07 18:07:00
22,78.56,14.29,39.37,30.06,67.54,normal,0,2024-09-20 19:23:00
46,80.75,13.65,40.53,40.37,59.52,normal,0,2024-07-08 15:54:00
76,76.34,13.4,34.62,41.43,41.03,normal,0,2024-05-08 01:37:00
66,76.91,5.43,19.22,35.8,67.04,normal,0,2024-11-27 03:51:00
84,-999.0,-15.58,-48.71,-27.69,-33.59,sensor_error,0,2024-08-24 21:46:00
52,62.48,23.63,55.06,35.58,50.32,normal,0,2024-02-19 02:25:00
26,77.61,15.53,33.98,20.0,45.84,normal,0,2024-02-09 10:58:00
34,74.09,10.82,37.52,33.23,58.0,normal,0,2024-12-26 12:14:00
58,77.79,16.83,41.01,35.15,55.75,normal,0,2024-11-13 15:52:00
11,78.31,16.64,30.59,35.09,16.37,normal,0,2024-04-02 06:43:00
79,74.71,22.45,12.4,46.94,52.63,normal,0,2024-10-10 18:05:00
98,61.98,12.81,23.99,32.6,19.63,normal,0,2024-12-20 19:11:00
4,78.34,12.87,48.31,46.39,46.42,normal,0,2024-04-28 18:11:00
20,99.83,13.69,40.06,43.27,41.48,normal,0,2024-08-05 23:53:00
59,65.66,15.85,44.49,35.17,23.95,normal,0,2024-02-01 01:28:00
32,94.22,12.42,17.62,34.42,54.78,normal,0,2024-04-16 20:14:00
70,74.56,4.36,24.51,39.35,70.89,normal,0,2024-05-02 16:06:00
26,73.6,17.25,46.76,34.43,20.03,normal,0,2024-01-06 06:49:00
2,75.49,12.47,35.75,35.44,33.74,normal,0,2024-04-22 13:39:00
100,61.38,21.63,45.09,33.06,10.0,normal,0,2024-09-29 19:32:00
60,71.48,18.27,27.89,36.39,42.09,normal,0,2024-07-13 19:53:00
77,76.37,22.04,51.34,37.98,46.91,normal,0,2024-03-05 04:29:00
47,66.99,16.42,30.97,39.03,32.63,normal,0,2024-10-18 06:59:00
60,80.05,17.66,54.56,30.82,48.94,normal,0,2024-08-25 12:14:00
12,68.36,14.0,48.49,44.14,33.76,normal,0,2024-11-30 00:38:00
45,89.53,16.18,13.43,38.78,30.2,normal,0,2024-04-09 17:57:00
72,83.72,11.01,40.85,32.84,47.96,normal,0,2024-10-08 06:10:00
18,82.74,10.02,24.54,23.87,52.59,normal,0,2024-06-18 16:46:00
58,74.28,17.24,32.59,29.58,68.74,normal,0,2024-01-23 03:32:00
97,79.13,9.8,22.03,39.64,33.34,normal,0,2024-03-15 08:22:00
68,84.34,17.38,16.95,34.41,56.77,normal,0,2024-05-17 16:04:00
48,82.62,22.31,11.09,32.28,65.85,normal,0,2024-08-25 06:06:00
60,74.74,14.29,35.17,31.21,33.38,normal,0,2024-04-06 18:57:00
93,73.45,15.73,22.57,31.95,47.09,normal,0,2024-05-22 07:44:00
6,71.04,16.58,29.34,33.13,63.15,normal,0,2024-06-21 13:33:00
59,81.76,14.28,35.95,32.24,54.52,normal,0,2024-10-30 15:51:00
100,60.75,14.9,12.61,38.25,36.02,normal,0,2024-02-20 15:16:00
93,61.45,11.08,33.26,41.08,60.44,normal,0,2024-10-11 02:04:00
69,72.15,13.23,22.23,43.85,95.0,normal,0,2024-01-25 15:44:00
64,80.17,10.5,46.8,34.24,51.94,normal,0,2024-01-26 19:20:00
73,88.55,15.16,29.88,30.21,49.85,normal,0,2024-10-15 03:24:00
94,67.22,22.62,45.01,37.35,75.13,normal,0,2024-05-27 03:22:00
51,84.93,10.79,37.59,31.11,53.67,normal,0,2024-01-17 04:51:00
36,83.02,13.81,46.18,43.58,51.62,normal,0,2024-07-30 13:51:00
75,81.98,16.07,26.6,30.01,57.08,normal,0,2024-06-07 11:05:00
4,88.99,18.08,11.16,28.79,31.57,normal,0,2024-09-14 01:02:00
92,80.73,20.41,31.98,36.84,26.03,normal,0,2024-02-25 20:33:00
21,79.6,13.42,61.6,40.58,39.17,normal,0,2024-06-18 00:19:00
56,79.67,19.71,42.64,34.17,64.3,normal,0,2024-10-26 07:44:00
47,66.49,13.48,37.74,41.02,49.4,normal,0,2024-07-07 13:52:00
38,80.26,14.73,32.39,39.56,60.79,normal,0,2024-08-29 04:52:00
67,59.17,15.22,4.18,35.43,69.54,normal,0,2024-11-17 00:24:00
23,67.43,12.27,46.91,41.86,34.22,normal,0,2024-09-29 01:59:00
43,79.7,13.16,32.25,45.14,65.09,normal,0,2024-04-02 14:27:00
96,66.68,14.84,33.67,36.04,53.77,normal,0,2024-10-15 04:16:00
6,83.74,8.41,41.82,35.48,62.32,normal,0,2024-02-25 12:03:00
75,77.42,18.56,28.96,46.44,55.75,normal,0,2024-10-13 01:18:00
21,74.36,15.8,37.92,36.29,68.64,normal,0,2024-10-11 08:52:00
57,79.47,11.64,11.23,31.29,33.55,normal,0,2024-03-28 13:16:00
82,88.61,16.0,32.83,31.72,36.21,normal,0,2024-04-11 00:27:00
58,77.15,14.11,7.9,40.09,68.64,normal,0,2024-10-10 21:27:00
27,83.35,12.03,41.93,38.21,71.17,normal,0,2024-07-08 00:37:00
68,82.12,13.37,39.63,36.85,74.38,normal,0,2024-06-30 11:03:00
79,86.87,15.55,33.23,25.1,57.65,normal,0,2024-07-06 21:35:00
19,84.54,19.21,25.59,43.34,22.01,normal,0,2024-03-27 10:01:00
48,77.84,11.72,30.52,34.07,72.34,normal,0,2024-02-04 04:58:00
82,83.82,22.89,28.26,38.35,52.32,normal,0,2024-11-13 13:28:00
36,80.01,11.77,29.27,30.47,44.33,normal,0,2024-10-09 15:05:00
48,82.1,21.46,21.65,33.2,53.06,normal,0,2024-03-21 00:27:00
27,76.47,11.94,43.45,34.05,63.45,normal,0,2024-02-01 16:34:00
58,79.38,15.29,15.81,35.26,69.7,normal,0,2024-08-30 05:09:00
77,75.99,14.08,36.59,38.98,69.59,normal,0,2024-10-02 17:16:00
96,83.25,18.94,27.02,41.43,48.33,normal,0,2024-02-07 13:14:00
36,74.79,10.99,24.81,32.58,33.4,normal,0,2024-06-07 09:09:00
57,75.32,19.42,33.52,37.82,64.35,normal,0,2024-04-11 18:03:00
78,75.43,18.02,24.17,37.31,71.47,normal,0,2024-08-22 02:42:00
59,63.54,13.63,23.11,35.34,58.24,normal,0,2024-02-13 23:45:00
21,44.21,47.48,37.83,63.94,26.96,real_anomaly,1,2024-05-10 16:47:00
79,72.5,7.33,27.02,36.03,44.26,normal,0,2024-10-04 00:58:00
34,81.41,15.83,38.87,28.78,52.56,normal,0,2024-08-21 01:37:00
58,82.35,13.76,26.04,30.24,40.32,normal,0,2024-06-17 07:28:00
17,94.95,17.35,30.04,40.08,34.67,normal,0,2024-06-21 06:02:00
31,74.98,8.59,22.06,43.92,69.84,normal,0,2024-06-09 07:47:00
96,64.5,13.86,7.26,41.8,64.27,normal,0,2024-10-08 10:34:00
26,81.6,11.83,36.91,34.12,60.5,normal,0,2024-03-16 15:56:00
92,75.95,13.48,44.57,37.23,60.44,normal,0,2024-05-20 20:30:00
10,93.08,15.1,18.58,34.81,60.7,normal,0,2024-02-28 01:28:00
18,80.29,25.73,10.69,34.65,13.9,normal,0,2024-05-25 22:24:00
49,69.18,15.06,30.6,34.34,47.26,normal,0,2024-06-20 01:55:00
44,76.8,11.7,37.95,41.98,73.14,normal,0,2024-10-14 01:48:00
5,82.63,15.97,59.64,33.9,58.21,normal,0,2024-05-30 01:38:00
65,91.44,13.9,26.16,32.12,36.34,normal,0,2024-03-02 21:01:00
13,78.72,14.34,41.56,36.38,56.22,normal,0,2024-06-29 20:41:00
19,93.9,5.32,35.49,26.84,41.88,normal,0,2024-09-09 03:49:00
58,78.97,17.66,38.21,34.33,29.73,normal,0,2024-10-27 21:39:00
56,75.88,13.45,38.85,36.68,43.95,normal,0,2024-03-12 13:35:00
31,86.21,20.27,32.63,32.04,57.6,normal,0,2024-11-14 06:49:00
66,81.87,17.89,40.1,48.3,46.93,normal,0,2024-03-30 22:40:00
20,70.99,11.94,28.02,35.77,58.7,normal,0,2024-09-26 17:30:00
50,66.88,17.03,51.15,35.24,67.58,normal,0,2024-11-20 09:26:00
61,70.0,18.28,33.93,31.75,41.35,normal,0,2024-06-02 10:28:00
34,79.08,30.11,27.45,31.24,68.3,normal,0,2024-03-01 01:03:00
71,78.61,22.3,33.6,32.49,38.44,normal,0,2024-03-03 23:11:00
63,88.42,7.78,32.1,29.89,62.11,normal,0,2024-05-30 06:38:00
100,68.0,19.93,37.19,38.39,49.74,normal,0,2024-05-11 11:40:00
33,85.74,14.87,35.77,36.35,44.99,normal,0,2024-11-26 19:55:00
100,70.04,8.44,15.37,36.38,54.99,normal,0,2024-05-12 05:55:00
21,367.74,-70.91,-16.06,-2.87,185.06,sensor_error,0,2024-01-20 09:09:00
90,89.29,15.28,34.92,26.86,57.11,normal,0,2024-09-03 04:40:00
86,73.98,8.24,29.58,34.81,48.05,normal,0,2024-02-17 16:35:00
14,89.34,12.26,41.74,31.85,47.94,normal,0,2024-07-05 10:57:00
35,88.39,14.86,29.11,27.61,40.22,normal,0,2024-02-10 05:45:00
36,79.09,9.47,37.34,40.67,29.93,normal,0,2024-07-26 13:02:00
17,73.42,12.29,69.83,39.54,10.0,normal,0,2024-06-16 05:13:00
69,78.99,21.62,37.09,30.09,63.56,normal,0,2024-05-28 06:52:00
63,60.84,9.64,31.57,40.5,39.86,normal,0,2024-10-09 18:20:00
23,72.97,9.8,38.72,24.64,64.28,normal,0,2024-07-19 02:04:00
71,58.34,11.94,41.98,42.43,35.44,normal,0,2024-02-12 09:11:00
78,76.47,16.09,41.7,34.99,50.42,normal,0,2024-11-23 21:28:00
35,71.84,15.72,44.81,33.84,19.98,normal,0,2024-04-15 13:56:00
65,85.69,11.25,57.56,40.02,35.11,normal,0,2024-06-16 02:00:00
37,79.63,19.71,58.2,32.37,26.82,normal,0,2024-12-08 02:05:00
83,80.33,16.82,43.55,38.87,58.76,normal,0,2024-09-06 08:59:00
93,75.43,13.22,29.16,30.86,56.84,normal,0,2024-04-10 03:02:00
31,490.66,-53.34,-48.2,-42.49,-18.18,sensor_error,0,2024-06-17 03:11:00
19,77.86,10.3,41.35,37.56,63.78,normal,0,2024-10-01 22:47:00
43,79.63,7.72,56.38,41.7,57.41,normal,0,2024-08-09 03:50:00
53,72.97,9.93,42.19,26.87,35.09,normal,0,2024-03-04 08:33:00
24,68.92,17.31,22.98,33.68,28.81,normal,0,2024-05-29 01:23:00
35,86.41,12.57,43.17,28.27,58.94,normal,0,2024-10-14 11:14:00
58,78.27,11.47,26.49,41.78,36.68,normal,0,2024-08-24 03:28:00
15,81.83,14.08,41.18,31.43,44.78,normal,0,2024-10-05 11:42:00
85,76.19,14.69,18.64,35.36,32.64,normal,0,2024-02-07 19:36:00
6,74.72,13.59,27.45,24.47,79.41,normal,0,2024-05-31 14:37:00
60,73.85,17.28,42.25,37.95,10.67,normal,0,2024-06-14 01:38:00
61,69.02,15.47,23.2,39.37,73.77,normal,0,2024-07-10 21:25:00
90,64.04,17.52,37.96,43.24,30.37,normal,0,2024-04-04 19:33:00
20,71.49,16.89,53.42,40.24,27.09,normal,0,2024-01-19 12:55:00
11,75.13,12.03,31.52,39.77,69.57,normal,0,2024-04-16 23:24:00
66,74.47,15.05,33.79,35.54,44.52,normal,0,2024-05-20 16:20:00
15,79.34,11.1,43.73,33.35,50.47,normal,0,2024-02-27 07:29:00
81,79.69,11.56,36.87,33.11,58.9,normal,0,2024-06-19 17:49:00
48,74.85,15.47,33.02,33.16,60.26,normal,0,2024-01-22 02:07:00
100,83.57,14.51,30.68,29.38,66.84,normal,0,2024-06-24 01:12:00
59,91.58,21.62,25.75,30.73,39.18,normal,0,2024-09-15 01:25:00
41,65.47,12.23,28.76,36.5,48.26,normal,0,2024-05-15 00:43:00
53,70.56,16.92,36.83,24.45,24.91,normal,0,2024-12-11 00:38:00
87,77.09,14.88,22.96,28.86,68.64,normal,0,2024-04-27 23:10:00
87,67.34,12.0,61.62,37.52,35.79,normal,0,2024-03-15 01:44:00
26,83.71,15.44,26.09,42.29,54.32,normal,0,2024-12-09 09:45:00
41,72.22,18.46,32.34,35.55,45.26,normal,0,2024-07-01 20:25:00
16,74.04,16.02,39.77,37.88,44.15,normal,0,2024-08-25 17:53:00
75,82.25,17.38,50.06,31.09,41.07,normal,0,2024-09-12 16:38:00
3,67.95,8.5,44.34,34.17,33.23,normal,0,2024-03-07 15:48:00
5,71.43,12.71,36.66,39.42,65.35,normal,0,2024-05-10 15:04:00
97,72.27,11.62,20.27,32.21,29.43,normal,0,2024-06-28 14:33:00
73,93.34,19.87,30.27,42.17,35.28,normal,0,2024-03-12 01:00:00
50,82.04,24.0,25.5,35.52,63.6,normal,0,2024-10-03 04:26:00
77,63.55,18.27,21.28,29.5,57.81,normal,0,2024-06-27 11:58:00
5,79.76,14.36,41.14,31.13,10.14,normal,0,2024-02-22 00:36:00
82,76.38,8.06,23.17,30.72,54.61,normal,0,2024-05-14 18:49:00
38,79.16,18.65,38.54,48.64,32.93,normal,0,2024-02-03 22:39:00
44,56.17,11.84,45.05,32.79,61.6,normal,0,2024-12-24 03:52:00
17,89.45,15.04,38.07,29.26,33.19,normal,0,2024-03-15 23:57:00
77,82.06,22.74,33.64,35.05,60.5,normal,0,2024-07-05 17:03:00
88,75.86,19.08,31.44,35.95,71.23,normal,0,2024-09-03 16:17:00
75,77.16,17.53,38.06,30.91,44.2,normal,0,2024-05-31 11:17:00
78,65.06,17.19,32.63,40.11,58.46,normal,0,2024-05-06 15:33:00
53,80.05,13.39,31.01,31.59,50.99,normal,0,2024-10-03 19:27:00
43,53.08,16.46,51.44,34.21,55.1,normal,0,2024-04-12 01:53:00
28,72.51,21.0,30.93,27.68,51.7,normal,0,2024-01-01 03:11:00
17,88.65,13.45,28.71,41.76,85.05,normal,0,2024-01-21 12:38:00
34,63.37,15.9,21.96,30.88,47.95,normal,0,2024-07-10 14:08:00
52,83.45,13.82,20.58,34.06,57.17,normal,0,2024-04-22 21:54:00
50,86.58,20.48,27.86,46.23,46.76,normal,0,2024-12-19 04:27:00
5,105.52,42.45,25.04,52.57,63.69,real_anomaly,1,2024-06-05 01:08:00
5,76.5,12.23,26.25,22.9,37.44,normal,0,2024-08-14 10:05:00
88,86.74,20.12,18.56,31.63,27.28,normal,0,2024-06-10 22:41:00
64,87.11,10.01,22.51,33.23,26.3,normal,0,2024-03-15 07:33:00
42,77.49,18.01,31.12,40.21,40.26,normal,0,2024-05-16 18:25:00
41,77.29,13.02,38.51,42.18,53.35,normal,0,2024-05-18 23:36:00
43,68.36,9.63,42.39,36.88,22.46,normal,0,2024-05-29 15:36:00
63,69.19,15.65,37.36,28.24,65.2,normal,0,2024-07-29 18:16:00
100,78.25,15.09,41.78,33.3,51.69,normal,0,2024-03-11 04:24:00
84,82.79,17.58,47.36,28.38,53.31,normal,0,2024-06-18 18:07:00
77,81.36,17.21,24.87,34.14,64.16,normal,0,2024-04-27 23:07:00
65,81.45,14.78,38.16,41.48,64.66,normal,0,2024-11-06 11:09:00
57,80.49,24.36,63.73,31.13,71.53,normal,0,2024-10-19 05:08:00
74,68.96,10.62,44.73,34.27,49.25,normal,0,2024-03-17 00:10:00
11,89.45,25.5,40.82,36.48,38.67,normal,0,2024-01-09 12:56:00
3,68.68,13.72,20.57,35.63,64.28,normal,0,2024-03-11 23:08:00
76,84.33,15.17,30.32,32.31,34.18,normal,0,2024-12-12 23:12:00
52,85.18,15.79,27.41,42.15,35.27,normal,0,2024-04-06 09:39:00
43,81.06,14.15,26.44,31.45,54.18,normal,0,2024-03-22 13:44:00
16,83.64,8.46,50.43,34.91,58.02,normal,0,2024-06-15 09:42:00
6,-999.0,389.35,-15.79,-34.54,175.51,sensor_error,0,2024-03-14 16:47:00
22,62.06,19.76,46.86,37.94,64.28,normal,0,2024-06-08 01:38:00
90,77.06,14.11,46.75,43.38,24.44,normal,0,2024-04-12 00:18:00
13,67.83,16.23,31.76,41.97,52.15,normal,0,2024-09-26 13:52:00
79,57.76,14.33,33.15,35.13,66.4,normal,0,2024-05-14 16:00:00
93,94.09,16.89,33.85,41.07,14.39,normal,0,2024-04-12 19:44:00
3,81.78,16.61,33.97,41.75,41.03,normal,0,2024-09-21 13:03:00
63,69.66,14.46,33.39,34.48,54.16,normal,0,2024-06-24 10:04:00
30,66.66,21.77,51.07,24.56,71.94,normal,0,2024-05-21 05:22:00
8,85.7,17.05,35.46,28.39,64.96,normal,0,2024-12-12 18:26:00
77,68.09,10.39,37.07,35.66,46.3,normal,0,2024-08-15 23:34:00
25,80.5,15.14,40.79,29.78,78.39,normal,0,2024-11-20 19:52:00
18,39.92,41.92,35.28,63.33,38.74,real_anomaly,1,2024-08-13 18:09:00
26,83.7,19.8,27.22,38.4,39.42,normal,0,2024-11-08 13:11:00
58,79.58,15.41,25.2,30.12,74.79,normal,0,2024-08-23 03:13:00
38,74.28,17.9,40.16,48.85,61.29,normal,0,2024-01-24 06:19:00
72,72.65,17.38,48.84,31.64,26.98,normal,0,2024-01-02 10:54:00
33,71.18,21.1,22.05,28.19,27.28,normal,0,2024-01-09 19:01:00
14,81.22,11.23,42.67,28.31,36.35,normal,0,2024-06-17 08:54:00
100,78.19,19.81,28.11,32.66,45.07,normal,0,2024-05-03 04:58:00
82,69.96,15.16,26.19,36.82,65.14,normal,0,2024-02-19 01:25:00
39,85.63,17.05,44.29,32.09,62.52,normal,0,2024-05-07 11:00:00
88,67.76,7.85,26.79,33.46,59.43,normal,0,2024-05-23 15:40:00
67,58.32,16.8,22.19,30.49,50.06,normal,0,2024-08-06 20:06:00
90,87.14,9.56,32.64,39.33,52.1,normal,0,2024-11-08 16:51:00
12,75.58,19.44,46.29,36.71,42.42,normal,0,2024-07-31 18:45:00
12,78.62,14.59,38.07,33.77,48.13,normal,0,2024-09-09 22:05:00
15,72.79,16.3,40.33,38.03,48.02,normal,0,2024-07-30 15:13:00
20,92.21,16.26,51.62,28.04,37.57,normal,0,2024-04-17 16:50:00
65,79.27,10.94,28.3,33.44,50.57,normal,0,2024-01-17 18:11:00
58,72.16,13.45,12.54,30.59,49.79,normal,0,2024-02-15 16:53:00
61,81.53,12.94,20.24,36.28,79.71,normal,0,2024-05-26 19:42:00
2,86.67,19.73,27.06,33.85,27.32,normal,0,2024-05-15 00:17:00
96,80.24,15.68,53.9,37.18,58.41,normal,0,2024-10-23 06:26:00
2,73.47,24.83,17.83,32.55,47.26,normal,0,2024-09-06 12:06:00
31,88.12,20.58,16.11,38.34,70.79,normal,0,2024-12-23 09:58:00
68,75.93,21.33,28.62,37.62,52.86,normal,0,2024-05-18 15:00:00
83,84.22,14.77,37.15,35.91,54.53,normal,0,2024-06-09 11:43:00
81,86.77,19.07,30.27,38.36,38.55,normal,0,2024-09-22 21:40:00
55,74.65,19.13,41.3,29.96,64.07,normal,0,2024-07-31 16:11:00
16,64.19,20.85,12.89,30.87,65.5,normal,0,2024-05-21 06:43:00
79,74.16,20.6,40.99,36.72,39.44,normal,0,2024-05-09 12:17:00
38,81.99,20.98,50.59,35.6,51.99,normal,0,2024-04-12 11:24:00
77,78.82,17.7,50.2,43.19,39.46,normal,0,2024-11-12 13:13:00
44,-999.0,231.36,493.38,-30.37,-37.81,sensor_error,0,2024-12-07 16:41:00
33,78.18,24.04,43.19,37.41,49.94,normal,0,2024-10-17 04:45:00
1,65.47,18.79,42.05,33.85,51.79,normal,0,2024-01-22 00:38:00
75,87.52,10.18,19.86,28.08,44.35,normal,0,2024-09-10 12:22:00
99,69.95,11.28,16.92,37.78,48.63,normal,0,2024-05-08 01:51:00
66,69.36,14.06,38.55,32.64,22.46,normal,0,2024-05-02 01:05:00
36,84.09,11.87,25.37,30.23,27.74,normal,0,2024-10-23 06:17:00
60,83.48,14.73,31.38,40.07,75.95,normal,0,2024-10-08 20:57:00
38,72.81,7.67,34.18,28.7,38.66,normal,0,2024-10-19 09:22:00
12,-999.0,226.24,201.07,-11.65,232.4,sensor_error,0,2024-06-17 10:32:00
68,81.7,25.96,43.28,36.24,46.76,normal,0,2024-09-18 21:23:00
74,70.57,16.19,25.96,46.95,28.2,normal,0,2024-10-15 06:32:00
79,84.01,18.46,34.77,37.39,38.96,normal,0,2024-04-03 01:25:00
48,76.93,13.28,41.09,38.47,57.27,normal,0,2024-03-05 19:04:00
99,85.75,12.99,28.58,34.44,35.68,normal,0,2024-05-21 18:30:00
6,83.2,16.3,52.87,35.41,55.14,normal,0,2024-09-30 05:12:00
91,80.96,11.28,54.09,45.63,43.81,normal,0,2024-04-10 05:29:00
33,92.11,15.35,58.06,31.44,76.72,normal,0,2024-09-05 05:55:00
96,73.01,7.84,16.45,33.54,54.81,normal,0,2024-08-15 15:34:00
37,64.06,10.58,45.99,46.9,55.67,normal,0,2024-01-01 11:49:00
99,74.98,20.08,51.2,33.77,77.53,normal,0,2024-08-14 20:04:00
94,84.21,17.72,48.27,38.73,33.37,normal,0,2024-08-31 06:27:00
59,85.48,15.13,53.71,35.75,46.49,normal,0,2024-11-12 17:22:00
87,74.51,11.87,57.15,38.49,24.12,normal,0,2024-04-17 06:42:00
23,80.98,6.57,48.64,39.01,49.29,normal,0,2024-10-04 21:18:00
82,-999.0,227.86,-11.58,-37.76,-10.19,sensor_error,0,2024-11-30 23:58:00
53,86.24,8.14,54.62,32.87,44.65,normal,0,2024-11-27 14:05:00
97,83.41,21.96,29.29,42.23,32.01,normal,0,2024-05-25 21:49:00
57,68.34,14.34,1.34,34.14,60.31,normal,0,2024-09-10 01:35:00
75,68.8,2.09,32.04,34.59,48.13,normal,0,2024-09-20 12:27:00
33,67.44,13.12,39.05,31.53,39.26,normal,0,2024-11-30 08:59:00
66,77.69,16.27,41.26,37.6,53.67,normal,0,2024-08-22 07:21:00
46,69.45,8.92,31.61,44.26,47.95,normal,0,2024-03-20 15:59:00
69,91.82,9.7,35.38,31.43,49.84,normal,0,2024-07-14 12:54:00
23,65.71,17.46,42.85,39.43,47.98,normal,0,2024-04-08 07:13:00
82,69.26,3.4,16.6,34.9,54.93,normal,0,2024-11-28 05:44:00
59,85.5,11.23,48.66,32.32,45.44,normal,0,2024-01-16 13:14:00
87,95.71,18.65,27.28,33.77,42.0,normal,0,2024-07-16 03:36:00
55,76.43,15.63,38.89,32.07,48.35,normal,0,2024-10-10 16:44:00
82,88.68,11.74,42.92,30.19,44.6,normal,0,2024-09-14 17:15:00
26,78.45,13.08,24.74,36.22,56.25,normal,0,2024-07-19 08:24:00
36,75.4,15.09,67.84,34.1,55.15,normal,0,2024-08-15 04:59:00
89,84.45,14.86,45.66,38.76,46.43,normal,0,2024-11-13 12:15:00
39,88.31,18.14,58.65,39.69,54.93,normal,0,2024-04-17 02:00:00
8,78.94,18.01,27.7,39.44,48.23,normal,0,2024-09-19 05:17:00
47,70.46,6.17,32.08,34.23,42.53,normal,0,2024-03-14 10:22:00
11,71.48,13.89,7.36,25.14,58.59,normal,0,2024-07-30 04:03:00
71,75.23,14.91,35.03,36.15,50.58,normal,0,2024-07-01 20:02:00
36,87.92,12.43,29.73,33.46,44.16,normal,0,2024-06-14 02:14:00
45,73.74,18.56,32.88,41.06,56.12,normal,0,2024-01-29 14:07:00
31,74.32,11.6,19.32,29.54,19.71,normal,0,2024-09-27 08:12:00
30,82.27,16.01,22.77,40.25,46.2,normal,0,2024-06-06 07:45:00
45,81.98,10.52,50.46,37.69,61.49,normal,0,2024-08-10 06:06:00
92,83.3,19.04,38.57,35.96,53.4,normal,0,2024-02-08 17:27:00
12,88.32,9.38,22.37,42.32,57.95,normal,0,2024-09-17 19:17:00
19,83.14,13.19,14.76,39.58,77.29,normal,0,2024-10-19 01:01:00
64,75.11,17.91,38.78,38.02,49.58,normal,0,2024-04-27 08:41:00
35,76.17,19.19,36.27,31.42,47.2,normal,0,2024-03-14 04:52:00
64,79.01,7.61,38.91,43.19,61.0,normal,0,2024-12-29 12:38:00
96,77.57,17.78,33.88,35.22,66.79,normal,0,2024-05-12 23:27:00
50,80.14,10.45,45.76,25.69,50.58,normal,0,2024-11-27 03:41:00
63,81.51,15.13,43.97,35.16,21.25,normal,0,2024-11-27 14:36:00
23,68.12,19.22,36.57,35.0,53.4,normal,0,2024-02-21 10:27:00
62,81.23,22.13,21.35,39.56,47.35,normal,0,2024-03-26 04:37:00
23,85.98,9.8,47.95,34.33,58.73,normal,0,2024-11-12 20:44:00
69,62.33,19.57,37.73,29.68,60.76,normal,0,2024-12-22 05:22:00
78,78.61,21.25,22.29,35.42,53.39,normal,0,2024-10-27 07:50:00
88,81.39,16.85,41.8,33.31,47.15,normal,0,2024-11-07 02:32:00
48,87.89,21.96,46.07,40.01,63.55,normal,0,2024-05-31 23:09:00
40,81.96,11.58,34.88,35.93,74.99,normal,0,2024-04-25 07:44:00
65,81.79,18.71,20.47,34.63,42.03,normal,0,2024-12-22 21:05:00
76,80.68,14.09,54.39,29.46,55.87,normal,0,2024-08-17 03:40:00
73,113.31,53.35,26.4,54.19,41.15,real_anomaly,1,2024-09-15 00:09:00
80,87.11,12.24,8.66,34.35,58.77,normal,0,2024-12-02 20:35:00
37,78.12,18.9,37.78,29.24,50.14,normal,0,2024-08-24 23:13:00
19,82.32,9.03,49.6,27.08,50.3,normal,0,2024-01-24 22:45:00
88,74.77,13.84,30.73,36.7,39.62,normal,0,2024-10-13 09:09:00
2,75.72,12.26,36.08,37.21,28.84,normal,0,2024-07-07 14:39:00
75,74.43,18.29,34.8,30.12,56.41,normal,0,2024-08-27 11:37:00
85,80.66,13.77,37.56,36.53,50.97,normal,0,2024-10-24 11:56:00
62,79.97,14.0,35.99,35.23,50.06,normal,0,2024-05-16 15:38:00
88,69.3,12.16,22.95,26.34,59.17,normal,0,2024-05-07 18:43:00
7,87.32,18.07,48.81,27.43,67.91,normal,0,2024-10-28 19:32:00
99,88.26,19.33,44.93,35.93,57.14,normal,0,2024-06-21 02:30:00
8,86.7,14.7,31.27,39.81,70.57,normal,0,2024-03-22 01:49:00
23,80.0,15.97,14.32,31.72,15.12,normal,0,2024-09-04 02:46:00
1,66.23,10.3,38.71,29.84,61.81,normal,0,2024-10-11 03:43:00
24,91.15,16.78,24.79,31.47,42.73,normal,0,2024-12-28 16:57:00
5,63.75,12.13,36.51,30.59,25.83,normal,0,2024-02-16 05:56:00
25,68.02,17.4,51.89,26.61,31.28,normal,0,2024-05-07 03:01:00
50,82.85,17.59,30.74,36.26,42.64,normal,0,2024-02-17 01:20:00
55,80.84,21.9,56.84,37.14,22.03,normal,0,2024-08-17 21:26:00
49,91.14,8.04,26.16,34.58,77.06,normal,0,2024-06-08 03:45:00
7,76.66,7.31,36.21,39.11,23.5,normal,0,2024-05-22 20:53:00
42,74.57,11.62,49.37,27.56,52.63,normal,0,2024-01-26 03:12:00
4,69.55,15.03,35.38,22.84,46.57,normal,0,2024-03-23 02:07:00
58,80.29,12.04,29.85,30.24,50.92,normal,0,2024-06-17 20:00:00
61,70.8,11.99,59.65,43.67,57.55,normal,0,2024-09-10 08:36:00
53,84.29,14.13,21.4,24.32,32.93,normal,0,2024-04-04 09:03:00
17,91.65,18.99,52.11,32.45,25.1,normal,0,2024-03-29 11:12:00
49,74.51,14.74,52.49,31.42,21.31,normal,0,2024-06-30 10:09:00
64,100.0,20.64,42.15,37.41,51.21,normal,0,2024-05-09 01:12:00
24,74.82,20.0,35.45,33.08,52.06,normal,0,2024-10-16 16:06:00
39,79.7,10.48,21.74,40.75,38.02,normal,0,2024-12-10 09:17:00
25,82.97,24.68,16.14,43.16,35.84,normal,0,2024-03-08 08:55:00
67,82.24,17.97,30.99,41.14,40.96,normal,0,2024-09-10 11:09:00
30,-34.21,439.76,-47.62,-39.99,-15.57,sensor_error,0,2024-01-04 03:51:00
62,72.66,20.92,36.99,36.38,68.31,normal,0,2024-06-07 23:10:00
74,77.36,14.23,58.38,42.19,55.65,normal,0,2024-10-02 20:17:00
24,81.02,12.42,24.65,48.95,75.34,normal,0,2024-09-05 10:33:00
71,80.1,11.4,37.59,34.5,53.54,normal,0,2024-06-04 19:08:00
63,63.93,8.38,21.12,32.44,29.27,normal,0,2024-05-07 12:58:00
20,84.77,11.01,32.63,30.78,25.0,normal,0,2024-08-26 00:45:00
1,97.34,13.95,32.34,36.42,30.98,normal,0,2024-09-30 22:25:00
12,68.61,16.57,37.05,32.56,46.07,normal,0,2024-08-05 21:59:00
16,74.94,14.93,29.51,42.87,50.29,normal,0,2024-08-06 11:47:00
35,64.83,9.94,40.74,36.47,60.97,normal,0,2024-07-25 07:29:00
17,73.07,7.94,70.0,33.56,49.61,normal,0,2024-11-02 10:00:00
3,75.67,16.34,21.76,36.05,47.22,normal,0,2024-07-19 01:54:00
42,74.84,7.44,24.04,31.86,51.24,normal,0,2024-05-14 05:27:00
98,85.56,14.35,38.91,40.76,37.78,normal,0,2024-12-26 20:07:00
79,79.92,16.63,69.67,44.26,40.32,normal,0,2024-03-14 00:17:00
99,70.33,14.85,38.07,42.59,28.07,normal,0,2024-02-07 09:49:00
60,88.6,16.05,9.54,31.78,25.8,normal,0,2024-08-02 17:06:00
34,82.2,17.64,33.23,24.31,81.09,normal,0,2024-11-08 17:24:00
30,73.93,13.05,51.07,46.34,46.33,normal,0,2024-09-07 12:08:00
72,77.2,6.1,37.23,32.91,61.06,normal,0,2024-01-22 20:05:00
88,86.69,16.73,49.82,28.24,12.02,normal,0,2024-11-14 23:50:00
12,80.07,12.43,46.7,32.79,53.95,normal,0,2024-10-17 18:08:00
92,81.69,14.97,39.7,32.66,61.26,normal,0,2024-09-02 20:26:00
67,71.08,7.58,42.23,43.34,69.2,normal,0,2024-09-03 07:39:00
57,76.11,12.34,62.41,41.62,56.55,normal,0,2024-02-24 20:15:00
39,65.52,15.46,51.07,42.85,56.63,normal,0,2024-04-27 20:59:00
100,69.2,6.49,28.9,40.02,57.79,normal,0,2024-08-25 23:19:00
52,84.68,19.85,40.3,36.62,45.78,normal,0,2024-10-28 11:20:00
12,94.54,12.14,44.6,32.8,37.75,normal,0,2024-08-07 03:03:00
18,74.87,22.57,32.87,33.93,48.08,normal,0,2024-03-27 23:47:00
61,71.89,13.37,47.65,33.28,62.35,normal,0,2024-03-14 00:30:00
31,78.07,22.92,32.73,36.28,49.3,normal,0,2024-10-13 13:45:00
9,78.83,10.48,43.84,37.61,53.74,normal,0,2024-11-14 08:21:00
36,-16.5,484.35,317.35,-14.1,-20.6,sensor_error,0,2024-08-04 02:51:00
43,65.51,11.47,67.8,39.21,53.38,normal,0,2024-10-28 10:26:00
2,75.6,15.6,30.35,29.25,69.25,normal,0,2024-03-15 07:19:00
21,83.27,16.26,37.86,31.09,44.31,normal,0,2024-05-30 05:02:00
27,59.56,11.48,27.81,27.31,49.07,normal,0,2024-11-19 11:15:00
86,69.95,16.1,25.76,44.76,53.57,normal,0,2024-09-04 15:28:00
61,64.71,23.1,39.65,35.36,31.65,normal,0,2024-07-20 02:34:00
86,67.07,16.03,38.77,38.71,74.99,normal,0,2024-07-30 12:51:00
57,82.97,12.97,40.68,44.99,32.21,normal,0,2024-05-08 23:00:00
24,77.98,18.95,35.37,35.51,31.24,normal,0,2024-07-28 06:02:00
94,79.35,18.46,43.02,35.18,50.54,normal,0,2024-09-10 20:47:00
70,100.0,14.69,43.07,33.81,62.25,normal,0,2024-08-21 08:56:00
14,86.67,12.66,55.5,28.72,53.37,normal,0,2024-11-09 08:17:00
6,79.2,13.82,25.17,29.92,24.86,normal,0,2024-09-09 13:36:00
46,73.37,10.31,49.1,37.53,70.07,normal,0,2024-11-13 11:08:00
70,85.49,15.17,6.8,35.72,44.97,normal,0,2024-04-13 22:35:00
60,71.39,19.02,44.61,38.53,54.3,normal,0,2024-07-16 00:47:00
79,77.21,13.98,25.87,35.52,83.39,normal,0,2024-12-24 15:07:00
62,79.44,13.99,10.21,37.96,52.44,normal,0,2024-04-21 03:21:00
86,83.68,18.74,38.31,23.04,51.92,normal,0,2024-09-06 10:07:00
99,85.28,21.04,32.66,40.96,64.02,normal,0,2024-06-05 15:16:00
89,79.73,8.09,28.73,29.47,65.43,normal,0,2024-06-17 12:28:00
97,88.52,21.85,17.0,39.0,59.93,normal,0,2024-09-20 03:01:00
72,80.02,12.0,34.19,32.89,41.8,normal,0,2024-02-12 22:12:00
87,72.49,12.9,30.6,33.57,70.62,normal,0,2024-11-05 23:57:00
58,105.02,57.6,34.72,46.47,35.96,real_anomaly,1,2024-08-12 22:27:00
49,77.31,20.43,15.61,37.44,52.16,normal,0,2024-12-05 23:15:00
95,70.03,21.38,37.76,31.49,73.37,normal,0,2024-12-26 21:56:00
99,70.55,19.71,35.41,36.51,55.07,normal,0,2024-07-17 21:02:00
51,72.4,11.89,40.45,41.37,57.72,normal,0,2024-11-21 18:21:00
38,88.88,12.16,45.28,45.99,47.22,normal,0,2024-07-09 09:35:00
73,75.56,11.45,37.59,44.71,50.11,normal,0,2024-04-10 01:39:00
10,81.09,17.41,33.66,43.58,35.41,normal,0,2024-02-15 03:05:00
64,75.7,10.16,53.94,33.15,53.82,normal,0,2024-03-13 00:11:00
83,77.84,5.25,35.23,34.45,59.17,normal,0,2024-02-18 16:43:00
81,87.19,12.39,37.33,36.8,35.99,normal,0,2024-03-21 07:18:00
54,80.39,15.04,36.21,36.66,35.41,normal,0,2024-11-27 17:55:00
95,82.17,16.58,48.44,37.39,46.12,normal,0,2024-01-01 05:44:00
4,50.0,15.62,41.78,37.34,66.78,normal,0,2024-03-14 23:29:00
53,75.97,19.59,54.05,38.09,59.63,normal,0,2024-10-15 04:45:00
64,91.09,14.12,34.39,26.26,60.09,normal,0,2024-04-29 22:49:00
46,92.54,20.25,32.09,22.75,41.57,normal,0,2024-08-09 04:45:00
18,85.04,16.6,30.3,33.19,44.82,normal,0,2024-03-08 01:50:00
4,73.56,22.93,10.89,33.87,53.77,normal,0,2024-04-11 02:18:00
11,75.1,18.31,53.16,29.48,53.87,normal,0,2024-03-20 21:40:00
83,83.75,11.09,35.96,40.14,49.94,normal,0,2024-03-21 19:39:00
13,77.44,14.8,22.89,37.47,29.65,normal,0,2024-03-27 23:01:00
73,75.24,14.52,40.39,38.89,37.78,normal,0,2024-05-11 22:42:00
88,85.2,10.36,27.39,32.31,39.7,normal,0,2024-04-04 03:39:00
6,107.8,42.52,49.35,65.72,63.93,real_anomaly,1,2024-06-10 18:38:00
6,91.24,14.83,27.56,37.79,48.74,normal,0,2024-05-04 19:16:00
86,74.33,13.77,38.55,38.9,55.72,normal,0,2024-10-02 21:09:00
84,75.01,17.51,21.57,29.06,63.92,normal,0,2024-09-12 06:02:00
63,85.5,12.16,37.55,36.77,62.71,normal,0,2024-01-28 21:25:00
98,76.63,17.87,38.81,40.92,39.45,normal,0,2024-11-12 15:45:00
2,71.27,15.05,31.31,36.61,73.43,normal,0,2024-07-01 05:16:00
49,80.08,20.1,16.12,39.08,48.93,normal,0,2024-10-12 09:48:00
99,83.46,15.89,56.44,43.34,54.28,normal,0,2024-04-08 22:58:00
37,78.94,13.27,24.51,38.56,31.57,normal,0,2024-12-23 19:11:00
74,80.35,14.61,36.59,34.67,41.78,normal,0,2024-10-07 04:56:00
13,74.59,16.21,31.03,27.98,53.02,normal,0,2024-02-14 00:52:00
93,82.32,15.54,44.74,36.32,64.15,normal,0,2024-03-30 08:21:00
88,91.08,12.86,36.96,33.66,51.49,normal,0,2024-09-27 07:01:00
17,69.04,16.57,18.92,42.22,46.12,normal,0,2024-07-22 04:18:00
63,77.96,13.23,34.06,27.58,25.82,normal,0,2024-09-02 13:49:00
40,79.15,20.33,47.04,26.11,56.31,normal,0,2024-05-11 13:00:00
27,82.43,21.62,29.27,38.45,60.31,normal,0,2024-04-06 19:43:00
30,77.17,15.96,39.07,29.81,71.97,normal,0,2024-04-29 10:24:00
98,81.43,8.7,60.97,39.12,44.91,normal,0,2024-09-27 23:46:00
33,60.36,6.8,41.45,31.27,78.25,normal,0,2024-04-19 05:28:00
25,78.11,16.37,44.25,30.39,55.37,normal,0,2024-01-05 20:28:00
36,82.33,19.06,42.18,35.95,50.43,normal,0,2024-12-01 04:21:00
88,85.79,16.89,36.82,28.43,50.35,normal,0,2024-02-19 04:34:00
36,69.23,10.23,31.45,29.94,43.28,normal,0,2024-11-06 09:12:00
53,77.11,12.99,28.75,36.93,52.42,normal,0,2024-11-17 15:51:00
59,78.77,16.58,29.41,36.66,47.41,normal,0,2024-04-23 01:04:00
67,-999.0,411.57,207.42,-41.43,260.12,sensor_error,0,2024-02-05 07:57:00
14,82.5,24.69,44.2,30.83,76.08,normal,0,2024-10-18 09:13:00
48,71.05,19.57,34.94,36.75,68.69,normal,0,2024-04-13 12:25:00
60,73.8,15.17,33.65,29.01,51.97,normal,0,2024-01-29 21:06:00
79,83.7,20.52,38.27,34.07,48.81,normal,0,2024-01-04 08:57:00
19,69.99,19.85,43.0,37.4,63.73,normal,0,2024-08-22 01:12:00
99,66.36,13.07,41.84,22.44,62.6,normal,0,2024-09-10 22:25:00
98,78.53,15.52,37.6,34.44,76.07,normal,0,2024-08-22 02:15:00
96,83.46,16.4,47.67,41.11,59.9,normal,0,2024-03-19 01:06:00
88,76.35,14.04,23.69,41.05,61.84,normal,0,2024-09-28 18:37:00
59,77.25,11.81,38.29,30.87,71.49,normal,0,2024-07-19 07:05:00
31,83.98,16.57,53.1,28.48,58.26,normal,0,2024-06-03 02:35:00
99,86.78,16.88,19.29,36.59,40.19,normal,0,2024-02-14 22:56:00
32,-999.0,-17.97,-43.92,-6.27,244.39,sensor_error,0,2024-07-11 09:30:00
59,67.42,19.3,37.39,34.64,49.37,normal,0,2024-08-04 21:37:00
49,65.29,8.45,40.89,33.01,63.01,normal,0,2024-03-20 18:46:00
22,86.58,17.63,70.0,39.58,31.2,normal,0,2024-03-11 09:19:00
64,76.29,20.69,44.42,38.63,33.31,normal,0,2024-06-10 23:57:00
28,57.05,19.37,34.38,38.75,31.07,normal,0,2024-02-10 08:02:00
12,65.61,16.84,52.55,35.86,73.75,normal,0,2024-01-27 01:03:00
48,73.75,16.44,26.97,31.25,31.52,normal,0,2024-05-05 16:02:00
40,81.27,9.53,42.95,34.78,40.33,normal,0,2024-05-10 21:26:00
19,83.63,6.89,38.89,35.55,51.44,normal,0,2024-10-01 21:34:00
8,89.18,20.12,43.8,38.33,48.69,normal,0,2024-05-22 16:37:00
15,82.21,14.2,33.66,31.09,67.32,normal,0,2024-08-14 18:46:00
56,85.18,11.54,32.4,32.06,62.6,normal,0,2024-08-09 04:03:00
33,76.88,18.25,51.36,39.8,28.6,normal,0,2024-05-25 05:32:00
94,72.72,9.8,40.97,40.77,26.32,normal,0,2024-05-03 20:40:00
62,82.27,6.58,47.87,30.76,47.23,normal,0,2024-01-01 08:45:00
51,75.35,19.57,52.25,27.11,44.34,normal,0,2024-10-04 15:21:00
67,76.85,12.36,49.02,37.54,48.09,normal,0,2024-12-17 23:58:00
4,73.72,23.02,26.09,37.87,41.19,normal,0,2024-01-01 09:54:00
72,80.45,11.78,37.04,32.67,72.32,normal,0,2024-10-13 18:30:00
21,69.01,14.19,46.9,37.2,63.96,normal,0,2024-06-10 10:56:00
90,73.21,17.46,18.96,33.39,57.5,normal,0,2024-10-27 14:44:00
7,62.96,11.62,22.22,35.05,52.59,normal,0,2024-05-22 18:50:00
20,91.54,10.06,40.18,38.92,54.22,normal,0,2024-03-12 19:17:00
92,70.38,21.81,23.83,36.91,74.77,normal,0,2024-05-14 04:09:00
64,74.52,28.96,26.6,34.13,62.16,normal,0,2024-01-06 06:55:00
25,62.19,12.55,60.21,39.31,84.58,normal,0,2024-05-11 07:45:00
9,108.08,45.06,34.14,60.7,33.62,real_anomaly,1,2024-10-11 05:13:00
9,62.1,15.35,23.91,45.39,63.87,normal,0,2024-04-18 21:31:00
69,75.88,10.82,19.31,35.72,51.14,normal,0,2024-03-20 22:34:00
33,66.24,23.5,38.43,35.63,30.31,normal,0,2024-12-04 23:43:00
59,74.15,8.61,30.74,30.53,66.83,normal,0,2024-08-02 06:32:00
43,77.82,14.61,22.1,37.5,44.78,normal,0,2024-08-08 13:47:00
71,78.09,11.23,32.68,38.46,42.52,normal,0,2024-09-05 22:26:00
70,74.2,11.36,37.24,35.21,50.33,normal,0,2024-10-07 05:33:00
32,80.87,15.33,36.75,40.3,33.41,normal,0,2024-08-24 01:14:00
49,70.56,13.47,49.41,42.7,55.77,normal,0,2024-03-01 13:38:00
11,94.65,12.73,31.46,37.56,41.57,normal,0,2024-09-16 06:59:00
3,86.3,12.02,29.27,38.76,66.86,normal,0,2024-09-13 19:39:00
9,82.32,21.83,36.98,32.92,53.09,normal,0,2024-11-10 11:27:00
74,76.41,10.55,36.15,27.62,44.8,normal,0,2024-05-07 12:45:00
15,68.29,15.78,38.68,32.02,67.94,normal,0,2024-07-09 10:08:00
72,84.55,11.26,17.53,38.94,52.48,normal,0,2024-11-04 10:51:00
8,64.01,20.4,31.01,34.99,53.82,normal,0,2024-03-13 02:49:00
35,62.92,22.05,46.22,39.19,41.94,normal,0,2024-11-09 20:44:00
96,70.02,17.12,46.62,35.17,39.81,normal,0,2024-04-21 04:06:00
49,73.56,8.95,39.33,29.5,17.43,normal,0,2024-01-11 17:01:00
69,74.98,18.28,23.02,32.26,41.03,normal,0,2024-08-24 07:34:00
96,70.77,10.69,24.21,33.73,42.62,normal,0,2024-10-01 14:14:00
24,60.5,13.6,44.23,35.82,56.51,normal,0,2024-09-10 09:25:00
45,79.97,18.43,34.62,31.58,67.67,normal,0,2024-09-27 03:46:00
94,88.1,10.48,34.8,28.42,36.27,normal,0,2024-05-26 11:30:00
10,64.92,14.58,60.59,35.62,57.72,normal,0,2024-06-26 23:47:00
67,84.43,12.98,19.48,26.9,38.07,normal,0,2024-09-02 04:36:00
54,75.18,14.73,42.41,41.53,37.62,normal,0,2024-02-15 18:11:00
17,62.28,15.59,17.57,44.14,36.38,normal,0,2024-05-18 14:43:00
1,74.47,20.08,24.29,45.98,30.67,normal,0,2024-05-31 01:06:00
60,77.8,14.22,23.89,34.43,59.69,normal,0,2024-11-22 11:51:00
26,-47.06,497.29,265.26,-40.86,-31.57,sensor_error,0,2024-03-09 01:36:00
18,71.46,13.91,39.92,29.3,56.39,normal,0,2024-05-07 08:54:00
90,70.54,11.19,40.82,36.73,39.08,normal,0,2024-11-03 16:31:00
38,68.4,9.68,20.12,31.68,61.07,normal,0,2024-12-23 03:20:00
98,92.05,22.8,46.48,33.17,55.29,normal,0,2024-11-12 20:07:00
100,81.9,20.14,45.99,45.49,33.53,normal,0,2024-03-25 03:52:00
73,82.66,10.23,41.91,28.93,72.82,normal,0,2024-05-25 06:06:00
40,72.86,19.67,38.77,33.68,36.28,normal,0,2024-10-23 23:18:00
11,95.18,15.17,34.81,30.62,37.15,normal,0,2024-04-30 15:18:00
84,98.63,41.83,50.0,57.91,30.04,real_anomaly,1,2024-12-13 15:02:00
18,72.43,20.23,52.51,32.74,59.19,normal,0,2024-03-05 12:15:00
44,85.12,15.87,38.02,27.15,59.14,normal,0,2024-08-29 00:16:00
42,67.0,16.35,42.64,36.42,22.86,normal,0,2024-02-19 20:43:00
77,89.05,9.97,29.85,30.9,49.61,normal,0,2024-07-21 20:27:00
69,82.11,14.43,34.3,33.52,34.18,normal,0,2024-04-08 08:59:00
62,81.33,21.08,22.05,36.7,66.78,normal,0,2024-10-12 11:23:00
45,60.98,12.27,33.44,41.2,50.75,normal,0,2024-11-06 12:05:00
2,85.19,17.74,32.2,35.7,66.89,normal,0,2024-05-26 16:28:00
37,74.1,11.89,55.13,38.65,57.28,normal,0,2024-06-02 09:48:00
29,90.89,9.13,46.37,44.61,69.12,normal,0,2024-02-07 16:01:00
52,73.08,13.26,36.58,39.41,56.51,normal,0,2024-03-07 22:24:00
30,72.61,13.88,46.78,34.24,31.55,normal,0,2024-09-03 22:21:00
9,67.14,10.81,35.13,33.98,34.02,normal,0,2024-04-06 20:09:00
44,90.75,9.77,21.89,25.88,50.86,normal,0,2024-05-08 13:26:00
93,68.3,14.79,26.8,35.86,73.89,normal,0,2024-02-04 05:59:00
59,65.18,14.63,40.02,32.31,61.75,normal,0,2024-03-04 17:59:00
82,74.69,14.29,27.23,27.22,40.7,normal,0,2024-08-02 16:31:00
77,66.75,12.7,32.86,26.53,37.43,normal,0,2024-01-20 07:08:00
38,87.28,18.76,27.52,38.64,56.54,normal,0,2024-04-07 04:05:00
81,103.59,50.21,29.37,47.72,24.2,real_anomaly,1,2024-12-10 00:28:00
61,91.81,12.21,40.08,41.52,44.15,normal,0,2024-01-24 04:28:00
72,70.77,15.64,24.31,39.35,51.05,normal,0,2024-07-14 16:43:00
30,77.58,14.48,20.14,35.95,60.52,normal,0,2024-03-11 01:47:00
94,85.11,17.17,56.31,34.17,39.41,normal,0,2024-05-16 00:54:00
14,75.29,7.41,11.84,39.14,38.05,normal,0,2024-06-11 00:12:00
41,57.96,18.13,34.19,31.71,29.92,normal,0,2024-08-17 02:39:00
90,69.83,18.65,59.97,28.24,55.51,normal,0,2024-02-06 06:18:00
66,64.63,23.8,45.23,36.07,67.42,normal,0,2024-08-16 04:46:00
83,91.39,15.27,17.85,31.73,34.75,normal,0,2024-03-20 22:35:00
23,74.98,11.13,46.36,30.28,31.76,normal,0,2024-12-14 17:23:00
85,74.24,13.38,46.99,38.48,31.72,normal,0,2024-05-21 14:37:00
9,74.21,14.65,42.72,38.1,40.93,normal,0,2024-03-06 01:24:00
64,66.32,13.66,57.76,40.54,22.25,normal,0,2024-07-01 20:16:00
87,72.88,11.9,24.06,30.57,34.05,normal,0,2024-08-15 20:16:00
65,87.25,18.97,16.13,25.53,16.11,normal,0,2024-04-29 18:12:00
44,61.76,13.74,60.17,33.35,36.13,normal,0,2024-05-16 18:32:00
24,78.63,20.62,29.67,39.82,66.75,normal,0,2024-03-22 12:27:00
75,87.62,13.75,37.21,31.97,56.52,normal,0,2024-01-03 21:51:00
70,80.85,10.19,23.67,33.99,28.79,normal,0,2024-01-23 01:43:00
50,65.22,21.15,50.07,37.35,56.17,normal,0,2024-11-11 14:26:00
32,79.45,11.73,65.62,23.91,65.89,normal,0,2024-01-05 03:58:00
35,-41.08,-29.25,255.79,-48.69,212.08,sensor_error,0,2024-02-17 11:59:00
71,77.71,18.77,27.84,43.77,48.37,normal,0,2024-07-29 14:01:00
59,76.6,14.21,18.39,39.59,76.24,normal,0,2024-05-01 17:33:00
37,78.07,18.12,67.0,42.09,17.67,normal,0,2024-10-31 06:57:00
26,79.82,10.93,53.83,43.46,52.31,normal,0,2024-05-20 03:36:00
92,60.72,22.11,35.74,38.73,58.59,normal,0,2024-05-30 02:14:00
72,74.01,13.27,40.16,35.79,26.64,normal,0,2024-08-10 19:24:00
46,88.11,13.98,64.85,35.24,95.0,normal,0,2024-01-22 07:35:00
57,75.36,5.66,28.58,29.89,43.18,normal,0,2024-02-04 08:36:00
70,76.86,15.63,29.17,36.87,61.13,normal,0,2024-11-13 01:20:00
81,75.16,12.64,48.12,30.04,58.38,normal,0,2024-10-04 16:45:00
63,85.98,15.4,22.14,28.55,46.75,normal,0,2024-11-13 05:01:00
31,91.06,13.95,49.54,32.88,44.76,normal,0,2024-10-17 04:00:00
58,80.7,14.5,62.68,39.01,72.52,normal,0,2024-06-15 03:56:00
49,87.5,17.44,2.96,34.24,71.43,normal,0,2024-06-22 02:53:00
79,78.17,15.1,26.46,29.24,50.91,normal,0,2024-10-22 12:34:00
7,64.41,15.63,38.92,38.33,66.77,normal,0,2024-12-30 05:27:00
92,82.99,16.77,42.46,25.38,47.07,normal,0,2024-05-18 13:18:00
87,77.7,20.7,54.32,29.32,40.47,normal,0,2024-09-01 08:11:00
78,79.46,15.84,45.9,31.87,36.62,normal,0,2024-10-03 13:38:00
33,79.38,15.73,41.37,32.39,84.66,normal,0,2024-03-20 16:10:00
69,64.93,9.84,35.12,40.22,49.78,normal,0,2024-01-20 04:03:00
100,85.63,18.64,46.79,36.02,58.68,normal,0,2024-10-21 01:59:00
20,79.54,16.95,54.17,28.39,37.4,normal,0,2024-09-08 12:49:00
33,80.12,13.54,25.03,36.88,44.73,normal,0,2024-09-06 02:58:00
1,82.78,17.22,42.11,30.79,40.29,normal,0,2024-09-05 05:03:00
17,82.69,17.03,33.76,38.49,49.04,normal,0,2024-04-24 16:08:00
57,82.42,15.43,39.89,34.96,35.44,normal,0,2024-11-07 10:09:00
84,78.8,7.6,11.58,28.96,48.93,normal,0,2024-07-31 11:13:00
97,84.51,15.58,12.09,31.81,51.08,normal,0,2024-08-03 22:00:00
44,68.86,15.01,34.4,42.77,53.36,normal,0,2024-10-29 07:53:00
32,-999.0,238.52,-42.55,-37.8,282.03,sensor_error,0,2024-07-30 19:22:00
70,77.33,11.46,12.68,40.16,46.4,normal,0,2024-09-11 20:22:00
97,67.06,19.78,45.53,35.64,59.07,normal,0,2024-06-17 13:58:00
56,68.06,11.21,42.21,36.1,56.54,normal,0,2024-12-23 20:22:00
77,84.15,11.21,42.29,32.03,74.1,normal,0,2024-05-11 17:42:00
89,85.3,10.24,13.95,34.4,60.15,normal,0,2024-06-07 14:05:00
28,74.19,14.41,25.02,35.14,46.04,normal,0,2024-08-01 14:22:00
14,79.74,7.35,53.59,38.55,77.5,normal,0,2024-06-05 23:37:00
48,67.82,13.01,38.81,35.82,46.62,normal,0,2024-09-07 01:03:00
35,72.56,10.72,52.19,39.08,53.25,normal,0,2024-12-17 18:48:00
29,91.67,12.78,15.63,34.57,33.51,normal,0,2024-04-27 17:12:00
88,72.23,7.2,33.0,38.09,61.47,normal,0,2024-07-04 09:04:00
69,67.85,7.91,34.14,36.69,60.13,normal,0,2024-05-18 17:19:00
50,72.31,18.89,8.89,29.66,55.59,normal,0,2024-05-28 21:58:00
13,81.18,9.57,25.16,28.48,75.06,normal,0,2024-07-18 12:23:00
9,82.42,11.32,41.85,32.83,43.51,normal,0,2024-06-13 14:28:00
30,96.62,16.92,45.66,34.81,46.46,normal,0,2024-07-30 16:32:00
39,75.57,16.47,24.75,28.68,42.05,normal,0,2024-12-11 10:24:00
17,88.42,6.15,27.64,21.67,41.31,normal,0,2024-10-18 11:49:00
37,92.84,16.64,25.96,31.34,58.01,normal,0,2024-09-30 07:06:00
94,85.24,15.98,30.64,25.4,35.97,normal,0,2024-05-07 16:36:00
67,71.71,26.81,29.92,31.21,65.73,normal,0,2024-02-07 15:36:00
100,63.5,16.37,32.04,36.01,75.81,normal,0,2024-10-22 20:02:00
84,78.5,13.73,52.1,35.43,48.23,normal,0,2024-05-10 01:37:00
97,99.29,10.16,37.52,29.98,49.48,normal,0,2024-05-19 13:13:00
10,77.1,16.44,43.07,30.23,53.46,normal,0,2024-12-04 23:43:00
41,74.07,14.87,36.64,42.01,48.97,normal,0,2024-11-04 23:16:00
47,81.14,11.11,57.52,39.84,40.53,normal,0,2024-06-30 19:43:00
83,81.15,17.06,29.48,32.5,41.76,normal,0,2024-10-09 07:15:00
74,79.78,13.58,41.7,35.53,56.74,normal,0,2024-08-18 17:26:00
84,69.24,13.24,50.88,29.52,37.21,normal,0,2024-08-08 20:58:00
77,84.0,17.29,54.67,40.54,46.38,normal,0,2024-04-07 23:08:00
40,86.57,11.67,30.92,25.28,48.11,normal,0,2024-07-02 03:05:00
47,-999.0,-53.1,353.83,-43.26,-37.07,sensor_error,0,2024-04-23 17:45:00
32,83.61,18.01,17.93,31.63,49.8,normal,0,2024-08-25 06:11:00
9,82.96,12.53,24.04,40.38,38.29,normal,0,2024-12-08 04:07:00
46,56.81,20.53,42.46,41.15,42.78,normal,0,2024-10-13 16:08:00
90,81.83,25.35,43.94,40.0,78.44,normal,0,2024-03-24 21:15:00
44,86.17,7.46,33.78,37.04,49.87,normal,0,2024-04-20 14:52:00
29,70.01,9.28,28.77,31.21,52.94,normal,0,2024-09-23 11:45:00
97,74.62,17.69,34.05,34.0,54.07,normal,0,2024-10-20 04:56:00
2,72.33,18.47,47.52,34.94,39.32,normal,0,2024-03-15 03:45:00
57,85.74,12.1,15.79,40.48,61.75,normal,0,2024-05-22 01:21:00
54,83.78,15.71,34.79,35.49,38.85,normal,0,2024-05-13 01:35:00
11,275.61,473.11,-38.86,-4.67,291.76,sensor_error,0,2024-05-05 00:09:00
37,76.38,11.57,28.96,37.71,69.63,normal,0,2024-09-18 03:30:00
34,65.87,14.55,46.5,27.86,64.83,normal,0,2024-04-26 09:51:00
71,87.88,18.79,27.15,26.02,50.97,normal,0,2024-03-02 20:28:00
86,73.25,5.16,39.82,45.51,53.79,normal,0,2024-08-21 14:55:00
91,91.89,12.94,44.39,41.89,42.02,normal,0,2024-08-27 19:38:00
49,75.07,16.22,37.46,35.44,53.76,normal,0,2024-06-07 07:59:00
90,73.19,13.61,38.87,42.66,28.78,normal,0,2024-04-24 20:28:00
12,82.71,18.48,22.49,31.49,66.53,normal,0,2024-01-25 23:32:00
96,75.11,15.19,37.49,31.76,43.67,normal,0,2024-06-09 02:45:00
49,61.58,19.21,31.76,44.2,32.73,normal,0,2024-12-27 21:39:00
44,80.78,20.27,13.14,30.29,63.57,normal,0,2024-06-24 15:50:00
94,72.01,22.76,54.53,34.36,37.32,normal,0,2024-05-31 10:56:00
16,67.58,12.74,40.52,33.97,78.5,normal,0,2024-03-05 11:08:00
70,67.11,5.87,52.98,38.53,55.35,normal,0,2024-05-06 13:31:00
61,74.16,17.72,52.4,40.16,78.1,normal,0,2024-09-25 05:58:00
15,70.91,12.72,38.13,40.05,19.67,normal,0,2024-03-18 16:24:00
4,84.4,17.09,42.73,34.64,36.13,normal,0,2024-05-21 17:28:00
61,93.29,16.87,25.79,33.59,64.74,normal,0,2024-10-16 00:55:00
25,79.78,15.92,44.95,39.59,53.64,normal,0,2024-11-30 18:20:00
65,85.38,9.26,50.12,32.34,40.25,normal,0,2024-08-30 14:26:00
7,73.51,9.26,38.9,37.76,44.82,normal,0,2024-10-15 16:27:00
15,72.76,25.11,32.41,31.26,51.84,normal,0,2024-07-14 15:40:00
56,76.02,20.81,15.3,32.55,57.31,normal,0,2024-07-22 03:19:00
69,72.35,17.37,24.98,34.64,47.53,normal,0,2024-08-22 00:11:00
91,72.68,9.91,20.41,34.8,61.05,normal,0,2024-01-04 03:29:00
32,78.55,20.61,23.72,29.7,54.23,normal,0,2024-06-21 20:13:00
86,79.68,18.95,28.0,28.58,55.31,normal,0,2024-01-22 18:48:00
99,54.89,15.59,53.01,34.59,43.0,normal,0,2024-12-21 22:06:00
95,-999.0,-19.53,-31.03,-29.24,248.5,sensor_error,0,2024-12-15 03:37:00
26,70.89,25.14,44.15,38.94,58.41,normal,0,2024-03-16 09:22:00
13,71.23,14.21,51.33,35.38,34.9,normal,0,2024-08-31 06:03:00
93,77.8,10.18,30.13,37.77,19.58,normal,0,2024-10-11 09:52:00
79,84.87,15.28,28.08,30.6,29.61,normal,0,2024-06-05 09:53:00
8,73.44,20.5,28.65,41.82,51.6,normal,0,2024-05-27 11:24:00
69,72.17,15.1,42.05,46.6,26.44,normal,0,2024-09-26 04:32:00
23,76.94,13.98,39.45,34.87,56.81,normal,0,2024-06-11 09:25:00
53,87.8,14.09,40.11,33.22,38.58,normal,0,2024-05-02 19:30:00
28,68.07,18.33,31.51,34.91,55.85,normal,0,2024-01-25 23:19:00
62,69.81,16.48,28.65,35.84,44.92,normal,0,2024-03-06 02:56:00
75,81.25,7.1,42.16,29.71,58.72,normal,0,2024-12-21 19:35:00
88,92.8,14.85,41.89,32.05,41.09,normal,0,2024-07-29 11:21:00
60,76.03,8.65,46.89,38.79,54.91,normal,0,2024-10-05 22:59:00
42,80.5,14.16,51.92,35.78,60.86,normal,0,2024-04-24 08:45:00
58,56.25,24.47,34.96,36.88,33.5,normal,0,2024-06-09 13:38:00
68,75.05,21.73,23.61,38.54,62.75,normal,0,2024-06-16 07:59:00
82,71.34,13.4,29.07,35.29,54.99,normal,0,2024-03-23 03:35:00
26,75.55,19.85,39.04,37.08,64.86,normal,0,2024-11-13 01:57:00
23,74.44,14.56,47.13,36.03,45.51,normal,0,2024-08-28 23:06:00
25,71.03,12.12,41.3,34.97,47.34,normal,0,2024-02-15 10:02:00
85,74.21,14.58,26.45,39.98,67.3,normal,0,2024-03-29 17:25:00
50,66.88,16.21,42.79,39.83,63.88,normal,0,2024-12-11 12:24:00
98,77.72,17.43,54.76,24.54,56.14,normal,0,2024-06-09 06:25:00
84,93.57,16.06,49.08,30.59,49.03,normal,0,2024-11-29 17:26:00
69,85.45,17.57,27.69,41.55,54.91,normal,0,2024-04-28 18:37:00
92,84.07,20.47,53.51,29.77,56.41,normal,0,2024-10-26 07:19:00
63,79.42,12.77,55.64,37.51,61.92,normal,0,2024-03-07 18:03:00
21,67.05,14.65,26.18,36.81,52.77,normal,0,2024-06-28 17:04:00
74,67.08,12.63,40.31,31.96,63.25,normal,0,2024-08-11 08:05:00
89,79.84,17.54,23.78,32.81,49.36,normal,0,2024-11-14 11:07:00
25,66.95,20.08,22.4,41.51,51.7,normal,0,2024-12-22 10:08:00
31,93.04,14.9,35.01,32.29,53.91,normal,0,2024-06-27 04:59:00
90,87.2,15.93,57.11,37.18,26.74,normal,0,2024-01-21 06:02:00
70,93.7,21.47,53.15,34.48,57.01,normal,0,2024-09-28 17:23:00
22,79.21,19.53,65.27,33.69,60.69,normal,0,2024-03-18 19:44:00
31,84.92,18.76,29.39,30.06,43.46,normal,0,2024-11-29 01:46:00
26,69.88,16.96,36.55,31.44,71.8,normal,0,2024-10-23 09:51:00
67,87.12,18.02,36.61,32.15,77.0,normal,0,2024-07-11 08:21:00
17,73.35,17.21,47.06,38.03,64.11,normal,0,2024-07-22 10:38:00
64,79.33,6.01,42.77,22.07,73.64,normal,0,2024-02-26 18:37:00
35,73.48,17.05,38.09,37.94,62.79,normal,0,2024-05-20 23:31:00
100,81.95,16.8,5.7,33.91,42.26,normal,0,2024-08-25 02:02:00
51,63.59,17.64,38.93,34.53,44.8,normal,0,2024-06-06 14:01:00
5,89.12,16.03,12.27,42.16,65.56,normal,0,2024-12-11 11:36:00
85,68.68,20.46,31.48,30.39,69.44,normal,0,2024-06-14 23:19:00
28,74.94,16.4,28.83,29.5,50.04,normal,0,2024-05-22 01:38:00
61,79.7,18.72,35.33,39.81,59.59,normal,0,2024-10-02 10:31:00
70,75.4,15.49,24.23,32.65,39.5,normal,0,2024-07-21 11:18:00
78,38.07,52.57,28.99,50.06,54.64,real_anomaly,1,2024-02-22 05:57:00
4,81.51,10.22,35.89,40.68,54.53,normal,0,2024-06-09 11:06:00
89,70.77,13.18,53.95,31.31,82.7,normal,0,2024-02-01 17:52:00
61,77.73,11.82,37.99,33.43,22.04,normal,0,2024-07-29 15:54:00
84,82.49,16.98,38.54,27.55,62.3,normal,0,2024-07-18 20:32:00
66,73.47,15.47,17.48,36.86,51.77,normal,0,2024-12-21 14:09:00
26,73.14,14.78,14.21,38.35,46.58,normal,0,2024-04-08 02:55:00
89,86.15,10.72,34.53,41.2,57.91,normal,0,2024-07-30 22:11:00
4,80.38,12.38,25.0,29.84,50.08,normal,0,2024-12-30 08:25:00
8,78.15,15.09,30.91,35.67,41.23,normal,0,2024-08-30 01:23:00
50,97.81,15.69,43.22,28.62,71.82,normal,0,2024-03-13 15:42:00
85,78.76,12.78,64.36,31.65,55.17,normal,0,2024-09-25 06:51:00
91,75.18,17.1,65.82,39.89,42.36,normal,0,2024-01-19 09:33:00
15,75.05,13.71,14.93,32.34,44.83,normal,0,2024-03-28 21:00:00
52,73.39,13.14,43.34,33.22,48.96,normal,0,2024-08-12 10:00:00
52,70.72,13.19,26.44,29.22,26.95,normal,0,2024-12-24 08:51:00
19,79.5,15.49,43.64,37.47,62.6,normal,0,2024-10-28 14:25:00
53,77.59,16.96,39.39,23.6,50.25,normal,0,2024-09-19 11:27:00
36,68.12,19.29,36.66,35.36,49.84,normal,0,2024-04-28 19:49:00
24,74.21,11.79,24.64,23.02,37.13,normal,0,2024-04-29 09:19:00
19,81.11,22.35,31.76,30.0,61.45,normal,0,2024-03-08 23:07:00
76,-999.0,365.61,-13.34,-0.57,-14.36,sensor_error,0,2024-06-04 03:42:00
64,72.91,17.14,51.6,38.94,49.7,normal,0,2024-10-29 00:16:00
81,91.07,14.6,24.98,40.66,72.31,normal,0,2024-11-11 17:49:00
20,73.94,20.21,24.92,34.09,43.57,normal,0,2024-06-11 15:45:00
55,78.36,15.88,40.39,38.44,63.9,normal,0,2024-04-16 19:11:00
16,86.2,15.21,30.05,31.13,79.33,normal,0,2024-07-07 07:11:00
13,53.62,18.5,40.43,38.53,44.65,normal,0,2024-10-23 10:26:00
5,69.75,16.93,47.05,37.31,43.13,normal,0,2024-10-01 01:47:00
57,72.82,10.77,27.51,23.87,39.09,normal,0,2024-06-10 17:04:00
80,80.29,15.74,25.2,20.45,55.05,normal,0,2024-11-24 09:44:00
25,77.35,12.59,41.96,36.07,17.37,normal,0,2024-02-18 18:57:00
3,71.74,17.62,54.03,39.85,55.93,normal,0,2024-09-12 07:27:00
17,90.63,16.65,36.26,31.83,50.3,normal,0,2024-10-13 16:40:00
1,74.09,15.83,7.1,30.35,49.79,normal,0,2024-07-27 08:30:00
46,76.08,14.94,36.64,35.01,58.28,normal,0,2024-05-27 18:27:00
78,69.34,16.38,18.52,36.49,49.46,normal,0,2024-10-28 08:36:00
24,72.62,12.54,41.72,38.18,61.28,normal,0,2024-02-22 16:29:00
93,80.31,13.12,29.34,40.61,63.11,normal,0,2024-08-02 04:12:00
87,74.46,14.61,47.68,28.25,61.16,normal,0,2024-09-09 09:26:00
10,75.0,9.41,44.19,35.8,56.07,normal,0,2024-06-02 01:23:00
27,84.4,18.94,25.95,26.81,63.84,normal,0,2024-03-15 22:15:00
8,78.69,20.92,28.49,39.84,35.56,normal,0,2024-01-25 18:42:00
84,78.65,16.69,21.1,36.36,32.71,normal,0,2024-08-13 18:30:00
99,76.06,15.69,34.81,34.72,54.98,normal,0,2024-01-07 06:44:00
52,70.5,15.31,20.24,37.49,55.31,normal,0,2024-02-20 03:12:00
36,87.18,12.28,27.27,37.85,34.18,normal,0,2024-10-15 17:11:00
14,72.61,10.08,32.4,34.92,54.1,normal,0,2024-07-01 13:41:00
48,83.48,23.35,56.43,38.39,67.14,normal,0,2024-11-06 21:25:00
72,79.32,12.8,26.41,26.71,44.12,normal,0,2024-07-23 10:52:00
43,95.37,11.89,35.76,35.18,10.0,normal,0,2024-02-29 18:43:00
27,84.77,16.56,36.45,34.81,62.08,normal,0,2024-10-20 15:45:00
35,81.17,18.22,25.54,37.22,32.14,normal,0,2024-01-27 10:35:00
71,-999.0,320.19,-29.05,-10.94,-23.82,sensor_error,0,2024-10-25 08:58:00
99,91.17,7.72,28.88,40.81,40.57,normal,0,2024-07-27 12:34:00
91,58.72,9.38,42.98,32.68,45.02,normal,0,2024-09-15 09:07:00
19,86.79,17.73,24.92,32.03,53.38,normal,0,2024-12-26 15:12:00
55,63.43,14.27,29.15,40.91,28.85,normal,0,2024-05-20 12:17:00
94,-16.86,-94.61,-43.22,-3.65,203.68,sensor_error,0,2024-11-22 11:06:00
63,80.93,16.24,34.09,37.95,31.35,normal,0,2024-08-15 23:07:00
51,80.83,19.94,29.13,33.98,47.43,normal,0,2024-07-15 18:42:00
30,71.12,18.07,44.54,38.23,61.59,normal,0,2024-09-22 14:03:00
39,85.84,4.88,24.1,35.47,50.52,normal,0,2024-12-21 00:03:00
27,61.48,20.03,17.29,29.84,45.3,normal,0,2024-02-20 01:01:00
13,72.61,24.35,30.1,41.06,66.13,normal,0,2024-08-17 12:35:00
18,72.01,10.92,27.17,43.35,36.19,normal,0,2024-03-06 05:26:00
7,69.65,16.13,47.03,31.48,38.23,normal,0,2024-04-12 07:00:00
98,71.05,8.2,41.59,41.96,41.2,normal,0,2024-05-08 05:46:00
39,80.76,15.85,41.93,41.36,76.95,normal,0,2024-01-18 18:33:00
98,91.59,12.21,17.29,30.49,57.86,normal,0,2024-10-26 06:26:00
24,80.68,16.18,40.99,36.08,73.83,normal,0,2024-11-29 07:32:00
84,81.5,13.06,60.77,35.54,81.06,normal,0,2024-06-27 01:02:00
37,66.72,15.28,52.62,36.48,31.99,normal,0,2024-07-14 12:22:00
64,79.98,10.66,25.74,40.67,48.14,normal,0,2024-09-20 22:42:00
75,106.73,44.66,25.84,57.5,29.27,real_anomaly,1,2024-05-09 19:18:00
59,70.15,12.77,37.86,37.0,33.21,normal,0,2024-05-22 00:54:00
8,74.95,11.91,70.0,34.51,50.57,normal,0,2024-08-22 15:27:00
73,87.32,19.03,41.53,35.06,43.12,normal,0,2024-06-08 19:34:00
70,63.92,12.27,38.93,23.82,46.23,normal,0,2024-05-28 07:20:00
15,70.32,10.92,34.37,37.14,77.98,normal,0,2024-04-27 00:12:00
87,70.02,18.1,42.22,36.59,34.66,normal,0,2024-07-16 23:08:00
17,75.8,17.47,41.01,23.58,41.81,normal,0,2024-07-13 22:33:00
77,82.84,8.01,23.33,28.93,47.77,normal,0,2024-07-26 05:32:00
79,71.97,13.1,15.86,38.43,29.77,normal,0,2024-09-29 03:13:00
76,73.8,10.34,39.37,32.78,56.23,normal,0,2024-02-11 19:25:00
6,73.87,9.93,50.76,30.1,37.67,normal,0,2024-11-21 08:31:00
64,65.4,9.83,47.01,40.81,75.07,normal,0,2024-08-30 04:27:00
75,81.81,14.53,54.29,31.72,40.07,normal,0,2024-06-25 03:08:00
79,77.68,14.48,46.17,29.59,66.0,normal,0,2024-07-14 14:34:00
5,80.48,9.68,56.68,35.2,36.3,normal,0,2024-06-01 12:12:00
9,76.82,14.94,27.81,31.85,64.95,normal,0,2024-10-17 15:28:00
72,79.94,11.89,36.39,27.51,57.34,normal,0,2024-06-22 20:35:00
40,81.7,17.03,33.82,33.12,55.13,normal,0,2024-09-13 08:20:00
96,68.8,6.7,16.32,31.27,43.01,normal,0,2024-08-19 02:05:00
12,77.27,21.73,37.45,35.18,53.6,normal,0,2024-08-19 00:59:00
61,52.43,19.79,42.51,26.51,51.61,normal,0,2024-06-05 08:25:00
57,77.33,12.3,8.19,24.34,52.14,normal,0,2024-04-28 21:28:00
20,70.89,14.81,25.2,33.01,56.11,normal,0,2024-12-27 20:20:00
22,73.04,19.57,44.89,27.46,53.94,normal,0,2024-12-17 08:52:00
61,69.74,19.35,42.94,35.06,73.47,normal,0,2024-11-12 18:20:00
12,73.64,15.06,29.13,31.39,49.42,normal,0,2024-05-05 12:33:00
45,90.57,11.83,44.13,42.86,22.8,normal,0,2024-06-13 13:05:00
5,76.04,20.2,19.3,40.2,35.98,normal,0,2024-09-25 17:04:00
96,64.52,19.2,37.78,31.7,55.22,normal,0,2024-07-07 16:07:00
15,86.13,19.58,29.87,25.24,60.56,normal,0,2024-01-25 06:07:00
19,81.76,18.33,33.74,38.13,48.8,normal,0,2024-08-30 00:55:00
99,73.9,11.65,24.17,35.39,73.25,normal,0,2024-09-08 01:37:00
15,73.86,16.98,43.07,43.63,43.2,normal,0,2024-01-25 12:24:00
9,81.17,8.36,26.63,22.5,31.34,normal,0,2024-11-07 10:53:00
37,81.91,13.14,38.52,26.51,40.89,normal,0,2024-09-13 07:57:00
50,80.55,13.58,35.96,28.84,44.15,normal,0,2024-08-12 05:02:00
7,90.92,15.78,63.3,20.0,36.31,normal,0,2024-06-24 22:54:00
53,84.85,18.76,30.94,42.73,41.56,normal,0,2024-07-13 10:45:00
93,76.29,12.22,23.55,36.17,26.42,normal,0,2024-06-07 11:30:00
10,71.25,8.27,29.38,40.68,22.34,normal,0,2024-02-17 22:58:00
93,71.99,13.4,19.46,31.56,50.76,normal,0,2024-12-05 22:04:00
2,71.93,12.49,62.36,42.26,45.68,normal,0,2024-05-12 22:23:00
59,86.46,18.46,38.16,37.51,51.38,normal,0,2024-04-01 06:45:00
38,84.12,21.02,21.74,36.0,72.85,normal,0,2024-03-08 23:32:00
81,-999.0,449.69,258.02,-45.75,182.07,sensor_error,0,2024-03-09 07:43:00
36,76.54,9.2,15.57,31.17,70.46,normal,0,2024-10-17 13:52:00
33,77.25,16.31,29.38,38.73,40.36,normal,0,2024-11-16 11:02:00
49,83.35,12.5,39.33,42.14,56.28,normal,0,2024-05-23 01:22:00
62,73.61,15.07,45.66,35.25,39.66,normal,0,2024-03-23 13:12:00
6,73.87,15.42,40.15,33.25,51.14,normal,0,2024-04-16 05:23:00
48,73.29,14.05,36.55,32.95,46.45,normal,0,2024-12-02 07:44:00
86,91.92,17.46,30.24,38.39,82.06,normal,0,2024-10-27 20:31:00
72,71.32,16.79,46.72,40.57,31.7,normal,0,2024-11-19 22:55:00
22,65.57,10.96,38.7,32.07,56.81,normal,0,2024-12-13 22:28:00
98,77.13,8.55,26.45,33.42,71.95,normal,0,2024-08-30 12:53:00
42,82.7,14.05,58.22,36.18,46.21,normal,0,2024-06-05 11:34:00
39,87.98,12.68,40.64,39.98,45.32,normal,0,2024-05-23 11:43:00
25,97.94,14.53,46.37,43.75,59.54,normal,0,2024-12-10 12:01:00
34,68.57,11.77,35.97,26.37,30.72,normal,0,2024-08-29 10:11:00
51,81.97,11.7,20.42,34.42,55.12,normal,0,2024-09-08 03:26:00
29,74.85,18.29,17.94,35.26,70.06,normal,0,2024-09-16 01:40:00
72,99.93,36.93,53.24,57.02,40.07,real_anomaly,1,2024-01-16 10:01:00
19,109.09,41.5,25.06,59.03,48.07,real_anomaly,1,2024-08-10 03:06:00
11,100.0,14.5,37.33,42.18,70.62,normal,0,2024-02-28 02:11:00
14,83.55,15.74,36.84,40.5,46.21,normal,0,2024-11-20 06:52:00
78,71.5,16.8,22.51,31.64,45.14,normal,0,2024-03-06 06:37:00
4,101.99,59.41,37.06,56.54,72.63,real_anomaly,1,2024-03-16 17:00:00
51,79.49,18.51,42.58,31.24,37.31,normal,0,2024-12-22 21:44:00
40,74.4,14.64,36.56,35.07,59.18,normal,0,2024-01-18 22:49:00
33,73.04,15.3,50.29,37.88,45.59,normal,0,2024-05-05 04:48:00
60,79.86,18.79,29.52,32.91,46.46,normal,0,2024-05-29 08:44:00
69,71.97,18.22,5.21,26.51,39.94,normal,0,2024-01-31 05:55:00
49,84.69,11.84,40.47,38.49,24.23,normal,0,2024-01-11 20:40:00
30,83.55,17.94,48.35,33.79,37.15,normal,0,2024-11-02 21:42:00
65,69.32,13.5,29.35,35.46,30.78,normal,0,2024-05-03 06:49:00
32,78.06,16.55,26.3,44.82,63.98,normal,0,2024-01-29 07:24:00
3,81.97,12.2,51.11,36.94,33.11,normal,0,2024-11-06 15:21:00
56,68.15,17.39,5.05,38.18,60.55,normal,0,2024-04-02 14:45:00
24,88.78,17.97,33.54,41.55,70.43,normal,0,2024-10-01 11:42:00
33,63.12,4.52,19.23,41.28,61.42,normal,0,2024-11-03 12:36:00
79,75.74,16.42,45.32,28.74,51.26,normal,0,2024-06-11 13:57:00
15,62.99,9.55,57.3,36.76,57.31,normal,0,2024-01-13 23:00:00
82,77.01,11.2,34.65,38.88,43.26,normal,0,2024-07-17 23:45:00
54,71.1,20.53,45.22,33.66,48.14,normal,0,2024-11-25 00:29:00
44,63.34,17.17,33.07,33.61,42.64,normal,0,2024-09-26 01:27:00
28,72.53,15.82,18.02,37.49,46.58,normal,0,2024-01-03 08:27:00
98,75.34,20.76,44.98,35.96,56.53,normal,0,2024-02-12 16:15:00
43,82.27,13.56,49.52,37.84,58.82,normal,0,2024-03-21 21:44:00
51,86.57,14.24,31.68,32.16,49.29,normal,0,2024-10-16 00:53:00
35,-33.3,-43.25,-23.08,-45.13,-48.35,sensor_error,0,2024-04-11 01:54:00
28,72.79,16.26,22.25,38.8,30.22,normal,0,2024-04-28 23:00:00
100,48.22,39.26,27.35,65.42,25.44,real_anomaly,1,2024-12-17 00:46:00
96,82.96,15.51,34.11,37.94,58.31,normal,0,2024-05-27 19:31:00
33,87.52,17.56,10.32,26.51,68.25,normal,0,2024-02-22 06:52:00
21,82.93,10.57,34.78,35.59,40.2,normal,0,2024-04-10 05:29:00
49,69.23,11.5,59.49,31.2,44.57,normal,0,2024-06-11 21:31:00
90,82.38,16.05,41.83,28.43,54.82,normal,0,2024-08-29 04:43:00
67,70.59,12.33,15.33,32.49,45.91,normal,0,2024-03-28 07:11:00
14,70.75,11.43,27.73,39.21,55.68,normal,0,2024-02-06 18:20:00
62,82.83,5.44,50.15,38.38,42.93,normal,0,2024-07-13 01:16:00
28,71.62,11.89,27.21,29.25,65.16,normal,0,2024-03-07 04:01:00
38,71.13,13.58,24.81,44.58,49.1,normal,0,2024-06-21 20:37:00
55,87.17,10.76,38.55,37.09,46.11,normal,0,2024-04-15 16:49:00
44,66.12,11.68,11.75,36.09,41.64,normal,0,2024-08-12 04:03:00
46,83.57,23.03,51.18,33.67,86.46,normal,0,2024-12-04 02:07:00
59,84.76,17.4,42.91,37.84,57.41,normal,0,2024-12-11 23:16:00
3,81.49,16.57,61.45,35.44,39.5,normal,0,2024-03-21 22:52:00
74,78.06,22.58,28.38,35.95,64.84,normal,0,2024-02-23 16:48:00
75,66.48,15.41,41.89,35.23,48.44,normal,0,2024-10-27 02:35:00
27,74.96,11.84,24.77,31.78,29.03,normal,0,2024-12-24 11:39:00
9,61.96,14.93,49.03,23.85,57.31,normal,0,2024-06-21 01:34:00
38,80.63,12.9,48.62,38.9,29.41,normal,0,2024-12-10 11:24:00
38,81.4,17.35,23.38,30.41,81.77,normal,0,2024-12-11 08:36:00
60,73.21,18.11,38.92,39.53,59.24,normal,0,2024-04-30 20:23:00
62,84.12,14.48,48.04,36.86,36.13,normal,0,2024-07-11 01:38:00
60,73.67,7.56,22.01,28.1,30.0,normal,0,2024-03-15 16:30:00
14,80.49,15.86,17.46,40.92,33.13,normal,0,2024-12-11 14:46:00
90,81.68,21.79,45.25,26.12,43.2,normal,0,2024-07-04 16:09:00
44,69.38,16.16,29.1,35.19,82.71,normal,0,2024-07-09 10:26:00
85,87.34,14.05,34.44,39.51,49.94,normal,0,2024-08-21 10:37:00
29,65.81,11.9,42.23,39.77,51.98,normal,0,2024-12-21 22:01:00
86,76.44,16.05,35.58,34.24,60.96,normal,0,2024-08-28 09:45:00
34,83.51,10.21,64.45,30.97,62.21,normal,0,2024-09-25 00:30:00
32,78.28,22.35,43.08,40.6,62.55,normal,0,2024-12-02 07:46:00
29,82.23,20.58,49.31,26.53,41.54,normal,0,2024-11-21 12:10:00
55,77.11,14.69,22.17,41.53,71.06,normal,0,2024-11-25 19:23:00
19,93.14,11.59,45.16,39.13,61.57,normal,0,2024-08-03 14:41:00
79,88.89,12.24,17.45,32.65,49.35,normal,0,2024-02-03 20:23:00
90,58.13,9.73,33.18,33.13,44.41,normal,0,2024-11-04 22:31:00
5,93.48,19.1,20.54,40.44,58.86,normal,0,2024-04-11 00:43:00
67,69.68,11.6,49.12,38.62,46.83,normal,0,2024-08-27 19:09:00
51,78.92,11.8,26.31,32.07,42.22,normal,0,2024-06-01 03:41:00
36,85.31,9.21,35.49,33.28,50.32,normal,0,2024-05-12 20:16:00
82,96.51,16.84,21.48,28.73,56.44,normal,0,2024-05-02 02:37:00
11,74.6,16.35,44.93,39.37,70.08,normal,0,2024-06-10 14:19:00
92,76.07,16.63,43.76,28.7,47.72,normal,0,2024-03-05 18:39:00
98,63.67,23.07,42.95,41.58,42.95,normal,0,2024-06-09 17:23:00
47,65.54,12.45,49.92,34.82,81.57,normal,0,2024-12-28 07:33:00
19,71.22,18.38,50.09,33.21,61.22,normal,0,2024-08-24 21:08:00
16,92.98,22.43,31.76,42.23,42.62,normal,0,2024-09-17 05:09:00
57,86.59,18.3,14.05,33.81,28.97,normal,0,2024-02-24 01:26:00
71,70.41,9.25,31.24,38.68,53.77,normal,0,2024-06-07 21:31:00
34,86.52,21.53,37.43,31.7,40.64,normal,0,2024-07-11 16:09:00
81,75.9,16.95,38.79,31.65,62.46,normal,0,2024-04-24 19:24:00
96,84.81,20.06,58.28,37.07,63.89,normal,0,2024-11-08 08:26:00
80,87.7,12.21,21.11,32.91,35.06,normal,0,2024-12-13 04:32:00
77,68.41,8.52,37.02,35.91,41.8,normal,0,2024-06-03 03:18:00
52,65.42,15.09,48.84,43.08,65.84,normal,0,2024-09-18 02:06:00
10,82.05,14.5,35.35,41.25,16.29,normal,0,2024-05-14 14:40:00
37,66.35,17.29,51.8,41.46,64.62,normal,0,2024-09-15 08:03:00
12,68.73,8.51,44.29,37.28,38.55,normal,0,2024-03-20 16:28:00
42,76.4,13.79,53.25,34.84,72.53,normal,0,2024-03-26 04:15:00
49,77.28,19.05,54.38,40.29,36.54,normal,0,2024-12-02 03:47:00
37,69.95,14.37,32.89,31.18,62.02,normal,0,2024-06-27 04:31:00
7,78.35,16.94,29.03,30.95,52.94,normal,0,2024-12-26 07:22:00
60,90.42,16.45,37.73,33.28,26.44,normal,0,2024-08-28 06:32:00
28,72.66,15.36,30.86,32.68,44.88,normal,0,2024-12-30 12:34:00
72,72.49,18.28,23.06,37.11,44.96,normal,0,2024-12-10 09:37:00
36,76.74,21.69,17.9,35.81,52.34,normal,0,2024-03-28 08:14:00
33,64.91,18.25,42.63,30.72,36.33,normal,0,2024-02-23 00:55:00
45,75.36,11.38,15.03,36.67,52.47,normal,0,2024-08-06 02:25:00
32,76.13,6.42,36.27,35.73,46.47,normal,0,2024-07-19 07:20:00
67,65.35,10.5,35.27,44.39,43.88,normal,0,2024-09-13 01:31:00
71,75.57,11.59,64.63,32.07,36.79,normal,0,2024-11-24 07:35:00
34,78.83,17.83,36.03,24.61,56.69,normal,0,2024-09-29 14:38:00
37,88.76,16.38,48.61,36.25,44.27,normal,0,2024-11-03 17:45:00
39,90.65,16.85,25.02,28.24,61.59,normal,0,2024-06-11 11:24:00
75,88.66,15.7,34.33,44.84,47.22,normal,0,2024-03-13 15:11:00
22,79.95,19.65,48.32,38.6,58.08,normal,0,2024-08-27 04:36:00
35,89.65,21.8,36.78,34.36,64.95,normal,0,2024-05-09 20:26:00
63,72.05,14.98,42.31,29.48,45.84,normal,0,2024-02-02 16:14:00
54,60.73,12.12,47.72,27.32,52.56,normal,0,2024-04-25 01:05:00
26,85.98,23.34,16.85,35.94,46.85,normal,0,2024-06-28 12:49:00
15,67.73,6.38,41.34,33.11,50.96,normal,0,2024-04-25 14:45:00
78,85.3,19.05,28.26,33.09,32.65,normal,0,2024-05-18 05:53:00
34,67.67,13.9,19.94,30.57,41.24,normal,0,2024-01-08 10:56:00
47,61.91,19.38,25.01,26.93,48.03,normal,0,2024-01-07 21:33:00
92,65.2,16.4,52.17,27.18,34.26,normal,0,2024-02-21 22:58:00
54,91.11,14.17,25.54,28.37,52.23,normal,0,2024-10-05 13:05:00
42,85.12,16.65,22.91,28.37,36.26,normal,0,2024-03-09 08:07:00
95,69.03,12.31,33.95,37.82,29.18,normal,0,2024-11-30 01:48:00
26,80.4,16.26,34.09,38.5,66.06,normal,0,2024-11-11 06:31:00
28,75.29,17.83,32.22,31.12,70.07,normal,0,2024-12-25 21:20:00
49,83.04,16.63,33.24,30.61,63.33,normal,0,2024-05-21 04:17:00
18,88.51,15.47,42.58,30.76,52.03,normal,0,2024-01-30 15:07:00
94,67.69,24.7,48.92,35.57,51.55,normal,0,2024-06-08 07:14:00
98,77.14,17.26,45.61,28.48,29.44,normal,0,2024-07-20 00:06:00
100,65.3,13.29,34.43,41.6,28.5,normal,0,2024-12-02 18:52:00
4,79.44,17.8,21.02,36.73,48.36,normal,0,2024-04-11 08:45:00
53,78.51,23.35,23.67,41.34,61.18,normal,0,2024-11-06 00:54:00
50,65.77,10.85,18.24,35.04,38.21,normal,0,2024-01-18 09:25:00
9,100.0,14.61,33.01,30.08,65.06,normal,0,2024-05-07 16:25:00
83,93.41,14.0,14.48,34.36,47.89,normal,0,2024-11-05 10:17:00
84,54.42,9.47,35.69,51.46,38.62,normal,0,2024-11-20 00:49:00
23,70.69,15.16,43.29,27.99,24.4,normal,0,2024-02-12 15:00:00
50,88.0,17.06,37.6,32.96,72.52,normal,0,2024-06-12 21:22:00
8,82.38,16.44,47.84,41.92,35.03,normal,0,2024-04-04 08:59:00
49,72.5,11.22,27.1,30.85,32.38,normal,0,2024-03-31 13:46:00
30,66.78,12.13,58.69,36.33,41.0,normal,0,2024-07-13 16:03:00
92,346.84,-88.4,-49.52,-47.58,203.04,sensor_error,0,2024-04-12 10:40:00
44,81.1,10.75,29.95,45.86,68.97,normal,0,2024-06-12 23:04:00
62,75.22,12.83,16.82,35.89,43.93,normal,0,2024-11-13 14:05:00
54,94.91,17.74,42.92,31.67,35.93,normal,0,2024-09-01 22:01:00
35,93.28,14.49,48.85,35.83,66.27,normal,0,2024-05-28 11:56:00
80,62.91,15.71,25.3,33.32,58.92,normal,0,2024-03-28 13:59:00
80,77.5,20.23,46.97,31.97,45.76,normal,0,2024-12-15 02:24:00
69,64.54,19.43,36.02,34.07,82.52,normal,0,2024-07-12 23:55:00
17,76.28,16.01,34.48,29.08,58.57,normal,0,2024-05-06 12:18:00
52,74.85,12.43,48.3,28.25,39.32,normal,0,2024-02-10 22:45:00
36,76.51,15.18,38.72,39.31,46.16,normal,0,2024-06-10 14:49:00
40,89.63,11.88,21.86,36.53,73.59,normal,0,2024-08-31 01:35:00
93,85.46,16.66,38.94,42.26,73.93,normal,0,2024-08-08 07:12:00
81,77.7,23.34,25.73,31.7,59.55,normal,0,2024-06-22 13:05:00
57,77.21,21.8,17.78,28.34,72.66,normal,0,2024-09-03 15:19:00
59,66.31,10.66,24.81,36.95,70.53,normal,0,2024-02-27 08:56:00
62,68.32,16.7,52.45,31.75,33.88,normal,0,2024-07-29 14:08:00
75,77.61,12.49,40.48,37.06,47.04,normal,0,2024-11-23 07:06:00
87,85.88,15.68,34.36,31.86,60.4,normal,0,2024-03-18 21:51:00
62,65.09,12.9,34.36,33.05,53.92,normal,0,2024-02-29 14:34:00
38,74.85,20.15,70.0,37.84,65.26,normal,0,2024-12-04 06:14:00
24,82.82,14.49,25.29,40.57,58.17,normal,0,2024-03-14 19:20:00
66,78.2,15.3,26.82,33.39,48.56,normal,0,2024-01-06 00:40:00
49,69.43,15.6,46.27,25.21,45.47,normal,0,2024-10-23 00:09:00
26,63.78,14.31,25.38,22.38,39.21,normal,0,2024-04-20 00:00:00
85,75.7,13.2,24.65,30.57,37.64,normal,0,2024-08-04 19:37:00
48,70.0,16.07,33.06,34.07,38.77,normal,0,2024-05-01 23:35:00
54,73.35,13.9,19.17,35.54,48.3,normal,0,2024-02-16 13:10:00
86,83.23,15.68,43.6,28.71,44.79,normal,0,2024-07-30 06:23:00
50,72.19,14.49,22.39,26.86,69.85,normal,0,2024-03-04 22:16:00
19,69.01,13.32,51.14,38.07,38.06,normal,0,2024-04-27 01:27:00
58,74.64,9.03,32.6,37.16,65.22,normal,0,2024-02-16 14:34:00
85,69.25,12.47,34.62,35.55,50.87,normal,0,2024-04-06 12:03:00
36,71.29,13.13,13.46,45.53,37.2,normal,0,2024-09-09 05:57:00
90,75.82,23.17,33.14,42.51,71.66,normal,0,2024-12-04 12:20:00
67,72.5,5.82,32.98,37.98,67.16,normal,0,2024-12-06 03:34:00
1,72.39,19.79,41.31,32.88,60.07,normal,0,2024-08-09 16:51:00
48,65.84,13.15,24.29,38.64,49.82,normal,0,2024-08-13 13:49:00
8,71.65,19.16,31.25,35.22,50.91,normal,0,2024-11-17 08:00:00
92,74.58,15.83,33.74,31.34,29.67,normal,0,2024-03-09 01:40:00
52,81.28,14.1,26.83,31.77,35.85,normal,0,2024-04-07 13:05:00
40,83.22,11.66,37.28,39.33,34.0,normal,0,2024-11-27 05:04:00
2,80.18,22.66,27.44,37.97,62.34,normal,0,2024-02-21 04:52:00
80,77.07,18.84,30.28,29.12,19.74,normal,0,2024-11-12 12:17:00
25,77.62,10.32,16.48,30.53,38.87,normal,0,2024-05-25 03:11:00
48,77.06,23.27,20.27,41.62,52.9,normal,0,2024-01-30 14:32:00
17,73.61,18.58,24.26,29.79,65.73,normal,0,2024-05-04 02:02:00
3,80.95,13.05,41.46,37.89,78.45,normal,0,2024-10-06 01:30:00
32,73.96,12.76,22.8,40.7,56.88,normal,0,2024-12-18 07:36:00
67,71.87,13.44,34.31,34.57,48.25,normal,0,2024-07-06 13:14:00
24,77.58,11.72,33.89,40.22,59.4,normal,0,2024-02-05 09:24:00
72,81.53,12.02,29.72,33.63,45.66,normal,0,2024-04-25 15:11:00
75,69.79,15.99,28.04,32.33,57.07,normal,0,2024-07-31 16:17:00
91,62.71,17.82,30.39,26.96,32.98,normal,0,2024-12-19 18:09:00
9,72.41,20.07,46.96,38.34,83.62,normal,0,2024-11-14 21:07:00
46,88.59,7.68,42.95,37.42,58.57,normal,0,2024-10-11 23:34:00
49,87.05,13.63,37.72,31.68,47.44,normal,0,2024-10-15 05:38:00
36,77.12,22.64,32.19,35.89,34.89,normal,0,2024-02-06 15:18:00
1,87.23,16.81,15.53,28.22,52.92,normal,0,2024-08-19 11:20:00
95,79.96,12.04,37.5,40.24,17.88,normal,0,2024-05-12 19:23:00
40,76.32,15.43,28.3,32.35,60.78,normal,0,2024-11-28 12:31:00
73,81.41,13.12,46.99,32.01,41.74,normal,0,2024-04-25 17:45:00
40,72.54,11.83,30.98,34.29,28.01,normal,0,2024-08-31 00:38:00
18,84.62,14.9,42.22,34.45,45.79,normal,0,2024-09-16 10:17:00
61,68.38,14.7,49.99,37.6,38.71,normal,0,2024-10-10 01:08:00
98,74.59,12.18,18.97,31.57,50.0,normal,0,2024-02-21 20:25:00
68,75.72,18.55,26.03,32.74,59.11,normal,0,2024-03-10 23:27:00
13,66.35,15.12,45.57,33.28,38.17,normal,0,2024-07-22 12:33:00
84,70.84,18.37,29.68,41.99,47.58,normal,0,2024-11-04 17:16:00
79,93.2,14.28,30.04,30.0,39.87,normal,0,2024-08-01 06:16:00
70,82.27,20.41,30.27,37.04,39.48,normal,0,2024-12-10 11:36:00
44,34.53,45.16,40.36,59.43,62.97,real_anomaly,1,2024-05-09 20:44:00
55,90.06,13.68,50.92,36.06,16.72,normal,0,2024-11-17 03:20:00
19,66.95,5.39,24.86,39.04,33.41,normal,0,2024-01-31 16:54:00
30,80.86,9.83,37.04,31.15,45.97,normal,0,2024-08-22 18:43:00
29,67.01,3.49,26.46,36.64,36.17,normal,0,2024-09-06 02:13:00
9,76.55,17.02,25.32,26.3,25.46,normal,0,2024-01-20 02:12:00
79,80.91,16.31,43.14,44.41,38.54,normal,0,2024-06-08 07:28:00
99,75.19,13.91,15.3,38.78,41.2,normal,0,2024-04-15 18:53:00
4,59.89,3.68,29.94,37.82,45.19,normal,0,2024-01-13 10:23:00
20,65.44,9.87,40.17,38.52,26.94,normal,0,2024-12-01 23:21:00
33,69.15,15.0,31.5,28.79,47.07,normal,0,2024-07-05 18:00:00
84,67.89,12.86,37.81,32.33,56.54,normal,0,2024-08-16 06:05:00
12,66.58,22.34,50.61,27.84,68.48,normal,0,2024-07-22 16:08:00
56,75.37,11.53,53.6,31.87,62.77,normal,0,2024-11-01 22:53:00
38,69.71,24.44,50.48,30.56,57.16,normal,0,2024-07-15 20:29:00
47,87.0,23.41,28.9,30.17,49.9,normal,0,2024-04-16 15:04:00
32,76.5,12.23,29.1,30.22,24.68,normal,0,2024-02-12 09:01:00
86,86.66,18.78,19.91,33.15,67.27,normal,0,2024-04-25 06:36:00
17,103.13,42.0,39.7,69.55,49.96,real_anomaly,1,2024-06-18 17:07:00
86,76.89,13.64,25.55,28.68,33.22,normal,0,2024-11-02 18:13:00
78,77.97,9.65,26.37,35.8,47.39,normal,0,2024-12-19 22:39:00
48,84.28,12.34,35.2,45.84,31.05,normal,0,2024-10-30 13:28:00
7,74.36,13.38,36.45,42.1,30.86,normal,0,2024-02-25 23:18:00
13,85.12,9.9,22.25,29.21,45.19,normal,0,2024-12-19 02:42:00
3,64.01,17.24,38.72,38.49,45.11,normal,0,2024-05-17 18:31:00
87,77.68,6.12,46.68,33.7,36.75,normal,0,2024-03-14 18:59:00
59,76.98,4.18,27.98,34.07,52.33,normal,0,2024-12-18 11:29:00
73,71.87,21.95,31.96,39.26,49.47,normal,0,2024-09-23 15:37:00
34,66.26,16.68,34.11,28.76,19.04,normal,0,2024-07-16 00:45:00
47,69.43,9.84,35.28,39.09,51.07,normal,0,2024-07-29 20:50:00
14,83.15,15.89,31.84,39.72,62.22,normal,0,2024-08-28 08:06:00
67,81.58,12.69,24.4,28.92,42.91,normal,0,2024-02-05 02:06:00
95,74.1,15.61,37.33,43.6,66.78,normal,0,2024-10-05 19:41:00
17,-999.0,423.58,211.53,-39.51,-34.51,sensor_error,0,2024-12-27 20:23:00
94,78.92,14.58,42.43,41.58,36.53,normal,0,2024-02-10 23:32:00
64,84.07,6.65,31.93,22.33,39.69,normal,0,2024-10-13 19:19:00
13,67.67,11.29,24.93,26.9,43.37,normal,0,2024-04-08 01:09:00
70,76.48,18.1,53.18,33.45,57.79,normal,0,2024-05-26 23:02:00
80,76.63,12.07,42.39,36.28,38.57,normal,0,2024-02-04 12:12:00
37,77.36,18.56,23.02,32.26,27.66,normal,0,2024-12-26 18:05:00
76,86.82,16.84,30.04,31.52,62.36,normal,0,2024-08-02 20:14:00
4,-41.71,-31.72,-35.89,-39.96,280.01,sensor_error,0,2024-12-24 09:06:00
66,74.94,16.23,20.64,27.21,31.78,normal,0,2024-05-19 20:51:00
46,89.76,11.14,34.02,34.03,55.04,normal,0,2024-03-04 03:18:00
25,84.39,18.94,29.72,45.02,54.86,normal,0,2024-12-23 05:19:00
96,70.3,10.3,38.14,43.3,43.1,normal,0,2024-07-14 19:16:00
95,83.03,9.26,0.99,33.85,52.71,normal,0,2024-10-26 09:44:00
1,76.82,20.08,29.02,37.09,40.05,normal,0,2024-12-17 14:50:00
38,82.38,14.39,41.19,22.27,48.71,normal,0,2024-04-10 18:32:00
5,74.79,13.03,28.64,30.39,57.03,normal,0,2024-04-22 07:24:00
5,66.93,17.7,44.93,28.4,78.83,normal,0,2024-11-04 21:23:00
48,-999.0,-94.82,385.72,-8.17,-33.79,sensor_error,0,2024-05-26 00:23:00
48,70.25,16.68,25.67,33.66,43.69,normal,0,2024-05-25 22:36:00
1,92.54,16.24,37.71,24.9,61.62,normal,0,2024-03-04 19:08:00
92,70.0,9.09,46.13,38.08,51.01,normal,0,2024-06-16 05:35:00
98,90.99,7.35,45.85,33.4,41.71,normal,0,2024-03-06 06:41:00
51,67.38,9.79,35.87,37.43,71.55,normal,0,2024-09-30 13:39:00
91,87.23,13.63,42.91,30.05,41.65,normal,0,2024-01-24 11:00:00
14,86.84,9.25,45.7,35.99,47.91,normal,0,2024-10-02 17:35:00
97,79.22,23.2,18.69,31.84,20.13,normal,0,2024-10-05 22:30:00
46,74.34,10.76,39.99,34.84,36.83,normal,0,2024-05-08 13:51:00
99,85.62,18.42,22.37,31.67,61.32,normal,0,2024-07-23 04:51:00
9,83.68,14.38,14.58,44.25,70.78,normal,0,2024-09-06 10:33:00
21,97.06,10.38,39.28,34.7,14.02,normal,0,2024-11-15 18:02:00
81,92.68,14.69,36.39,36.43,20.55,normal,0,2024-08-07 22:14:00
48,76.18,11.1,33.28,36.0,24.98,normal,0,2024-11-23 21:26:00
13,83.68,20.89,34.69,34.66,59.62,normal,0,2024-02-15 06:40:00
22,75.62,14.73,26.31,41.47,45.48,normal,0,2024-02-18 11:44:00
27,79.57,8.8,18.25,35.93,66.48,normal,0,2024-09-15 13:18:00
100,86.7,10.73,37.86,37.68,62.17,normal,0,2024-08-11 01:08:00
2,92.73,23.09,34.72,34.42,56.29,normal,0,2024-03-02 23:29:00
2,81.85,16.25,41.39,43.83,33.48,normal,0,2024-08-23 13:02:00
60,71.43,17.14,45.07,31.2,55.75,normal,0,2024-03-23 01:16:00
93,85.63,11.07,15.01,31.22,58.9,normal,0,2024-08-26 17:52:00
92,75.53,16.06,33.79,34.14,61.94,normal,0,2024-08-14 19:33:00
31,80.7,13.62,25.48,33.77,39.5,normal,0,2024-10-03 06:41:00
43,75.1,17.29,34.73,31.27,61.85,normal,0,2024-12-01 23:45:00
8,64.49,12.73,43.37,32.3,51.39,normal,0,2024-02-03 19:34:00
26,60.83,11.74,39.01,38.61,51.73,normal,0,2024-04-13 22:13:00
36,71.26,11.45,58.83,49.13,34.76,normal,0,2024-07-31 20:44:00
17,71.79,12.82,36.07,39.56,28.12,normal,0,2024-12-27 00:05:00
51,88.07,6.41,60.07,34.11,47.12,normal,0,2024-10-20 16:50:00
15,63.59,13.66,29.2,43.76,51.5,normal,0,2024-03-02 13:44:00
23,64.16,13.46,39.62,38.65,49.68,normal,0,2024-07-12 00:38:00
11,71.01,14.62,44.5,28.63,46.78,normal,0,2024-06-15 20:54:00
55,59.68,15.01,18.39,36.78,34.79,normal,0,2024-09-17 19:23:00
4,78.19,15.84,28.52,35.62,57.37,normal,0,2024-06-16 07:21:00
81,67.06,19.1,24.23,31.65,69.88,normal,0,2024-08-13 15:32:00
97,78.14,17.84,16.13,32.71,55.98,normal,0,2024-06-18 12:41:00
90,73.61,16.2,37.39,38.28,54.92,normal,0,2024-03-16 20:44:00
38,73.78,13.6,45.68,38.97,74.48,normal,0,2024-10-09 00:39:00
28,78.34,17.6,40.32,22.53,56.05,normal,0,2024-11-15 21:47:00
50,82.07,11.77,62.45,33.15,42.16,normal,0,2024-02-28 06:33:00
97,76.57,18.55,56.05,32.47,37.92,normal,0,2024-11-30 12:14:00
54,68.95,12.39,28.26,36.63,75.04,normal,0,2024-11-28 10:43:00
82,87.01,19.64,37.87,33.26,42.63,normal,0,2024-04-02 01:32:00
16,53.93,15.51,37.93,45.1,38.4,normal,0,2024-04-17 14:55:00
40,81.08,11.49,51.83,32.92,67.12,normal,0,2024-05-06 07:15:00
41,67.73,9.19,38.7,22.22,62.49,normal,0,2024-02-18 04:17:00
35,-999.0,-40.68,410.19,-26.65,174.69,sensor_error,0,2024-06-23 20:58:00
55,76.37,14.5,28.58,41.74,44.06,normal,0,2024-07-31 14:25:00
28,71.81,25.55,23.18,35.29,57.53,normal,0,2024-09-19 13:47:00
52,85.09,15.17,66.49,36.78,39.53,normal,0,2024-11-19 12:58:00
24,87.64,18.42,34.76,39.65,71.1,normal,0,2024-03-19 21:08:00
100,64.84,12.84,38.22,32.08,39.1,normal,0,2024-09-11 22:08:00
20,70.35,11.83,40.17,34.36,54.33,normal,0,2024-07-11 05:09:00
12,83.03,11.4,35.95,38.45,48.94,normal,0,2024-06-12 16:45:00
16,96.14,14.45,61.72,44.98,59.53,normal,0,2024-12-06 19:26:00
94,66.44,17.93,49.5,36.1,29.21,normal,0,2024-08-13 16:20:00
75,79.59,16.23,43.19,32.92,60.6,normal,0,2024-05-03 02:31:00
57,72.86,19.43,70.0,35.84,71.48,normal,0,2024-03-23 14:39:00
72,72.83,21.73,22.39,33.99,46.15,normal,0,2024-10-08 13:20:00
55,70.9,8.77,37.08,38.09,46.94,normal,0,2024-01-29 13:15:00
30,74.91,13.92,40.06,33.53,46.76,normal,0,2024-01-20 19:58:00
60,79.41,13.83,32.29,30.14,45.48,normal,0,2024-01-24 04:17:00
41,67.54,14.73,36.95,24.24,33.0,normal,0,2024-07-15 12:26:00
22,83.01,17.2,25.39,34.9,38.94,normal,0,2024-08-17 21:09:00
47,80.56,13.1,42.11,31.61,62.56,normal,0,2024-01-31 21:41:00
20,76.62,19.99,24.86,36.77,20.01,normal,0,2024-04-23 12:37:00
45,89.54,13.88,49.7,33.8,66.62,normal,0,2024-02-13 14:04:00
42,83.9,10.71,23.55,36.53,33.36,normal,0,2024-05-30 04:45:00
72,72.66,18.91,40.44,34.46,53.75,normal,0,2024-03-25 05:54:00
8,75.0,12.86,33.91,41.75,54.51,normal,0,2024-01-19 17:08:00
86,58.36,20.79,45.9,32.28,46.09,normal,0,2024-02-26 11:28:00
26,89.09,13.05,34.35,25.5,23.33,normal,0,2024-07-22 23:22:00
42,81.72,8.38,42.42,37.17,62.53,normal,0,2024-04-30 08:54:00
40,88.34,10.93,33.8,35.44,50.42,normal,0,2024-01-13 13:15:00
68,74.55,10.1,62.72,41.15,23.43,normal,0,2024-03-10 01:20:00
14,72.0,14.35,44.64,35.49,23.28,normal,0,2024-01-08 06:54:00
28,67.19,9.2,42.93,36.56,52.0,normal,0,2024-09-27 03:52:00
48,81.34,15.79,18.11,33.7,47.65,normal,0,2024-01-03 05:08:00
2,70.0,22.97,50.3,37.19,26.52,normal,0,2024-01-24 11:26:00
54,80.91,19.29,35.01,35.79,44.22,normal,0,2024-08-05 12:16:00
70,82.92,21.57,32.23,43.26,40.36,normal,0,2024-09-29 10:32:00
70,66.61,13.22,38.1,34.72,55.75,normal,0,2024-11-24 02:13:00
84,73.75,13.33,23.17,35.27,51.22,normal,0,2024-06-08 17:05:00
22,63.28,10.29,23.16,36.96,33.73,normal,0,2024-07-10 17:07:00
22,80.1,17.45,46.79,33.34,37.28,normal,0,2024-05-31 09:04:00
89,77.5,8.04,29.99,35.53,42.59,normal,0,2024-09-09 15:11:00
57,77.46,17.72,45.27,33.07,56.25,normal,0,2024-11-04 23:46:00
85,84.85,15.27,32.72,33.45,52.46,normal,0,2024-08-07 17:10:00
96,80.07,11.26,40.64,35.28,49.97,normal,0,2024-09-28 20:23:00
44,85.2,14.51,33.57,35.39,40.51,normal,0,2024-01-31 05:06:00
68,79.88,22.67,43.52,34.89,52.34,normal,0,2024-03-11 05:24:00
70,87.45,15.68,37.13,30.95,37.01,normal,0,2024-03-10 13:09:00
71,79.16,18.96,49.34,33.74,26.02,normal,0,2024-09-15 20:26:00
82,82.7,11.66,23.6,27.05,62.37,normal,0,2024-01-27 18:22:00
65,61.05,9.75,37.88,36.64,49.64,normal,0,2024-11-29 23:17:00
47,78.57,11.74,43.0,31.05,14.87,normal,0,2024-03-07 23:12:00
69,76.3,13.65,25.87,32.85,46.8,normal,0,2024-02-10 02:36:00
58,70.97,16.89,22.16,23.41,48.87,normal,0,2024-05-26 13:22:00
6,73.26,8.73,27.1,31.1,12.05,normal,0,2024-12-23 14:35:00
68,70.86,15.01,50.25,38.26,63.14,normal,0,2024-08-30 12:55:00
49,71.42,10.88,41.06,23.98,66.95,normal,0,2024-04-04 00:22:00
97,78.85,17.97,35.51,43.32,43.45,normal,0,2024-04-13 23:07:00
96,87.12,16.04,33.39,47.38,45.56,normal,0,2024-03-02 11:05:00
38,77.87,11.94,19.6,31.98,34.72,normal,0,2024-09-01 10:50:00
98,77.45,11.5,6.66,41.67,56.29,normal,0,2024-04-10 22:54:00
95,72.24,17.04,42.07,29.39,36.77,normal,0,2024-06-24 02:22:00
73,73.18,15.33,44.09,42.99,43.5,normal,0,2024-12-10 17:27:00
62,75.71,14.74,42.24,48.27,57.76,normal,0,2024-03-13 10:59:00
12,69.22,23.49,45.92,34.95,39.77,normal,0,2024-04-30 19:23:00
36,72.67,13.57,25.72,40.79,29.62,normal,0,2024-05-16 00:25:00
97,76.66,17.98,16.93,30.69,55.99,normal,0,2024-08-01 11:06:00
65,81.7,13.6,28.7,31.79,54.38,normal,0,2024-03-06 03:04:00
71,75.04,17.24,32.02,40.01,49.51,normal,0,2024-01-15 14:33:00
54,73.04,13.57,41.72,28.86,61.86,normal,0,2024-03-30 20:00:00
44,77.55,18.97,49.97,30.18,83.44,normal,0,2024-01-15 01:37:00
84,62.63,12.91,33.18,36.74,35.82,normal,0,2024-06-21 02:38:00
42,91.09,18.15,27.77,29.2,41.15,normal,0,2024-04-21 22:19:00
12,75.55,9.08,33.95,36.6,11.4,normal,0,2024-01-09 23:12:00
55,78.96,22.87,39.58,34.2,30.11,normal,0,2024-04-05 21:07:00
76,73.41,20.77,48.84,29.83,44.64,normal,0,2024-06-27 06:45:00
48,70.8,14.5,70.0,38.2,53.18,normal,0,2024-01-25 04:04:00
25,76.78,12.46,44.12,42.72,54.88,normal,0,2024-06-23 11:07:00
47,70.26,14.38,20.97,30.22,55.42,normal,0,2024-01-02 13:23:00
83,82.03,16.2,36.24,34.38,48.97,normal,0,2024-07-05 17:07:00
39,76.29,10.63,48.33,22.85,51.5,normal,0,2024-06-23 23:59:00
12,71.87,12.02,51.76,42.17,62.65,normal,0,2024-05-24 08:48:00
63,73.63,12.07,39.82,47.21,54.45,normal,0,2024-10-09 06:12:00
13,68.71,16.45,60.77,29.55,27.42,normal,0,2024-11-19 13:06:00
85,75.67,21.61,24.33,33.64,43.35,normal,0,2024-09-05 09:07:00
87,84.87,15.96,39.51,27.89,53.02,normal,0,2024-09-25 00:48:00
17,81.12,14.95,46.61,32.78,40.17,normal,0,2024-03-15 04:19:00
16,61.17,12.66,43.48,32.84,55.64,normal,0,2024-12-07 01:57:00
12,88.42,19.04,35.23,28.98,57.35,normal,0,2024-10-10 13:20:00
57,72.61,12.3,63.77,38.0,38.76,normal,0,2024-11-05 13:08:00
14,85.68,13.94,50.81,38.6,46.18,normal,0,2024-12-27 01:38:00
12,76.28,16.17,24.6,26.1,45.55,normal,0,2024-02-27 23:55:00
55,73.26,15.06,46.02,32.51,57.85,normal,0,2024-12-19 22:01:00
30,81.03,19.51,23.54,35.68,51.22,normal,0,2024-01-14 11:03:00
8,66.38,13.53,20.25,29.78,45.01,normal,0,2024-11-03 21:27:00
11,93.78,11.75,34.11,33.45,61.25,normal,0,2024-07-13 07:08:00
24,72.7,13.51,40.43,30.21,61.23,normal,0,2024-12-10 22:28:00
67,84.41,9.5,42.07,32.68,56.29,normal,0,2024-10-04 09:08:00
22,78.61,9.58,44.68,38.37,60.99,normal,0,2024-11-21 07:44:00
62,79.99,16.85,25.9,32.76,67.96,normal,0,2024-08-15 04:09:00
19,88.21,4.93,42.85,35.24,43.29,normal,0,2024-03-16 16:50:00
97,77.89,21.88,29.57,29.09,61.08,normal,0,2024-12-06 01:12:00
14,94.16,11.0,28.89,32.38,36.59,normal,0,2024-08-15 12:10:00
3,76.08,14.38,32.54,37.52,30.21,normal,0,2024-12-12 23:38:00
53,74.69,14.4,47.04,31.78,42.13,normal,0,2024-05-14 00:39:00
26,75.81,16.8,52.57,30.6,30.59,normal,0,2024-03-10 08:55:00
39,70.3,17.58,34.26,24.21,36.24,normal,0,2024-06-03 21:22:00
76,74.26,13.86,30.32,40.85,61.58,normal,0,2024-11-23 16:59:00
61,70.7,13.51,13.78,38.3,48.55,normal,0,2024-09-15 06:02:00
44,82.49,14.94,21.86,42.2,73.53,normal,0,2024-10-18 11:06:00
85,67.68,18.75,41.28,25.59,47.71,normal,0,2024-10-21 03:57:00
86,73.96,16.26,30.52,40.37,52.04,normal,0,2024-11-11 15:57:00
66,-30.79,-20.12,484.04,-38.91,276.17,sensor_error,0,2024-07-19 12:59:00
17,73.74,12.81,10.59,31.51,52.09,normal,0,2024-12-11 14:19:00
78,78.16,9.12,55.22,34.07,39.2,normal,0,2024-08-02 06:24:00
95,59.71,6.76,42.86,37.76,56.15,normal,0,2024-03-15 07:34:00
17,91.18,17.95,33.62,35.17,38.81,normal,0,2024-05-16 03:42:00
87,74.8,15.98,56.75,37.35,71.22,normal,0,2024-11-12 19:43:00
74,76.19,19.12,21.31,34.53,84.2,normal,0,2024-03-07 13:23:00
94,78.5,14.98,22.2,36.49,39.55,normal,0,2024-11-09 11:24:00
68,72.96,13.87,48.31,29.35,70.42,normal,0,2024-10-05 07:46:00
24,74.86,17.56,47.47,36.31,74.55,normal,0,2024-08-30 05:02:00
93,81.5,13.32,25.34,31.8,23.87,normal,0,2024-06-03 13:49:00
51,66.72,10.43,7.84,40.08,46.61,normal,0,2024-03-02 19:08:00
43,80.55,17.22,36.67,34.31,52.86,normal,0,2024-09-18 04:25:00
26,79.33,14.14,43.26,29.34,71.84,normal,0,2024-05-23 21:03:00
41,94.22,19.09,27.41,33.69,66.5,normal,0,2024-07-13 06:48:00
2,90.39,11.63,33.52,46.86,27.59,normal,0,2024-11-28 00:43:00
28,72.27,15.45,37.27,30.33,49.24,normal,0,2024-08-26 02:38:00
66,98.78,13.24,17.75,32.0,52.72,normal,0,2024-03-16 18:40:00
18,70.1,19.99,21.9,31.72,45.21,normal,0,2024-06-21 08:18:00
48,76.75,15.56,18.12,34.11,46.52,normal,0,2024-04-06 01:50:00
83,71.2,14.76,53.25,30.43,67.6,normal,0,2024-07-28 01:56:00
90,62.26,13.07,52.21,33.55,62.05,normal,0,2024-10-27 09:44:00
58,81.54,10.22,44.73,28.97,70.17,normal,0,2024-08-23 02:38:00
54,73.42,9.87,40.19,33.12,67.52,normal,0,2024-11-02 02:45:00
14,79.29,12.98,24.91,39.32,38.65,normal,0,2024-09-03 05:38:00
4,67.38,17.32,36.27,28.23,23.95,normal,0,2024-03-28 17:48:00
88,62.05,10.28,19.05,36.19,42.51,normal,0,2024-07-09 12:21:00
33,86.99,17.1,29.04,29.04,28.95,normal,0,2024-02-02 21:12:00
4,81.05,16.5,29.68,36.77,61.88,normal,0,2024-05-22 11:48:00
69,96.69,18.08,33.97,32.44,49.35,normal,0,2024-03-25 08:39:00
47,84.66,20.46,65.31,34.11,21.8,normal,0,2024-06-24 10:31:00
31,80.02,11.84,24.83,36.51,52.99,normal,0,2024-12-05 10:32:00
17,70.02,21.62,17.27,35.59,43.93,normal,0,2024-11-16 10:34:00
27,66.63,19.5,47.36,43.09,58.88,normal,0,2024-02-28 12:34:00
56,60.97,14.64,44.54,36.04,61.0,normal,0,2024-02-06 18:09:00
89,83.8,10.69,27.17,34.34,61.13,normal,0,2024-10-10 06:35:00
2,71.74,13.57,29.67,27.17,46.19,normal,0,2024-07-14 17:09:00
35,83.92,8.28,33.71,29.02,41.82,normal,0,2024-07-10 16:24:00
93,80.68,21.57,60.91,34.23,46.47,normal,0,2024-03-03 19:38:00
62,68.31,14.92,41.47,37.1,51.39,normal,0,2024-02-23 05:21:00
32,76.84,12.23,23.2,40.38,43.38,normal,0,2024-05-16 22:29:00
72,82.46,19.13,39.82,32.57,56.3,normal,0,2024-04-26 22:09:00
24,108.06,38.23,31.24,50.99,59.37,real_anomaly,1,2024-11-23 17:16:00
70,88.76,19.96,35.51,30.79,77.05,normal,0,2024-12-02 02:15:00
55,63.95,14.11,50.49,30.12,59.91,normal,0,2024-07-23 09:56:00
33,82.76,11.39,51.27,36.83,42.16,normal,0,2024-12-15 22:44:00
99,90.6,12.02,35.53,33.12,41.68,normal,0,2024-07-19 19:19:00
69,78.66,17.54,33.78,29.94,25.25,normal,0,2024-07-30 19:51:00
72,83.03,19.89,30.53,41.87,55.68,normal,0,2024-05-01 03:47:00
31,80.39,13.89,47.14,27.61,77.04,normal,0,2024-10-01 18:00:00
24,54.57,15.38,29.23,35.35,53.59,normal,0,2024-03-27 09:25:00
95,83.87,11.19,53.94,33.26,66.0,normal,0,2024-01-22 01:31:00
20,82.73,13.14,42.36,36.13,40.64,normal,0,2024-08-08 20:25:00
69,76.06,12.31,30.35,39.32,65.83,normal,0,2024-07-25 20:52:00
2,83.08,13.64,45.17,39.12,57.14,normal,0,2024-01-07 20:44:00
7,67.29,11.4,60.84,32.58,69.05,normal,0,2024-05-19 14:56:00
6,81.33,13.68,50.05,38.19,45.43,normal,0,2024-02-11 17:35:00
39,71.91,16.52,15.23,31.64,46.53,normal,0,2024-08-12 21:57:00
40,69.48,14.83,47.22,26.89,47.76,normal,0,2024-08-12 21:43:00
21,70.22,8.91,26.5,38.87,70.09,normal,0,2024-06-16 16:49:00
12,73.24,16.23,50.95,36.63,71.6,normal,0,2024-01-17 18:10:00
39,76.18,20.13,29.33,45.38,61.83,normal,0,2024-12-06 16:11:00
95,82.13,11.32,46.22,32.5,57.09,normal,0,2024-03-02 23:46:00
49,79.39,13.76,23.92,34.57,64.97,normal,0,2024-02-08 05:29:00
30,68.89,27.92,47.83,37.59,78.39,normal,0,2024-11-01 04:24:00
39,80.0,11.83,37.64,30.56,48.55,normal,0,2024-08-28 19:01:00
89,70.7,7.07,40.61,30.34,40.71,normal,0,2024-11-22 19:01:00
31,71.05,17.01,32.63,27.54,18.57,normal,0,2024-12-05 06:04:00
42,78.15,17.84,11.42,34.25,49.73,normal,0,2024-12-06 23:51:00
35,75.91,25.56,30.17,37.82,38.33,normal,0,2024-11-16 05:51:00
47,80.64,23.46,38.59,28.35,35.45,normal,0,2024-01-18 06:24:00
82,83.41,18.99,42.06,30.26,49.27,normal,0,2024-10-13 14:46:00
48,66.8,17.27,31.12,38.96,60.59,normal,0,2024-07-15 06:08:00
56,70.44,13.74,48.39,32.24,54.67,normal,0,2024-07-04 14:54:00
20,77.22,19.51,38.19,44.69,35.59,normal,0,2024-06-12 14:10:00
64,79.48,13.77,40.14,31.48,74.56,normal,0,2024-05-04 01:08:00
11,82.99,13.4,28.31,34.22,63.85,normal,0,2024-05-18 04:52:00
73,71.34,19.82,50.69,36.58,35.87,normal,0,2024-06-02 18:04:00
54,66.15,12.19,24.18,41.35,60.39,normal,0,2024-09-16 02:57:00
26,87.01,12.97,47.53,32.3,26.03,normal,0,2024-06-22 14:06:00
90,68.7,16.25,54.18,41.23,91.36,normal,0,2024-06-09 05:53:00
90,76.91,10.16,42.25,32.47,54.1,normal,0,2024-07-09 07:28:00
15,66.4,13.08,42.32,40.05,56.08,normal,0,2024-12-06 09:44:00
1,76.4,14.28,34.46,33.8,43.57,normal,0,2024-03-31 05:28:00
66,76.14,18.69,33.46,36.52,50.07,normal,0,2024-06-08 02:00:00
57,71.0,7.98,35.9,37.6,32.35,normal,0,2024-12-16 14:22:00
98,80.3,7.88,12.99,26.76,71.19,normal,0,2024-11-30 14:02:00
37,72.23,14.45,37.7,30.39,52.73,normal,0,2024-11-20 16:14:00
56,85.0,16.61,36.6,34.6,54.74,normal,0,2024-10-25 07:10:00
51,56.63,18.58,24.95,42.96,45.92,normal,0,2024-05-27 00:36:00
5,67.55,13.95,24.99,37.37,66.41,normal,0,2024-04-01 08:01:00
64,74.16,14.63,49.92,31.33,25.68,normal,0,2024-10-11 13:32:00
99,63.62,13.71,16.63,35.64,37.92,normal,0,2024-10-16 09:15:00
50,77.89,11.81,35.34,30.65,55.51,normal,0,2024-12-02 19:38:00
11,57.89,12.15,58.4,27.67,10.0,normal,0,2024-07-05 10:05:00
96,74.13,13.28,39.6,33.73,28.77,normal,0,2024-08-09 11:57:00
20,92.43,21.57,48.76,31.21,69.64,normal,0,2024-03-25 23:14:00
40,85.27,12.89,30.74,35.09,38.87,normal,0,2024-07-11 01:49:00
92,77.92,17.22,15.28,38.39,60.34,normal,0,2024-01-19 03:42:00
92,81.04,27.45,28.92,30.63,77.22,normal,0,2024-06-13 21:49:00
84,88.67,11.7,26.61,32.04,29.28,normal,0,2024-03-19 20:01:00
15,69.54,11.94,46.86,40.2,76.59,normal,0,2024-03-20 09:43:00
70,89.1,18.34,44.95,30.25,43.3,normal,0,2024-09-12 20:34:00
64,73.41,19.51,26.09,33.09,51.79,normal,0,2024-03-21 20:53:00
38,84.28,6.85,25.38,34.99,47.0,normal,0,2024-01-08 14:18:00
2,73.21,22.25,55.13,38.83,57.94,normal,0,2024-05-24 22:27:00
79,79.61,16.99,48.73,20.0,50.13,normal,0,2024-10-25 14:02:00
38,77.57,19.81,28.7,31.25,75.84,normal,0,2024-09-06 01:21:00
48,76.84,13.16,45.65,42.41,21.64,normal,0,2024-06-15 02:10:00
47,77.66,12.98,29.89,38.16,47.05,normal,0,2024-09-20 12:45:00
70,68.13,19.79,28.92,36.03,58.69,normal,0,2024-08-12 11:09:00
95,88.84,18.47,44.36,33.51,37.26,normal,0,2024-12-07 11:59:00
45,75.21,14.76,46.02,30.73,39.67,normal,0,2024-06-30 08:08:00
11,86.87,13.65,43.94,27.63,50.3,normal,0,2024-07-02 05:27:00
78,78.13,16.61,28.16,27.33,66.88,normal,0,2024-12-29 15:39:00
81,62.88,15.19,27.59,36.14,59.77,normal,0,2024-10-26 01:52:00
93,71.68,16.43,36.63,40.17,15.05,normal,0,2024-11-13 05:43:00
79,84.87,12.13,20.18,35.96,29.36,normal,0,2024-09-02 07:37:00
7,62.06,15.88,39.5,30.73,60.69,normal,0,2024-07-23 19:09:00
5,80.03,6.88,37.54,37.8,47.23,normal,0,2024-02-19 10:31:00
13,66.62,16.02,45.77,30.12,60.52,normal,0,2024-05-13 09:15:00
89,76.7,21.0,34.37,38.29,58.35,normal,0,2024-10-01 16:45:00
17,97.15,16.29,51.9,30.34,74.37,normal,0,2024-09-24 02:44:00
98,72.77,9.98,39.52,29.24,64.67,normal,0,2024-10-25 16:15:00
94,83.8,16.17,37.02,39.12,50.27,normal,0,2024-01-09 09:49:00
95,65.24,12.34,32.96,32.02,57.13,normal,0,2024-03-24 21:09:00
18,98.95,13.68,33.3,43.36,49.54,normal,0,2024-11-19 18:38:00
68,78.8,17.32,26.18,35.05,44.39,normal,0,2024-04-26 16:57:00
93,78.32,18.64,30.5,31.07,62.62,normal,0,2024-04-25 14:47:00
68,74.18,13.63,19.9,40.12,57.03,normal,0,2024-10-19 22:46:00
63,74.6,17.01,20.84,36.77,43.13,normal,0,2024-02-18 02:44:00
30,76.81,18.55,44.42,39.43,49.83,normal,0,2024-03-28 17:36:00
38,78.03,16.17,61.06,24.5,80.51,normal,0,2024-09-13 03:16:00
88,86.68,11.1,25.77,38.9,46.06,normal,0,2024-11-12 03:41:00
62,71.76,16.17,33.41,33.22,15.04,normal,0,2024-10-11 21:01:00
11,70.41,17.91,21.18,26.26,59.02,normal,0,2024-12-05 03:45:00
57,61.73,15.87,45.31,31.25,39.67,normal,0,2024-09-15 17:19:00
4,72.11,4.42,46.63,44.83,57.44,normal,0,2024-09-14 07:30:00
76,63.96,7.63,40.81,42.21,65.32,normal,0,2024-08-17 03:03:00
64,77.74,12.37,64.1,36.22,42.64,normal,0,2024-08-18 20:19:00
79,73.91,15.22,14.98,40.89,37.32,normal,0,2024-06-21 00:16:00
61,57.96,15.0,40.81,28.65,58.14,normal,0,2024-04-19 09:16:00
72,89.3,16.79,46.75,35.46,72.93,normal,0,2024-03-17 16:35:00
55,82.95,18.28,22.33,31.02,58.69,normal,0,2024-07-07 19:57:00
19,72.21,17.54,27.07,39.28,64.4,normal,0,2024-07-07 20:27:00
15,85.91,9.51,65.24,37.35,29.55,normal,0,2024-07-18 04:04:00
12,77.01,18.95,62.17,40.94,63.78,normal,0,2024-03-13 20:47:00
62,86.47,18.85,30.98,44.05,23.93,normal,0,2024-07-22 07:02:00
76,85.94,11.8,27.02,34.61,64.12,normal,0,2024-01-19 07:04:00
78,72.25,15.25,34.61,33.76,55.06,normal,0,2024-04-11 00:40:00
93,79.92,20.74,9.77,32.89,40.11,normal,0,2024-02-27 06:42:00
70,66.72,14.88,56.31,34.31,32.67,normal,0,2024-02-23 12:36:00
99,79.74,13.52,39.72,38.06,39.63,normal,0,2024-07-06 14:53:00
59,67.76,15.75,38.98,30.02,48.6,normal,0,2024-10-21 18:28:00
42,86.54,15.74,52.8,29.47,56.81,normal,0,2024-07-06 04:25:00
29,83.09,20.13,31.38,41.03,44.75,normal,0,2024-05-06 14:21:00
52,83.39,16.79,46.62,33.51,85.84,normal,0,2024-06-12 07:11:00
94,79.72,10.09,40.07,25.42,33.91,normal,0,2024-03-15 22:36:00
46,79.09,19.26,33.07,33.72,55.26,normal,0,2024-08-10 05:07:00
76,69.84,12.25,48.44,32.66,62.66,normal,0,2024-09-30 17:24:00
47,70.64,11.11,49.7,35.66,54.01,normal,0,2024-10-22 23:33:00
71,73.77,15.33,18.17,29.59,38.55,normal,0,2024-11-11 10:27:00
8,67.17,9.72,39.85,38.85,41.29,normal,0,2024-11-25 19:26:00
76,80.13,14.15,23.06,28.96,63.6,normal,0,2024-09-14 07:49:00
78,82.2,17.89,16.67,29.16,49.6,normal,0,2024-07-13 08:46:00
61,86.94,17.77,29.55,41.59,26.53,normal,0,2024-12-12 16:21:00
47,93.95,10.62,38.67,37.83,54.55,normal,0,2024-02-19 16:49:00
81,73.08,17.23,48.84,35.61,34.62,normal,0,2024-07-10 04:54:00
92,75.28,15.13,22.17,26.36,67.57,normal,0,2024-04-28 08:47:00
90,86.53,20.27,35.89,22.27,60.48,normal,0,2024-04-10 03:43:00
98,63.04,16.42,55.69,30.99,16.21,normal,0,2024-05-09 20:01:00
88,64.23,16.93,27.89,27.77,42.37,normal,0,2024-08-20 02:01:00
86,72.28,20.8,43.99,36.94,58.13,normal,0,2024-04-08 22:05:00
11,84.59,15.65,30.89,30.85,47.47,normal,0,2024-10-11 00:01:00
20,82.63,10.56,18.72,24.14,28.91,normal,0,2024-10-14 17:49:00
2,93.01,14.3,28.76,31.51,40.55,normal,0,2024-08-26 08:15:00
94,73.35,13.01,29.33,34.52,29.56,normal,0,2024-06-20 07:27:00
32,71.3,12.33,27.25,39.23,61.76,normal,0,2024-01-10 22:42:00
82,64.36,11.43,28.33,33.03,46.59,normal,0,2024-09-03 09:40:00
70,84.75,14.18,47.22,40.66,76.53,normal,0,2024-12-30 00:28:00
60,82.72,13.14,38.85,42.61,54.47,normal,0,2024-07-16 01:16:00
41,101.87,45.52,34.21,75.0,47.03,real_anomaly,1,2024-03-22 01:57:00
69,88.17,9.5,35.59,29.41,61.74,normal,0,2024-03-23 01:35:00
36,73.02,10.28,21.77,35.54,75.98,normal,0,2024-02-11 22:49:00
59,81.71,20.47,42.52,34.59,41.21,normal,0,2024-01-18 07:40:00
60,65.27,9.42,53.69,41.6,57.91,normal,0,2024-02-17 17:11:00
13,68.56,11.08,32.07,31.38,47.72,normal,0,2024-11-17 14:19:00
68,77.39,18.07,14.75,30.79,38.29,normal,0,2024-04-13 05:12:00
46,78.85,9.5,20.86,36.22,48.41,normal,0,2024-11-01 14:17:00
96,79.74,14.57,41.91,35.95,40.74,normal,0,2024-01-15 14:15:00
34,70.41,14.43,49.48,31.77,48.13,normal,0,2024-08-19 11:34:00
57,82.65,15.71,35.66,30.0,46.37,normal,0,2024-09-04 11:42:00
64,82.48,19.86,57.89,39.78,49.82,normal,0,2024-08-08 17:14:00
21,72.88,17.36,30.53,33.83,32.0,normal,0,2024-06-12 16:18:00
21,63.83,17.75,42.78,46.95,49.18,normal,0,2024-07-12 01:39:00
22,62.85,10.33,28.18,32.18,65.2,normal,0,2024-09-18 09:00:00
3,83.67,16.46,46.26,30.04,47.84,normal,0,2024-06-18 01:48:00
2,73.0,12.7,32.54,45.09,48.86,normal,0,2024-10-01 18:07:00
69,72.71,2.7,53.84,33.16,49.96,normal,0,2024-12-24 13:49:00
44,82.69,14.22,27.1,32.24,67.16,normal,0,2024-03-14 04:51:00
84,84.32,11.71,27.48,30.0,52.78,normal,0,2024-12-16 03:48:00
65,74.72,13.51,31.13,31.61,38.6,normal,0,2024-04-06 05:53:00
28,95.64,14.7,34.55,31.77,48.5,normal,0,2024-02-25 12:03:00
99,78.02,13.01,25.97,26.4,69.66,normal,0,2024-02-18 08:53:00
80,52.75,18.6,33.03,32.48,51.96,normal,0,2024-06-24 07:27:00
81,82.01,15.22,26.85,35.63,51.91,normal,0,2024-03-31 00:56:00
43,93.56,13.26,31.29,24.04,33.62,normal,0,2024-12-10 04:15:00
99,74.82,16.17,50.49,25.86,65.45,normal,0,2024-09-04 02:55:00
48,81.05,13.32,47.42,30.9,49.33,normal,0,2024-08-23 23:25:00
82,55.16,14.21,31.45,27.87,34.61,normal,0,2024-02-21 12:48:00
57,68.53,16.15,41.03,25.52,41.2,normal,0,2024-09-03 16:51:00
21,73.62,19.43,21.15,29.44,48.65,normal,0,2024-01-13 09:10:00
24,70.58,13.85,48.81,31.69,51.42,normal,0,2024-10-25 21:45:00
58,74.25,12.09,54.73,34.64,54.48,normal,0,2024-02-28 17:24:00
75,71.44,13.06,34.85,30.8,43.55,normal,0,2024-03-12 22:10:00
97,73.77,16.11,23.99,37.51,38.38,normal,0,2024-03-03 22:28:00
91,74.98,15.85,33.31,27.1,54.28,normal,0,2024-08-21 12:46:00
27,82.73,14.74,34.92,40.67,42.48,normal,0,2024-10-14 09:22:00
100,84.31,16.92,43.45,31.03,76.97,normal,0,2024-11-25 15:26:00
98,84.75,16.94,53.55,34.04,55.37,normal,0,2024-05-14 03:45:00
43,90.59,17.44,49.23,29.02,48.08,normal,0,2024-06-10 17:07:00
18,78.61,15.46,37.97,42.05,55.17,normal,0,2024-05-19 05:49:00
83,79.84,16.4,18.95,38.72,77.07,normal,0,2024-09-01 17:09:00
3,69.63,14.67,29.26,31.99,52.11,normal,0,2024-09-21 16:52:00
67,82.64,13.58,18.19,40.27,45.69,normal,0,2024-07-08 00:03:00
3,87.35,16.45,8.89,30.36,46.27,normal,0,2024-02-16 22:43:00
37,77.56,13.77,22.9,30.65,33.05,normal,0,2024-10-28 18:33:00
11,78.96,14.38,42.51,38.69,22.76,normal,0,2024-08-18 19:27:00
77,67.91,5.53,36.08,42.45,60.07,normal,0,2024-02-08 02:43:00
75,79.25,21.69,27.63,36.35,35.75,normal,0,2024-01-13 20:13:00
79,79.54,17.93,46.59,37.32,44.16,normal,0,2024-05-17 11:47:00
92,77.53,13.56,44.06,31.52,36.23,normal,0,2024-11-24 18:22:00
90,90.87,16.67,22.55,39.67,48.09,normal,0,2024-08-17 15:10:00
57,86.59,22.01,37.53,34.39,64.9,normal,0,2024-03-06 05:40:00
57,96.42,18.96,20.16,42.06,50.36,normal,0,2024-02-05 03:05:00
35,97.62,13.46,51.55,36.24,47.57,normal,0,2024-12-18 07:08:00
40,76.64,20.08,49.34,32.85,57.12,normal,0,2024-04-18 02:35:00
2,77.46,18.82,44.43,35.41,37.63,normal,0,2024-07-23 00:37:00
55,69.46,12.58,34.66,37.24,40.88,normal,0,2024-05-27 00:08:00
97,77.01,7.65,33.93,31.1,78.41,normal,0,2024-01-14 09:47:00
76,66.49,13.61,27.48,38.38,76.51,normal,0,2024-12-01 06:39:00
39,86.11,19.06,31.23,31.69,39.38,normal,0,2024-01-06 05:42:00
34,73.38,15.12,33.34,34.83,53.12,normal,0,2024-02-11 02:18:00
47,79.8,18.81,50.25,36.84,33.44,normal,0,2024-06-18 14:33:00
7,77.44,14.26,31.47,41.33,86.3,normal,0,2024-10-15 12:38:00
63,76.22,11.34,39.61,35.85,38.17,normal,0,2024-11-04 11:36:00
46,71.67,21.11,36.0,41.97,48.34,normal,0,2024-05-05 17:17:00
88,71.18,12.25,29.29,34.55,48.78,normal,0,2024-06-30 02:31:00
64,80.55,14.86,21.18,34.15,48.92,normal,0,2024-11-23 21:59:00
77,72.19,14.46,24.27,26.36,58.7,normal,0,2024-05-04 22:31:00
53,65.45,22.85,42.84,39.2,58.76,normal,0,2024-10-07 14:09:00
57,63.7,14.07,45.57,25.46,34.78,normal,0,2024-07-27 09:10:00
78,69.1,17.09,47.16,43.49,30.45,normal,0,2024-04-23 13:35:00
69,78.47,15.12,35.11,33.98,32.91,normal,0,2024-09-22 21:32:00
1,88.72,13.3,25.81,35.73,63.72,normal,0,2024-07-28 05:29:00
62,80.24,22.26,31.87,26.79,52.77,normal,0,2024-03-07 15:32:00
74,85.67,17.92,33.72,35.44,70.44,normal,0,2024-09-09 21:33:00
18,73.01,14.51,38.44,35.83,44.48,normal,0,2024-01-20 03:11:00
66,78.99,16.17,55.57,29.52,55.08,normal,0,2024-12-22 08:07:00
35,75.83,17.26,42.34,32.29,27.12,normal,0,2024-01-21 11:30:00
84,80.97,15.02,24.43,32.56,63.6,normal,0,2024-03-06 20:15:00
55,76.05,17.4,5.55,34.6,66.23,normal,0,2024-02-26 18:50:00
89,79.72,9.2,42.61,35.46,61.15,normal,0,2024-11-17 21:22:00
86,82.03,16.31,38.34,32.66,74.22,normal,0,2024-06-18 02:08:00
61,76.96,18.5,33.87,32.62,42.84,normal,0,2024-11-22 23:49:00
25,72.77,18.7,47.92,36.97,51.51,normal,0,2024-12-24 17:42:00
41,83.94,8.59,10.63,26.13,35.45,normal,0,2024-12-09 12:20:00
11,79.21,15.35,36.77,42.31,54.61,normal,0,2024-10-02 22:34:00
73,88.78,12.34,35.19,43.19,54.73,normal,0,2024-07-24 12:46:00
87,89.23,14.41,46.08,32.69,71.64,normal,0,2024-02-01 12:46:00
49,76.79,13.73,38.99,34.57,40.97,normal,0,2024-09-29 11:09:00
34,75.12,15.13,36.85,32.63,50.92,normal,0,2024-01-02 14:38:00
63,83.3,16.22,33.25,26.26,57.0,normal,0,2024-05-20 12:50:00
97,82.26,21.64,50.89,34.61,43.42,normal,0,2024-05-26 19:07:00
9,84.16,19.17,49.67,36.44,42.81,normal,0,2024-08-22 10:54:00
100,71.52,8.35,25.83,31.37,48.4,normal,0,2024-05-29 17:55:00
20,60.52,13.54,50.24,35.98,40.27,normal,0,2024-07-09 14:13:00
58,76.95,20.6,41.69,35.14,64.59,normal,0,2024-01-18 15:45:00
25,65.14,9.18,30.54,36.82,63.88,normal,0,2024-05-15 06:34:00
45,69.23,24.03,43.21,32.16,34.5,normal,0,2024-06-30 20:59:00
47,73.2,17.27,24.08,39.63,52.02,normal,0,2024-10-23 09:57:00
99,69.85,20.94,10.71,33.0,61.4,normal,0,2024-03-30 01:58:00
10,72.74,12.05,40.45,31.55,50.05,normal,0,2024-02-27 16:00:00
84,76.7,17.24,27.19,35.19,37.29,normal,0,2024-07-12 18:42:00
81,60.52,14.07,14.6,35.88,49.67,normal,0,2024-05-14 02:18:00
57,82.8,22.07,17.13,30.28,57.62,normal,0,2024-01-24 14:44:00
65,77.24,16.8,38.3,30.91,71.48,normal,0,2024-07-11 04:15:00
51,79.78,12.89,44.99,28.92,76.52,normal,0,2024-02-25 01:18:00
75,58.39,17.59,44.32,30.04,30.1,normal,0,2024-12-18 20:17:00
30,77.8,12.18,16.66,40.82,59.39,normal,0,2024-08-15 05:07:00
94,65.19,21.32,29.2,31.94,58.35,normal,0,2024-01-12 23:46:00
37,79.19,8.58,12.58,32.36,36.67,normal,0,2024-03-18 11:01:00
65,70.21,19.64,45.9,37.99,37.44,normal,0,2024-06-08 23:18:00
33,77.98,13.22,32.32,29.91,82.08,normal,0,2024-09-09 07:04:00
47,74.09,14.96,45.62,35.27,41.21,normal,0,2024-02-08 08:30:00
39,79.01,10.46,48.51,37.44,37.24,normal,0,2024-07-16 22:15:00
79,62.06,14.99,14.14,33.25,61.31,normal,0,2024-02-22 09:48:00
39,74.7,16.38,32.98,38.22,63.28,normal,0,2024-05-29 12:47:00
27,74.41,11.82,14.2,31.98,51.15,normal,0,2024-12-27 00:21:00
2,71.83,12.67,9.01,31.71,52.82,normal,0,2024-09-08 06:28:00
95,66.45,9.63,50.09,33.16,48.6,normal,0,2024-01-11 07:08:00
29,82.19,23.18,51.11,38.37,55.43,normal,0,2024-02-29 00:24:00
49,85.53,18.45,24.36,32.47,39.84,normal,0,2024-11-16 13:16:00
9,72.92,9.46,11.54,32.29,50.01,normal,0,2024-06-08 15:32:00
19,69.96,17.26,18.95,37.42,24.9,normal,0,2024-06-17 15:25:00
29,89.8,22.31,18.23,44.3,73.55,normal,0,2024-04-16 07:54:00
23,77.44,18.38,40.84,27.55,65.85,normal,0,2024-02-05 06:56:00
25,65.07,9.46,17.22,38.75,20.37,normal,0,2024-03-28 23:31:00
49,83.31,17.64,23.99,33.8,57.05,normal,0,2024-04-23 19:57:00
61,73.33,15.42,9.81,41.25,40.5,normal,0,2024-09-20 13:52:00
23,89.41,13.79,48.27,38.71,10.04,normal,0,2024-07-15 19:06:00
29,76.02,15.25,32.28,34.41,57.82,normal,0,2024-01-04 07:37:00
4,84.04,15.25,34.25,34.6,45.91,normal,0,2024-12-19 10:14:00
27,76.34,7.52,32.9,37.83,54.85,normal,0,2024-11-16 10:30:00
50,74.44,14.14,43.47,29.56,52.13,normal,0,2024-07-12 13:12:00
19,67.67,13.11,43.45,43.84,33.32,normal,0,2024-01-17 23:36:00
81,82.83,12.59,37.43,31.8,68.87,normal,0,2024-04-23 06:32:00
87,87.17,13.4,52.52,35.23,49.46,normal,0,2024-04-26 03:34:00
70,84.66,14.76,45.94,23.38,38.92,normal,0,2024-06-17 22:25:00
83,73.02,14.81,33.13,36.58,27.72,normal,0,2024-11-05 03:34:00
57,85.86,14.74,18.95,33.59,53.02,normal,0,2024-03-28 16:18:00
70,63.12,11.98,24.21,33.81,78.81,normal,0,2024-09-15 10:59:00
100,67.43,25.59,29.13,37.53,44.41,normal,0,2024-07-04 07:31:00
17,74.85,14.03,22.63,27.75,66.22,normal,0,2024-06-14 06:35:00
40,87.35,13.84,28.2,36.15,31.33,normal,0,2024-09-23 21:47:00
83,75.44,18.8,24.36,41.48,58.04,normal,0,2024-11-18 16:24:00
66,68.9,20.68,11.55,37.52,75.0,normal,0,2024-03-16 07:51:00
9,81.9,9.27,53.66,36.67,68.68,normal,0,2024-03-30 16:21:00
26,75.48,13.1,51.33,31.45,64.29,normal,0,2024-06-26 01:06:00
44,74.39,5.22,8.24,23.5,95.0,normal,0,2024-06-26 20:41:00
99,71.43,22.61,47.64,36.57,85.12,normal,0,2024-06-25 07:16:00
75,76.82,15.92,47.6,34.3,45.26,normal,0,2024-07-04 14:30:00
74,75.06,17.82,46.06,36.32,56.47,normal,0,2024-05-13 18:09:00
52,74.33,14.44,34.15,29.36,43.13,normal,0,2024-04-18 08:16:00
19,77.49,18.67,31.85,33.61,44.36,normal,0,2024-12-02 08:45:00
35,77.23,11.3,49.8,32.38,76.96,normal,0,2024-08-16 17:36:00
67,81.58,16.56,36.18,27.98,54.62,normal,0,2024-05-25 08:46:00
51,88.3,15.59,31.41,32.71,44.91,normal,0,2024-11-23 19:25:00
43,75.8,20.06,18.68,37.69,32.02,normal,0,2024-11-20 12:21:00
89,73.66,15.18,32.07,28.09,21.22,normal,0,2024-06-25 04:24:00
93,77.13,11.8,32.74,33.99,55.11,normal,0,2024-09-05 09:45:00
88,79.83,12.6,21.73,36.6,43.21,normal,0,2024-10-22 20:05:00
23,68.85,12.36,29.94,38.86,51.11,normal,0,2024-01-11 09:50:00
53,81.27,12.08,30.09,23.19,39.29,normal,0,2024-01-07 16:15:00
70,71.78,10.46,37.62,35.52,71.09,normal,0,2024-03-20 17:16:00
76,107.03,49.84,39.41,50.63,61.12,real_anomaly,1,2024-10-17 10:20:00
18,63.64,16.08,48.63,33.67,47.07,normal,0,2024-01-20 03:45:00
87,68.48,13.53,19.13,38.23,62.88,normal,0,2024-08-15 13:35:00
19,66.57,19.07,19.23,29.99,30.27,normal,0,2024-06-12 18:29:00
57,71.59,15.55,8.36,30.91,62.12,normal,0,2024-02-22 02:43:00
21,68.97,10.42,31.3,39.92,44.95,normal,0,2024-04-28 06:14:00
48,97.83,13.84,60.14,33.63,49.26,normal,0,2024-12-07 11:30:00
72,84.51,18.54,35.12,31.63,58.0,normal,0,2024-10-10 08:29:00
69,86.09,10.85,38.25,38.35,29.37,normal,0,2024-08-27 09:27:00
76,76.22,19.05,21.06,37.25,37.14,normal,0,2024-10-17 14:07:00
15,82.23,9.87,28.03,28.66,65.94,normal,0,2024-08-31 07:49:00
100,72.08,19.35,40.58,43.29,79.71,normal,0,2024-03-24 01:49:00
60,85.63,8.65,33.73,32.18,68.24,normal,0,2024-03-18 23:02:00
59,70.83,20.79,14.67,33.49,60.15,normal,0,2024-01-22 21:46:00
33,77.94,20.3,27.01,34.49,59.9,normal,0,2024-02-19 23:17:00
70,72.34,11.37,34.62,28.22,60.09,normal,0,2024-12-11 06:34:00
33,85.58,15.63,20.65,39.88,65.03,normal,0,2024-09-03 17:29:00
70,58.17,17.93,21.67,28.56,41.39,normal,0,2024-06-23 18:52:00
86,61.81,13.59,35.71,35.58,73.84,normal,0,2024-11-15 02:37:00
72,84.71,16.78,34.32,38.3,37.66,normal,0,2024-09-24 12:21:00
99,64.94,17.24,43.23,36.5,48.93,normal,0,2024-12-12 04:26:00
12,78.79,24.6,44.86,33.99,36.2,normal,0,2024-10-18 21:39:00
40,81.15,16.45,38.94,33.33,64.0,normal,0,2024-02-06 06:07:00
17,69.77,7.58,30.31,38.14,53.76,normal,0,2024-08-14 14:44:00
72,73.83,15.73,39.21,35.16,40.81,normal,0,2024-01-05 07:49:00
58,86.28,11.8,25.97,30.91,55.97,normal,0,2024-04-03 20:36:00
78,65.91,18.3,37.35,29.17,74.49,normal,0,2024-11-20 06:15:00
62,82.87,11.68,37.43,34.75,41.61,normal,0,2024-10-08 23:22:00
23,67.54,19.09,40.12,42.66,58.06,normal,0,2024-08-17 16:41:00
99,86.28,19.15,6.28,35.13,10.0,normal,0,2024-02-19 05:46:00
71,92.86,9.41,31.52,33.95,36.52,normal,0,2024-02-28 19:58:00
21,64.84,9.97,44.94,36.61,35.26,normal,0,2024-03-31 22:31:00
59,80.09,12.82,38.19,28.87,64.59,normal,0,2024-07-04 02:57:00
23,60.02,12.57,28.13,32.86,64.77,normal,0,2024-11-14 20:30:00
23,81.18,17.49,48.01,35.46,52.43,normal,0,2024-07-24 02:32:00
83,68.69,16.86,28.94,30.47,38.28,normal,0,2024-12-21 12:55:00
34,63.77,10.92,40.87,43.31,63.05,normal,0,2024-11-04 10:51:00
31,77.85,13.06,11.1,23.17,59.88,normal,0,2024-01-28 18:40:00
76,61.13,16.74,38.61,33.4,60.2,normal,0,2024-09-22 13:48:00
39,75.68,9.79,36.76,34.63,56.52,normal,0,2024-06-08 11:37:00
17,81.88,12.91,45.87,41.36,61.61,normal,0,2024-10-22 10:34:00
32,80.69,15.09,48.1,28.77,36.48,normal,0,2024-08-28 13:35:00
49,72.58,22.33,43.34,39.87,43.56,normal,0,2024-05-26 04:46:00
33,78.38,13.3,16.65,34.24,50.42,normal,0,2024-04-28 11:58:00
96,77.09,8.39,52.44,32.78,38.34,normal,0,2024-12-21 09:01:00
10,-26.17,360.55,-46.67,-14.19,-49.2,sensor_error,0,2024-11-28 23:33:00
20,63.61,19.24,26.09,38.47,67.65,normal,0,2024-01-07 07:31:00
16,70.73,16.98,48.06,20.0,47.77,normal,0,2024-10-13 16:28:00
35,88.12,5.97,24.72,28.97,53.45,normal,0,2024-07-13 08:02:00
22,78.27,6.6,45.49,29.53,64.04,normal,0,2024-05-15 19:27:00
38,69.57,18.65,33.25,33.92,61.49,normal,0,2024-08-25 14:12:00
27,86.78,14.35,26.44,36.86,48.96,normal,0,2024-06-13 15:04:00
35,82.84,5.23,25.52,38.27,26.21,normal,0,2024-07-27 19:15:00
64,83.16,15.47,42.45,28.28,44.83,normal,0,2024-03-27 18:59:00
33,79.5,15.87,50.53,32.78,68.02,normal,0,2024-09-13 07:24:00
15,77.73,14.81,49.76,40.73,49.47,normal,0,2024-05-13 06:11:00
23,75.16,19.91,21.84,42.19,56.48,normal,0,2024-03-23 20:43:00
54,92.75,9.94,53.74,30.94,35.88,normal,0,2024-09-19 00:37:00
73,84.88,17.41,17.22,36.97,47.08,normal,0,2024-08-06 06:54:00
32,74.75,12.37,43.53,36.7,59.94,normal,0,2024-04-24 04:26:00
75,79.03,10.34,13.52,32.2,53.19,normal,0,2024-06-17 23:09:00
63,76.4,18.19,28.18,34.54,52.43,normal,0,2024-09-24 05:42:00
96,73.85,16.45,36.3,33.77,57.16,normal,0,2024-10-16 04:44:00
70,69.5,14.02,38.64,31.28,42.71,normal,0,2024-03-30 01:11:00
17,70.57,10.44,30.92,33.24,31.69,normal,0,2024-02-20 12:12:00
94,78.96,10.99,21.31,41.26,31.43,normal,0,2024-12-01 12:56:00
69,90.84,19.33,37.88,29.77,27.64,normal,0,2024-11-22 16:57:00
66,76.44,15.49,44.05,27.82,34.48,normal,0,2024-02-27 22:51:00
14,79.39,21.35,21.43,40.65,33.83,normal,0,2024-10-28 08:05:00
92,92.3,11.91,4.87,39.01,67.78,normal,0,2024-01-16 17:04:00
17,70.85,14.76,45.68,32.79,36.02,normal,0,2024-03-12 17:16:00
51,72.13,12.99,19.04,29.2,29.27,normal,0,2024-03-15 05:57:00
73,75.57,12.01,49.69,28.14,22.56,normal,0,2024-03-15 21:24:00
61,79.79,16.3,39.25,27.96,59.99,normal,0,2024-05-01 04:13:00
13,73.21,9.92,31.85,37.93,50.48,normal,0,2024-06-21 17:25:00
81,81.53,17.23,45.93,40.92,74.71,normal,0,2024-02-27 08:27:00
14,83.42,16.31,26.4,44.16,74.25,normal,0,2024-08-17 21:49:00
69,90.48,20.9,39.44,33.57,41.91,normal,0,2024-01-31 18:43:00
49,80.24,10.94,38.66,37.61,66.8,normal,0,2024-08-20 21:57:00
92,73.36,20.46,32.78,39.57,77.38,normal,0,2024-05-02 11:27:00
24,73.74,13.62,31.57,38.69,12.46,normal,0,2024-12-02 17:31:00
79,75.45,9.27,19.68,41.59,77.42,normal,0,2024-06-19 19:56:00
5,73.66,13.65,41.48,39.44,71.33,normal,0,2024-11-29 18:09:00
30,61.23,17.63,41.05,27.28,60.81,normal,0,2024-10-09 02:58:00
29,76.23,12.97,38.07,40.29,45.81,normal,0,2024-02-06 06:08:00
28,80.39,14.44,40.85,39.11,49.99,normal,0,2024-02-04 06:14:00
10,74.65,7.96,17.89,39.25,47.14,normal,0,2024-10-16 02:23:00
50,82.84,15.39,47.78,31.99,51.43,normal,0,2024-02-09 12:48:00
38,82.38,15.24,35.55,37.47,83.99,normal,0,2024-08-12 09:46:00
40,82.03,15.52,35.07,39.85,56.89,normal,0,2024-11-25 19:13:00
40,70.23,13.11,40.43,27.56,42.85,normal,0,2024-07-08 10:04:00
10,81.5,15.06,13.32,30.77,41.03,normal,0,2024-11-04 18:49:00
13,88.1,20.38,8.61,33.55,50.5,normal,0,2024-02-22 23:17:00
72,-38.4,211.68,444.64,-0.79,178.36,sensor_error,0,2024-12-11 11:04:00
16,66.54,10.28,63.66,37.63,33.18,normal,0,2024-05-03 16:28:00
99,72.28,13.76,48.15,37.64,60.66,normal,0,2024-09-13 23:21:00
20,79.4,15.63,15.43,32.36,36.45,normal,0,2024-02-26 12:15:00
5,99.4,9.08,48.41,40.35,44.24,normal,0,2024-06-07 12:43:00
56,73.27,13.04,33.9,36.76,29.42,normal,0,2024-06-28 11:02:00
69,76.91,18.05,30.6,35.38,35.3,normal,0,2024-02-15 18:58:00
80,66.69,12.67,46.94,34.2,38.08,normal,0,2024-06-16 20:48:00
17,79.73,8.19,23.56,43.62,48.35,normal,0,2024-07-06 00:29:00
87,77.23,15.53,28.11,44.27,58.18,normal,0,2024-03-27 15:13:00
59,67.18,14.06,36.46,32.92,60.0,normal,0,2024-06-02 10:50:00
79,74.29,22.68,21.58,38.01,43.67,normal,0,2024-09-03 21:51:00
28,88.64,13.9,29.67,45.11,43.35,normal,0,2024-07-08 21:32:00
8,57.11,12.23,42.43,37.68,52.68,normal,0,2024-10-14 03:31:00
64,63.26,13.82,38.1,41.27,31.59,normal,0,2024-04-26 01:35:00
16,72.27,20.71,30.63,42.22,51.41,normal,0,2024-05-22 19:05:00
94,265.64,347.11,-28.7,-18.99,-41.9,sensor_error,0,2024-10-15 13:45:00
31,77.99,4.49,25.37,37.08,34.99,normal,0,2024-01-04 14:32:00
62,87.35,18.92,44.54,30.66,41.82,normal,0,2024-10-22 21:35:00
85,68.72,18.13,32.24,30.67,44.76,normal,0,2024-05-18 20:06:00
21,76.0,15.15,19.37,34.1,89.29,normal,0,2024-08-02 14:48:00
17,74.48,19.74,37.81,32.61,61.64,normal,0,2024-01-20 14:08:00
80,64.73,10.42,50.3,45.09,59.81,normal,0,2024-04-21 14:20:00
39,81.39,17.63,38.62,32.51,28.38,normal,0,2024-12-09 01:03:00
20,82.63,19.07,24.91,36.15,38.27,normal,0,2024-03-09 22:59:00
86,80.57,25.87,6.7,34.8,67.38,normal,0,2024-07-25 22:04:00
81,76.58,14.4,49.25,35.57,45.09,normal,0,2024-08-22 00:25:00
61,89.04,21.36,26.25,38.34,38.28,normal,0,2024-03-21 04:50:00
2,68.72,16.1,45.05,35.58,47.91,normal,0,2024-02-28 02:23:00
5,61.88,19.14,40.26,43.74,58.88,normal,0,2024-06-09 18:41:00
80,82.77,7.23,25.86,40.85,42.25,normal,0,2024-04-08 07:50:00
94,80.63,10.69,30.47,35.14,38.16,normal,0,2024-10-09 22:58:00
38,97.04,15.04,8.29,39.79,62.55,normal,0,2024-12-19 12:22:00
17,74.99,16.89,17.67,31.86,44.56,normal,0,2024-03-26 20:41:00
74,77.22,9.56,30.89,25.68,32.33,normal,0,2024-03-02 19:48:00
29,83.45,12.56,25.73,35.79,25.15,normal,0,2024-12-13 12:18:00
77,-999.0,-27.25,-30.9,-41.29,-39.96,sensor_error,0,2024-11-10 17:06:00
79,86.26,15.31,12.3,31.69,49.9,normal,0,2024-03-27 02:43:00
13,74.53,8.59,3.51,30.96,32.87,normal,0,2024-08-06 20:55:00
29,79.68,17.91,36.65,38.23,37.57,normal,0,2024-08-03 11:21:00
29,77.98,15.21,24.66,25.97,64.01,normal,0,2024-07-19 21:41:00
27,72.31,10.77,25.21,32.05,75.53,normal,0,2024-04-12 19:10:00
31,83.2,16.82,35.09,36.08,62.59,normal,0,2024-11-13 02:20:00
68,79.99,14.99,49.55,36.2,46.16,normal,0,2024-04-13 06:58:00
54,69.3,19.21,21.29,38.01,29.64,normal,0,2024-12-29 02:06:00
56,59.71,16.03,43.67,33.67,52.93,normal,0,2024-04-19 06:07:00
87,91.34,17.78,39.76,37.16,52.98,normal,0,2024-01-16 03:23:00
83,72.97,16.95,26.57,26.99,39.86,normal,0,2024-01-30 10:26:00
52,81.07,11.45,44.9,36.46,60.51,normal,0,2024-12-12 18:17:00
52,73.65,19.8,45.43,34.83,47.96,normal,0,2024-05-08 02:06:00
9,63.73,12.92,47.3,33.21,69.26,normal,0,2024-12-18 09:17:00
69,77.61,15.47,43.43,31.52,39.59,normal,0,2024-10-31 19:29:00
85,72.07,16.65,40.56,30.64,47.91,normal,0,2024-03-03 04:17:00
95,78.55,17.46,21.95,31.45,68.45,normal,0,2024-09-16 06:59:00
75,90.04,11.56,35.87,37.69,11.94,normal,0,2024-07-12 07:25:00
44,58.39,12.38,26.16,38.6,61.38,normal,0,2024-12-11 06:34:00
47,62.52,15.07,58.99,35.86,29.05,normal,0,2024-07-26 10:25:00
93,82.1,18.16,40.93,36.83,30.3,normal,0,2024-08-12 04:36:00
48,-999.0,-18.91,-45.68,-2.59,180.06,sensor_error,0,2024-04-12 09:06:00
88,78.31,11.4,39.75,37.18,35.2,normal,0,2024-07-11 12:15:00
47,78.13,20.14,38.39,32.5,38.63,normal,0,2024-12-19 11:53:00
60,77.15,9.1,40.03,37.72,38.87,normal,0,2024-05-07 10:29:00
49,73.08,15.22,17.29,34.64,46.61,normal,0,2024-12-09 10:25:00
49,59.48,15.53,20.97,32.25,61.68,normal,0,2024-02-26 08:15:00
30,75.11,12.79,34.21,38.91,52.42,normal,0,2024-08-02 07:39:00
1,82.33,14.84,22.95,33.42,51.88,normal,0,2024-11-05 17:30:00
20,79.48,16.03,40.11,29.36,55.03,normal,0,2024-04-16 18:41:00
90,68.15,23.06,43.73,31.33,52.6,normal,0,2024-06-12 07:26:00
6,63.85,17.73,33.91,37.31,34.45,normal,0,2024-03-26 09:03:00
51,87.84,6.7,48.13,42.79,34.58,normal,0,2024-02-28 20:32:00
23,76.74,7.0,26.63,29.71,47.69,normal,0,2024-10-28 12:53:00
98,88.75,20.28,18.17,36.46,31.19,normal,0,2024-12-06 04:09:00
87,71.4,12.03,20.05,24.44,24.19,normal,0,2024-09-14 01:19:00
75,70.52,15.98,30.42,37.28,38.07,normal,0,2024-06-18 02:04:00
54,70.74,16.89,43.16,30.97,47.7,normal,0,2024-10-10 11:07:00
30,61.44,13.64,44.96,38.17,19.91,normal,0,2024-11-28 00:40:00
7,53.78,7.92,39.22,36.17,67.67,normal,0,2024-07-11 15:56:00
35,84.42,11.95,26.38,36.45,38.46,normal,0,2024-11-15 04:50:00
2,87.66,13.88,30.58,40.21,60.3,normal,0,2024-05-27 13:58:00
64,91.84,16.94,48.74,27.06,67.32,normal,0,2024-06-15 01:28:00
14,66.55,15.95,17.21,36.46,79.61,normal,0,2024-11-21 06:14:00
89,83.96,10.22,57.1,32.67,58.83,normal,0,2024-04-15 06:34:00
84,74.66,11.1,30.33,24.82,47.9,normal,0,2024-06-11 22:57:00
64,77.05,15.18,32.79,39.16,65.66,normal,0,2024-11-09 04:11:00
92,74.84,18.58,41.9,40.78,63.29,normal,0,2024-05-02 00:37:00
45,71.26,18.9,14.63,35.28,34.89,normal,0,2024-04-07 10:10:00
13,76.92,17.42,47.68,28.84,55.32,normal,0,2024-05-15 10:47:00
89,79.7,10.26,25.34,35.77,42.44,normal,0,2024-07-27 15:21:00
47,75.36,11.41,42.73,34.63,50.98,normal,0,2024-11-05 16:23:00
33,71.87,17.34,39.31,36.4,34.88,normal,0,2024-05-14 10:31:00
23,76.66,16.35,27.6,36.86,39.8,normal,0,2024-12-27 17:35:00
40,74.09,16.33,46.23,27.79,47.14,normal,0,2024-05-09 17:54:00
94,103.08,49.39,29.72,54.94,34.93,real_anomaly,1,2024-11-03 15:13:00
7,73.77,13.74,54.29,34.07,50.74,normal,0,2024-07-02 21:41:00
1,78.75,6.56,42.35,39.48,51.01,normal,0,2024-08-16 01:25:00
44,79.56,21.85,63.14,33.7,34.78,normal,0,2024-02-07 22:44:00
36,72.06,8.21,43.08,40.37,36.3,normal,0,2024-03-28 09:36:00
11,72.49,21.29,24.18,30.32,40.91,normal,0,2024-02-24 11:43:00
7,76.77,16.18,28.08,42.76,39.33,normal,0,2024-10-29 08:23:00
77,86.53,7.53,22.03,41.63,42.72,normal,0,2024-03-22 17:20:00
29,-17.11,-35.44,-31.95,-22.21,259.26,sensor_error,0,2024-01-15 06:15:00
24,84.74,9.28,47.61,38.58,73.24,normal,0,2024-06-15 05:43:00
83,73.55,10.5,29.36,39.18,82.45,normal,0,2024-01-19 09:27:00
34,-999.0,407.52,305.05,-7.89,-14.03,sensor_error,0,2024-06-19 21:13:00
71,76.77,3.67,52.88,28.46,62.78,normal,0,2024-12-17 03:25:00
8,68.55,12.83,24.05,34.6,41.18,normal,0,2024-04-13 19:13:00
88,69.71,15.39,41.73,29.95,64.61,normal,0,2024-08-20 15:04:00
62,75.42,15.96,17.94,42.88,61.17,normal,0,2024-08-08 12:44:00
37,82.07,17.18,32.38,28.96,38.48,normal,0,2024-03-02 08:16:00
47,91.47,13.42,36.89,34.45,56.28,normal,0,2024-05-05 17:32:00
86,78.55,14.41,25.93,31.32,23.7,normal,0,2024-06-02 15:36:00
98,78.55,10.45,32.91,24.89,49.82,normal,0,2024-02-01 18:02:00
8,91.72,17.7,50.69,36.62,31.24,normal,0,2024-12-06 18:19:00
84,88.55,13.49,48.31,33.99,46.44,normal,0,2024-04-14 06:22:00
89,80.49,14.58,38.95,39.73,63.32,normal,0,2024-05-22 13:19:00
22,90.35,13.42,24.98,38.31,33.48,normal,0,2024-06-15 14:16:00
87,76.97,16.81,49.63,32.36,43.99,normal,0,2024-06-11 20:49:00
16,68.57,14.13,41.21,45.72,29.56,normal,0,2024-01-11 21:16:00
48,85.03,7.13,38.49,33.26,31.9,normal,0,2024-01-03 12:53:00
32,67.95,19.57,32.53,44.38,60.9,normal,0,2024-12-12 03:27:00
8,88.4,18.85,33.13,35.16,54.55,normal,0,2024-11-07 17:36:00
11,65.52,10.81,33.49,31.31,72.43,normal,0,2024-07-28 07:37:00
29,70.0,10.01,31.58,39.22,65.37,normal,0,2024-03-05 14:32:00
27,84.74,15.05,43.16,35.14,66.75,normal,0,2024-01-18 05:13:00
36,81.77,4.41,52.94,31.6,65.02,normal,0,2024-11-15 10:15:00
13,80.17,17.55,37.2,40.41,41.15,normal,0,2024-04-09 12:52:00
66,59.11,14.68,43.6,35.33,39.16,normal,0,2024-05-13 19:13:00
99,72.63,12.43,22.39,38.1,49.01,normal,0,2024-11-13 09:30:00
99,78.47,3.28,35.29,39.48,75.97,normal,0,2024-04-27 11:21:00
41,76.1,16.6,19.11,32.73,24.13,normal,0,2024-05-17 03:59:00
1,78.83,16.85,16.72,29.66,49.92,normal,0,2024-04-19 00:53:00
26,85.97,8.93,34.18,31.77,50.26,normal,0,2024-11-15 05:14:00
32,85.97,13.5,41.15,34.53,52.09,normal,0,2024-01-19 08:02:00
40,76.1,17.13,46.55,25.94,49.73,normal,0,2024-10-02 05:27:00
78,76.8,11.87,43.42,30.91,49.15,normal,0,2024-06-14 21:55:00
69,81.09,16.01,6.1,27.91,46.98,normal,0,2024-01-16 16:20:00
46,76.16,17.79,32.46,31.58,50.88,normal,0,2024-05-26 04:36:00
15,71.88,17.57,39.5,30.68,51.46,normal,0,2024-09-14 04:49:00
6,79.32,19.25,14.31,29.38,39.29,normal,0,2024-10-31 00:25:00
13,88.14,9.83,50.92,39.77,40.3,normal,0,2024-05-30 13:24:00
30,87.74,13.73,35.83,33.01,40.14,normal,0,2024-09-08 07:24:00
52,78.16,12.04,38.21,35.07,62.4,normal,0,2024-04-10 08:59:00
70,85.06,15.18,15.87,25.61,44.18,normal,0,2024-07-03 10:42:00
1,83.82,12.87,49.27,41.75,35.48,normal,0,2024-05-28 16:11:00
23,72.63,17.38,30.97,30.85,73.73,normal,0,2024-10-27 01:06:00
52,69.24,16.39,43.13,37.99,55.57,normal,0,2024-07-05 10:08:00
17,75.86,14.54,42.9,30.17,56.68,normal,0,2024-04-21 21:11:00
55,73.2,6.38,55.33,29.4,42.59,normal,0,2024-11-04 00:12:00
63,58.09,10.56,29.25,39.41,44.65,normal,0,2024-01-18 09:09:00
47,84.77,29.05,28.63,38.8,35.43,normal,0,2024-05-12 05:55:00
19,83.49,11.18,39.67,30.18,50.31,normal,0,2024-09-18 06:00:00
96,86.45,16.5,36.2,33.27,57.19,normal,0,2024-02-13 18:50:00
89,70.48,18.09,37.9,27.98,37.05,normal,0,2024-05-31 01:10:00
84,81.9,13.59,44.38,35.49,24.51,normal,0,2024-09-24 12:16:00
30,72.12,17.31,39.41,27.09,39.24,normal,0,2024-02-18 12:14:00
21,71.87,17.82,33.22,37.91,45.96,normal,0,2024-11-29 08:04:00
28,72.37,7.94,33.36,37.35,48.88,normal,0,2024-03-09 09:52:00
66,79.48,13.84,33.82,35.63,60.0,normal,0,2024-08-17 19:06:00
21,85.58,15.36,7.72,40.69,45.27,normal,0,2024-06-18 13:17:00
67,74.99,14.33,17.73,24.66,41.11,normal,0,2024-08-11 23:14:00
52,80.71,17.13,43.41,34.64,15.58,normal,0,2024-01-25 14:46:00
57,74.04,15.86,43.08,34.96,51.43,normal,0,2024-07-11 06:56:00
83,61.5,8.9,18.35,31.91,53.47,normal,0,2024-03-06 12:55:00
62,84.95,20.46,32.07,28.67,39.08,normal,0,2024-09-11 13:42:00
84,79.31,12.71,20.13,44.87,51.96,normal,0,2024-11-19 20:04:00
4,82.84,18.5,43.31,45.09,55.02,normal,0,2024-01-10 01:30:00
94,70.51,13.1,21.42,37.42,53.21,normal,0,2024-03-15 13:01:00
39,61.18,13.77,24.42,31.98,77.11,normal,0,2024-11-21 16:50:00
55,80.49,12.26,33.64,41.97,77.71,normal,0,2024-02-15 11:32:00
39,70.64,14.4,53.76,43.31,63.4,normal,0,2024-07-30 23:00:00
42,70.45,15.6,52.61,40.02,52.02,normal,0,2024-07-30 18:42:00
67,82.88,23.6,33.52,35.07,58.42,normal,0,2024-04-27 14:32:00
27,78.47,20.03,55.44,39.16,58.5,normal,0,2024-10-19 02:04:00
8,74.08,17.7,48.7,27.79,50.75,normal,0,2024-03-10 15:46:00
7,77.29,8.71,37.18,33.9,40.82,normal,0,2024-10-31 12:33:00
85,88.63,6.56,43.66,39.15,83.54,normal,0,2024-06-18 07:54:00
78,86.42,17.42,31.76,32.04,55.1,normal,0,2024-06-18 15:50:00
98,64.27,7.84,49.01,42.7,34.86,normal,0,2024-02-16 22:08:00
17,81.79,20.03,37.64,33.67,35.9,normal,0,2024-01-01 22:07:00
77,73.29,8.9,55.74,37.97,42.26,normal,0,2024-08-16 11:45:00
53,78.01,17.31,30.48,41.03,32.97,normal,0,2024-05-09 00:49:00
100,73.01,17.92,27.22,33.81,52.41,normal,0,2024-01-09 20:49:00
45,76.18,9.76,62.66,32.59,73.84,normal,0,2024-02-16 15:13:00
43,-28.44,474.53,-41.58,-32.37,213.66,sensor_error,0,2024-04-07 00:03:00
39,76.89,19.48,41.57,25.69,57.72,normal,0,2024-02-19 06:20:00
35,88.37,16.53,47.85,33.53,61.05,normal,0,2024-12-02 06:12:00
48,70.38,14.74,22.58,30.56,20.58,normal,0,2024-08-19 14:49:00
46,78.76,17.38,18.19,37.89,54.85,normal,0,2024-01-17 09:26:00
43,87.97,15.84,21.47,35.94,30.27,normal,0,2024-02-05 02:05:00
50,72.42,3.67,37.03,35.99,61.68,normal,0,2024-05-30 15:53:00
51,74.5,17.59,47.89,27.3,36.33,normal,0,2024-07-27 08:55:00
40,72.57,13.63,43.24,26.4,62.42,normal,0,2024-06-25 07:47:00
68,75.77,10.49,34.64,22.13,53.82,normal,0,2024-10-14 12:35:00
26,83.47,12.87,38.0,35.18,36.11,normal,0,2024-03-11 16:58:00
44,84.32,10.61,36.28,45.55,46.94,normal,0,2024-06-15 23:35:00
88,83.27,17.45,26.32,32.32,28.82,normal,0,2024-07-10 23:37:00
75,71.4,23.97,35.88,40.83,43.32,normal,0,2024-12-10 17:25:00
40,83.35,15.65,45.65,35.54,51.43,normal,0,2024-09-03 15:43:00
11,77.75,17.61,35.65,38.25,51.53,normal,0,2024-11-16 16:37:00
12,82.66,14.63,30.94,38.35,27.04,normal,0,2024-08-05 23:28:00
62,77.2,8.24,53.59,33.4,34.69,normal,0,2024-02-26 12:41:00
5,72.25,14.23,36.48,29.16,29.64,normal,0,2024-10-16 00:52:00
79,75.88,11.3,29.89,33.48,51.87,normal,0,2024-07-05 00:16:00
26,62.98,15.82,44.84,33.37,24.07,normal,0,2024-06-14 12:38:00
18,63.37,14.63,36.88,37.24,42.7,normal,0,2024-01-25 05:27:00
86,75.1,10.87,47.47,35.46,36.01,normal,0,2024-11-18 19:19:00
97,78.21,8.15,36.86,29.04,44.37,normal,0,2024-09-02 07:50:00
5,69.75,15.48,27.55,38.69,59.74,normal,0,2024-01-24 09:58:00
52,79.64,13.42,30.29,31.4,42.07,normal,0,2024-02-21 04:52:00
1,82.85,24.87,26.49,25.91,38.35,normal,0,2024-01-03 00:52:00
26,88.31,13.69,23.29,34.04,50.84,normal,0,2024-01-20 20:45:00
6,-999.0,422.31,-10.18,-49.25,284.46,sensor_error,0,2024-02-11 11:02:00
92,77.62,12.81,10.03,29.63,62.95,normal,0,2024-11-14 06:22:00
77,95.81,12.9,38.95,38.32,50.29,normal,0,2024-03-31 20:17:00
91,81.72,21.05,43.9,35.74,58.25,normal,0,2024-08-14 02:25:00
58,88.37,12.99,38.42,32.85,60.92,normal,0,2024-10-24 21:59:00
9,-36.88,-24.63,-30.82,-27.52,222.36,sensor_error,0,2024-01-01 14:52:00
25,77.89,12.31,43.62,30.19,67.13,normal,0,2024-02-18 07:22:00
26,86.31,20.62,23.06,26.67,74.38,normal,0,2024-07-24 20:09:00
96,69.76,18.96,16.61,34.61,57.82,normal,0,2024-06-25 09:33:00
44,81.96,17.29,34.99,34.65,46.07,normal,0,2024-12-15 10:44:00
45,72.42,15.26,22.99,32.03,75.68,normal,0,2024-07-15 22:47:00
54,80.31,10.9,47.51,39.62,72.89,normal,0,2024-10-25 23:41:00
41,75.63,20.89,57.27,42.66,60.98,normal,0,2024-04-17 00:35:00
28,70.43,12.5,9.31,30.96,52.86,normal,0,2024-08-31 01:15:00
23,88.55,23.12,35.38,31.16,66.25,normal,0,2024-05-16 22:19:00
97,67.04,15.77,49.45,34.98,39.22,normal,0,2024-08-14 11:40:00
42,63.56,18.65,43.19,38.32,43.08,normal,0,2024-03-03 11:31:00
43,61.51,10.28,37.74,27.41,35.77,normal,0,2024-08-28 18:13:00
13,63.45,8.84,35.23,32.74,32.44,normal,0,2024-03-16 06:13:00
61,78.61,19.21,50.46,30.25,39.54,normal,0,2024-10-11 04:02:00
92,70.17,12.72,33.76,29.68,64.52,normal,0,2024-09-17 11:02:00
72,67.25,15.89,28.24,37.71,32.74,normal,0,2024-06-04 07:42:00
7,84.13,16.77,47.41,32.88,42.3,normal,0,2024-09-06 12:50:00
41,69.36,19.63,23.07,35.1,33.67,normal,0,2024-04-08 05:20:00
19,88.78,14.75,30.78,37.36,47.79,normal,0,2024-10-17 21:53:00
22,83.1,20.73,24.37,42.49,51.85,normal,0,2024-09-20 12:40:00
26,80.25,14.94,16.92,33.19,71.7,normal,0,2024-12-09 02:49:00
78,77.4,16.8,55.0,37.51,18.14,normal,0,2024-08-18 19:55:00
7,80.5,12.0,10.91,29.09,39.88,normal,0,2024-03-21 00:04:00
63,71.21,21.27,38.2,33.3,32.4,normal,0,2024-08-26 10:30:00
93,76.19,19.84,19.78,37.05,40.91,normal,0,2024-09-07 22:52:00
56,67.09,18.33,49.94,29.22,58.71,normal,0,2024-04-29 20:16:00
78,74.09,13.69,25.94,37.56,70.49,normal,0,2024-08-06 00:29:00
47,68.73,13.75,32.46,40.69,67.96,normal,0,2024-08-30 18:12:00
59,72.01,17.91,32.04,42.06,36.96,normal,0,2024-07-16 23:36:00
31,85.86,18.8,29.17,40.18,45.52,normal,0,2024-10-17 17:25:00
51,68.05,14.03,40.16,33.54,54.05,normal,0,2024-09-13 08:15:00
5,78.99,21.63,26.21,36.3,34.04,normal,0,2024-11-22 20:39:00
83,75.81,20.83,42.83,37.01,52.35,normal,0,2024-02-12 16:46:00
5,68.44,9.03,14.9,31.14,50.48,normal,0,2024-07-13 09:44:00
46,76.61,14.24,32.76,39.46,63.57,normal,0,2024-12-07 10:32:00
79,61.73,14.18,25.26,34.55,36.75,normal,0,2024-07-31 17:15:00
23,72.67,19.66,12.64,34.69,62.95,normal,0,2024-12-11 23:13:00
55,76.74,8.96,34.61,32.4,53.39,normal,0,2024-02-21 12:01:00
49,85.28,16.48,36.67,33.34,26.06,normal,0,2024-04-26 00:48:00
58,69.0,20.84,26.7,24.81,48.24,normal,0,2024-04-10 17:53:00
90,76.37,8.6,23.66,35.47,59.55,normal,0,2024-11-07 23:32:00
60,92.61,15.83,28.12,35.93,55.88,normal,0,2024-06-08 05:54:00
27,84.95,15.55,59.11,28.05,61.66,normal,0,2024-03-04 15:17:00
79,84.87,11.22,31.59,35.12,55.71,normal,0,2024-07-25 13:53:00
54,80.3,17.08,30.14,36.26,13.56,normal,0,2024-05-17 13:14:00
4,71.21,20.08,32.37,38.61,48.15,normal,0,2024-03-16 23:56:00
83,73.63,17.31,45.96,36.36,43.8,normal,0,2024-06-30 11:00:00
36,70.91,10.0,43.77,34.87,59.2,normal,0,2024-02-24 16:13:00
85,82.06,24.1,17.8,35.08,43.85,normal,0,2024-07-25 02:19:00
27,73.64,23.96,43.43,41.49,85.83,normal,0,2024-04-16 09:23:00
16,71.78,14.27,13.92,34.24,82.35,normal,0,2024-10-28 04:32:00
26,86.39,16.44,42.63,33.92,67.03,normal,0,2024-06-12 15:32:00
92,92.37,17.07,31.67,36.11,52.59,normal,0,2024-08-04 16:37:00
10,64.3,15.29,23.99,48.02,15.72,normal,0,2024-08-06 07:24:00
1,69.75,13.48,47.09,37.79,76.55,normal,0,2024-02-16 17:32:00
90,62.39,17.19,21.85,31.61,22.17,normal,0,2024-01-04 16:21:00
40,71.16,18.78,39.84,35.19,66.03,normal,0,2024-06-10 01:30:00
20,81.6,11.05,19.95,38.69,64.18,normal,0,2024-08-19 10:42:00
71,85.34,20.68,49.86,38.97,58.68,normal,0,2024-01-08 07:06:00
53,82.57,7.04,41.31,41.61,53.58,normal,0,2024-03-03 12:42:00
47,75.25,19.74,38.8,28.63,22.56,normal,0,2024-10-18 06:11:00
21,60.64,16.37,28.66,29.28,62.3,normal,0,2024-07-13 12:51:00
5,88.47,17.98,16.02,36.53,54.19,normal,0,2024-05-01 08:44:00
29,96.79,19.44,33.95,39.06,48.84,normal,0,2024-12-27 12:21:00
90,91.06,13.89,34.04,36.87,45.25,normal,0,2024-11-28 14:09:00
35,83.13,17.5,27.82,28.44,39.2,normal,0,2024-08-27 08:07:00
47,65.53,15.79,18.74,32.88,39.79,normal,0,2024-10-17 11:17:00
35,76.43,16.0,49.46,34.15,50.18,normal,0,2024-04-24 17:51:00
93,68.06,14.1,26.09,35.42,53.92,normal,0,2024-02-25 08:56:00
25,63.02,13.55,60.66,31.83,69.11,normal,0,2024-03-10 18:58:00
73,77.87,13.89,41.13,38.24,44.88,normal,0,2024-07-06 10:51:00
97,73.21,16.06,18.05,35.12,70.51,normal,0,2024-06-02 02:59:00
43,49.8,45.69,25.94,53.77,48.04,real_anomaly,1,2024-11-20 08:44:00
67,66.92,8.45,34.9,41.94,44.75,normal,0,2024-03-06 23:39:00
58,89.6,13.99,30.59,30.41,50.04,normal,0,2024-09-13 02:45:00
89,66.0,16.73,34.61,32.57,69.89,normal,0,2024-10-03 14:15:00
62,66.84,14.16,36.93,38.37,49.02,normal,0,2024-07-21 07:54:00
65,67.09,23.1,32.83,35.07,54.88,normal,0,2024-08-20 01:59:00
49,83.6,16.55,41.35,31.46,58.63,normal,0,2024-01-20 07:00:00
58,70.58,13.87,19.44,45.07,39.63,normal,0,2024-10-27 18:39:00
85,-999.0,430.52,-31.28,-26.76,-18.22,sensor_error,0,2024-10-06 22:01:00
23,66.01,17.37,35.74,32.66,48.96,normal,0,2024-08-12 01:18:00
3,69.01,11.3,49.37,40.35,56.43,normal,0,2024-02-09 14:41:00
77,80.67,15.58,39.15,39.32,52.26,normal,0,2024-03-24 06:19:00
62,-19.35,-68.74,-41.54,-36.89,-36.41,sensor_error,0,2024-06-10 00:03:00
68,74.2,15.49,41.9,33.5,45.18,normal,0,2024-06-07 04:44:00
14,69.25,18.14,25.92,37.24,61.03,normal,0,2024-05-13 11:36:00
14,63.26,11.1,30.51,32.92,49.16,normal,0,2024-08-22 13:28:00
6,90.83,18.98,35.77,45.35,51.83,normal,0,2024-01-02 15:20:00
77,85.53,11.12,32.42,34.25,54.4,normal,0,2024-10-15 09:34:00
85,80.48,14.77,16.19,30.57,33.57,normal,0,2024-05-13 19:37:00
68,88.37,14.71,34.87,28.52,56.82,normal,0,2024-01-05 06:07:00
18,75.02,25.5,39.19,37.89,50.94,normal,0,2024-01-09 12:08:00
96,80.61,15.34,48.56,38.72,77.22,normal,0,2024-03-13 16:45:00
82,78.72,14.76,35.32,35.32,43.67,normal,0,2024-08-04 19:51:00
16,70.01,15.68,19.48,40.09,35.15,normal,0,2024-05-25 17:57:00
90,71.63,14.53,42.85,32.12,44.34,normal,0,2024-04-08 18:27:00
73,85.33,10.15,28.51,33.93,64.25,normal,0,2024-06-21 07:01:00
30,78.13,12.58,30.1,26.58,53.01,normal,0,2024-10-31 07:21:00
49,80.05,15.44,30.07,32.87,48.99,normal,0,2024-04-04 01:59:00
16,81.9,20.98,57.08,30.15,56.91,normal,0,2024-01-09 14:08:00
92,76.18,12.28,13.98,31.88,35.72,normal,0,2024-09-18 06:33:00
92,87.43,19.51,31.56,27.48,42.12,normal,0,2024-04-13 03:07:00
87,73.0,17.24,2.43,38.14,63.85,normal,0,2024-01-14 19:19:00
85,81.72,15.02,36.18,28.74,50.94,normal,0,2024-04-17 20:28:00
35,73.71,9.52,39.42,37.36,42.19,normal,0,2024-09-20 02:36:00
63,77.36,14.72,37.17,40.8,45.91,normal,0,2024-09-04 21:25:00
51,81.89,17.31,55.85,37.13,56.59,normal,0,2024-04-16 17:52:00
94,69.82,17.61,21.68,32.95,46.29,normal,0,2024-05-23 20:28:00
87,73.57,13.45,39.02,38.33,27.27,normal,0,2024-06-26 14:53:00
32,85.67,5.61,12.57,25.91,30.09,normal,0,2024-01-11 04:43:00
44,68.35,19.47,33.59,27.64,47.25,normal,0,2024-01-20 21:05:00
84,46.8,36.22,30.72,38.69,40.02,real_anomaly,1,2024-07-18 18:17:00
54,76.38,14.16,29.08,41.3,62.85,normal,0,2024-11-15 12:14:00
21,70.75,20.2,22.24,37.32,39.17,normal,0,2024-03-22 13:49:00
6,82.65,19.29,35.18,32.4,56.89,normal,0,2024-08-09 03:30:00
7,81.84,9.47,19.68,30.25,47.27,normal,0,2024-08-03 04:20:00
4,-999.0,484.86,210.21,-43.76,248.22,sensor_error,0,2024-12-18 16:56:00
96,86.21,20.69,16.83,42.14,20.36,normal,0,2024-12-01 17:34:00
51,68.68,7.71,28.36,32.79,88.69,normal,0,2024-08-06 09:38:00
19,75.21,15.22,25.32,31.61,27.84,normal,0,2024-07-31 10:27:00
26,73.79,13.15,40.82,35.6,39.58,normal,0,2024-08-01 15:10:00
82,74.37,13.93,25.34,36.44,41.82,normal,0,2024-04-22 23:21:00
59,81.77,10.84,32.7,36.9,51.81,normal,0,2024-01-04 07:28:00
66,72.71,16.18,60.55,29.96,54.55,normal,0,2024-09-10 03:32:00
52,63.25,19.28,32.6,37.58,67.74,normal,0,2024-05-05 08:05:00
13,91.39,19.92,33.17,32.98,48.86,normal,0,2024-09-12 18:42:00
10,66.84,23.99,24.92,33.04,64.37,normal,0,2024-05-29 04:39:00
69,76.17,9.66,56.5,39.95,36.46,normal,0,2024-04-14 09:50:00
98,74.44,12.83,25.03,38.6,49.63,normal,0,2024-11-29 10:07:00
49,54.72,14.71,36.51,26.15,54.63,normal,0,2024-03-22 07:07:00
53,72.57,16.27,25.15,49.68,10.0,normal,0,2024-03-04 11:36:00
78,-999.0,-39.06,276.9,-14.37,175.73,sensor_error,0,2024-08-25 03:51:00
17,73.05,13.55,51.87,37.41,50.7,normal,0,2024-09-19 18:24:00
34,87.16,20.44,25.08,40.83,27.34,normal,0,2024-02-14 20:04:00
24,71.17,7.18,47.76,31.39,61.16,normal,0,2024-02-10 07:48:00
10,70.67,16.42,23.59,36.31,37.0,normal,0,2024-01-15 11:59:00
86,90.15,14.3,33.42,43.86,60.42,normal,0,2024-08-01 13:15:00
5,69.77,7.07,51.9,35.35,63.25,normal,0,2024-12-28 21:52:00
46,75.62,15.9,60.21,34.76,59.2,normal,0,2024-02-11 01:02:00
19,81.02,13.76,26.93,36.19,69.03,normal,0,2024-02-08 10:32:00
23,68.13,23.06,33.03,34.74,58.74,normal,0,2024-08-19 17:02:00
66,71.28,8.9,23.33,39.57,39.33,normal,0,2024-12-27 00:06:00
47,88.17,17.44,35.28,38.09,54.82,normal,0,2024-11-22 02:20:00
69,72.75,16.69,42.26,47.32,62.56,normal,0,2024-05-26 18:01:00
62,83.37,9.48,21.34,33.03,46.8,normal,0,2024-06-27 19:02:00
25,78.72,16.37,21.01,39.17,57.7,normal,0,2024-05-08 23:49:00
54,81.88,15.16,17.29,27.61,21.74,normal,0,2024-07-29 07:25:00
61,85.85,10.85,37.58,31.2,56.56,normal,0,2024-09-27 06:56:00
81,71.91,17.98,19.53,32.11,18.67,normal,0,2024-01-04 05:22:00
7,71.21,22.86,58.07,43.08,55.85,normal,0,2024-08-13 06:56:00
33,70.97,18.8,48.0,31.22,48.45,normal,0,2024-08-15 23:14:00
84,71.0,10.79,47.82,30.61,29.62,normal,0,2024-10-18 04:32:00
94,-999.0,424.9,-17.08,-28.32,-16.82,sensor_error,0,2024-09-24 07:05:00
19,74.3,6.13,29.51,41.27,51.66,normal,0,2024-02-02 00:23:00
82,80.81,18.11,29.12,30.98,18.63,normal,0,2024-12-08 03:55:00
36,81.7,10.14,43.24,38.97,45.52,normal,0,2024-05-30 20:27:00
46,67.74,13.44,21.14,39.3,42.04,normal,0,2024-03-19 15:29:00
51,64.47,20.62,37.28,32.1,65.41,normal,0,2024-05-26 06:00:00
41,74.02,13.12,39.35,39.95,64.39,normal,0,2024-11-20 03:27:00
31,76.24,11.66,41.36,44.06,36.46,normal,0,2024-08-06 01:06:00
93,60.23,12.28,37.35,43.55,68.35,normal,0,2024-10-26 06:32:00
52,84.49,17.94,59.41,23.91,27.95,normal,0,2024-10-11 16:28:00
35,87.07,18.58,25.72,41.45,11.56,normal,0,2024-04-22 09:31:00
11,61.8,21.12,45.86,37.32,70.99,normal,0,2024-12-25 06:46:00
25,73.62,15.32,48.24,27.05,60.41,normal,0,2024-07-18 15:35:00
54,71.51,16.74,25.25,28.28,58.21,normal,0,2024-12-20 13:00:00
91,72.24,13.83,63.52,40.9,59.83,normal,0,2024-07-11 23:41:00
37,81.74,13.75,50.61,34.75,48.26,normal,0,2024-12-07 23:33:00
25,59.16,14.14,51.08,35.27,66.07,normal,0,2024-12-06 05:51:00
23,76.71,16.03,46.95,37.9,37.48,normal,0,2024-06-03 02:59:00
55,81.74,22.22,22.7,31.22,61.57,normal,0,2024-09-23 23:42:00
38,90.55,18.72,37.09,37.57,55.71,normal,0,2024-11-25 08:07:00
58,77.31,12.43,51.02,36.41,41.32,normal,0,2024-05-01 16:25:00
20,76.62,15.82,45.67,42.34,76.19,normal,0,2024-06-23 01:45:00
9,68.26,18.66,18.55,39.04,50.17,normal,0,2024-02-07 18:50:00
87,76.95,13.35,48.82,42.11,56.78,normal,0,2024-01-03 20:12:00
58,77.95,19.09,37.59,29.81,10.0,normal,0,2024-02-10 04:12:00
68,67.21,19.41,29.23,29.22,33.37,normal,0,2024-10-12 16:28:00
56,79.04,15.36,30.35,40.7,55.79,normal,0,2024-01-07 13:26:00
17,78.63,17.96,47.5,43.15,66.32,normal,0,2024-04-03 21:26:00
64,79.4,14.74,50.62,40.94,54.75,normal,0,2024-03-15 21:53:00
44,73.84,17.48,49.96,33.59,52.51,normal,0,2024-12-15 03:00:00
12,79.1,14.78,25.13,49.12,48.83,normal,0,2024-06-06 06:54:00
11,92.16,11.98,21.3,35.74,65.58,normal,0,2024-06-19 18:05:00
70,77.03,17.7,47.58,33.23,36.73,normal,0,2024-10-04 19:41:00
90,87.1,10.4,50.5,34.13,51.99,normal,0,2024-01-31 10:15:00
23,84.71,14.07,57.35,32.4,58.21,normal,0,2024-06-22 21:15:00
42,74.74,12.57,18.94,40.55,69.49,normal,0,2024-07-07 08:39:00
33,72.4,14.84,49.79,26.63,49.02,normal,0,2024-11-05 02:52:00
43,64.53,22.64,29.71,40.69,18.5,normal,0,2024-12-12 17:16:00
69,59.95,15.68,38.05,33.15,37.97,normal,0,2024-12-07 23:07:00
90,83.67,12.78,27.09,39.36,66.55,normal,0,2024-05-15 12:03:00
37,70.82,7.95,35.51,25.26,74.59,normal,0,2024-12-29 15:23:00
33,76.46,22.99,45.65,30.58,65.54,normal,0,2024-05-07 10:48:00
40,81.03,18.73,32.57,44.07,58.13,normal,0,2024-12-19 04:08:00
13,71.03,13.17,41.31,30.55,54.85,normal,0,2024-04-28 04:48:00
56,85.41,17.76,35.73,41.63,87.91,normal,0,2024-10-19 13:54:00
49,89.41,19.39,31.68,40.78,33.8,normal,0,2024-10-27 05:15:00
30,72.31,17.34,34.72,27.75,60.96,normal,0,2024-01-31 15:22:00
96,81.6,16.27,38.08,38.45,42.39,normal,0,2024-06-28 18:42:00
53,93.58,13.96,17.26,33.47,50.1,normal,0,2024-12-28 07:47:00
77,-20.44,-57.06,-22.26,-10.66,-30.03,sensor_error,0,2024-08-21 05:58:00
76,78.96,18.5,33.76,32.85,41.41,normal,0,2024-07-28 10:50:00
98,79.31,11.09,27.3,35.95,54.12,normal,0,2024-03-01 16:35:00
23,74.44,12.56,55.62,33.99,60.64,normal,0,2024-05-30 07:10:00
20,75.52,14.55,31.58,33.28,36.03,normal,0,2024-08-14 16:08:00
92,77.06,16.72,37.1,43.91,53.52,normal,0,2024-05-01 08:33:00
35,87.07,10.66,28.47,30.92,68.29,normal,0,2024-01-10 18:18:00
46,81.62,13.46,10.61,34.27,48.3,normal,0,2024-10-28 22:26:00
62,74.72,16.86,42.4,34.23,62.24,normal,0,2024-02-17 14:33:00
26,81.51,11.61,23.68,37.11,48.51,normal,0,2024-06-13 03:03:00
35,71.54,16.42,50.91,41.81,33.1,normal,0,2024-07-23 02:20:00
24,69.49,12.63,23.18,37.86,30.5,normal,0,2024-06-08 20:43:00
11,81.58,20.51,51.43,21.67,44.92,normal,0,2024-11-08 21:05:00
17,64.37,17.2,22.83,34.56,42.87,normal,0,2024-10-07 01:30:00
94,75.66,17.72,44.89,32.9,68.74,normal,0,2024-04-14 22:20:00
38,74.63,19.12,32.3,38.44,62.69,normal,0,2024-08-28 15:26:00
94,82.46,8.55,28.79,27.37,48.04,normal,0,2024-11-15 21:15:00
21,79.7,13.67,21.97,37.28,42.33,normal,0,2024-01-20 08:44:00
66,64.71,8.13,25.28,37.82,50.16,normal,0,2024-04-21 00:30:00
41,82.62,13.09,22.99,41.98,70.39,normal,0,2024-09-13 03:42:00
13,63.98,12.03,46.75,38.2,56.78,normal,0,2024-07-29 02:01:00
65,67.91,16.83,48.33,43.71,66.16,normal,0,2024-12-01 20:13:00
74,76.44,16.36,31.7,25.62,49.48,normal,0,2024-07-14 17:28:00
10,73.44,18.0,37.76,41.65,50.57,normal,0,2024-01-30 15:51:00
22,75.61,16.58,46.4,34.02,51.98,normal,0,2024-10-12 16:37:00
16,91.06,10.74,29.0,33.05,39.14,normal,0,2024-12-30 15:05:00
46,89.75,7.97,47.35,36.07,10.0,normal,0,2024-03-12 22:49:00
93,74.12,21.9,46.24,40.04,27.13,normal,0,2024-05-12 05:23:00
84,81.53,8.77,16.5,39.11,43.0,normal,0,2024-12-11 12:08:00
59,62.55,16.41,36.53,33.51,40.51,normal,0,2024-01-15 15:18:00
71,76.68,15.92,39.86,37.82,50.25,normal,0,2024-04-28 06:25:00
59,77.74,11.38,35.82,34.53,53.18,normal,0,2024-11-14 10:56:00
40,77.83,18.28,17.08,34.63,68.47,normal,0,2024-04-19 12:20:00
51,-999.0,332.5,467.33,-11.54,-15.26,sensor_error,0,2024-10-01 00:58:00
53,76.23,8.61,32.69,29.6,76.08,normal,0,2024-07-07 08:57:00
36,70.63,15.47,21.44,32.75,46.26,normal,0,2024-11-02 18:30:00
20,102.83,46.61,23.65,55.46,44.1,real_anomaly,1,2024-04-09 01:40:00
76,72.01,7.22,45.77,35.06,31.1,normal,0,2024-05-28 13:58:00
2,69.84,12.26,35.29,34.8,64.55,normal,0,2024-12-04 00:20:00
15,-999.0,332.84,-31.08,-4.53,-13.11,sensor_error,0,2024-06-14 14:51:00
53,79.79,8.87,53.34,36.74,69.98,normal,0,2024-09-14 10:28:00
88,76.86,16.8,10.84,32.26,43.37,normal,0,2024-04-16 12:50:00
82,83.43,20.43,40.98,35.38,41.93,normal,0,2024-09-19 04:46:00
26,82.66,4.24,53.11,40.06,34.97,normal,0,2024-02-03 06:17:00
81,79.98,15.32,51.82,44.75,48.52,normal,0,2024-07-31 16:37:00
86,73.6,18.84,45.07,35.61,37.12,normal,0,2024-11-12 06:39:00
63,66.64,2.0,26.48,37.35,53.01,normal,0,2024-07-21 13:14:00
92,69.72,15.62,31.03,35.76,60.54,normal,0,2024-06-25 11:30:00
42,81.95,16.36,33.74,39.59,27.8,normal,0,2024-07-09 05:12:00
87,83.09,9.03,35.93,40.26,73.36,normal,0,2024-01-31 22:14:00
48,76.07,11.63,30.81,36.88,56.94,normal,0,2024-01-02 18:08:00
63,75.32,17.98,46.08,33.46,46.08,normal,0,2024-09-10 08:38:00
71,69.6,15.16,43.22,24.92,42.07,normal,0,2024-09-29 14:11:00
49,87.49,12.49,25.33,33.5,51.57,normal,0,2024-06-24 16:06:00
18,79.63,18.28,46.93,31.56,42.78,normal,0,2024-06-18 08:07:00
60,75.06,10.71,16.81,34.12,54.49,normal,0,2024-12-19 18:31:00
98,82.73,18.56,25.17,35.38,41.77,normal,0,2024-11-03 13:54:00
35,73.12,9.85,49.48,38.66,32.85,normal,0,2024-07-05 23:48:00
62,79.52,20.01,38.27,36.01,51.07,normal,0,2024-05-26 21:12:00
38,65.88,13.79,58.47,32.36,38.59,normal,0,2024-03-29 11:29:00
49,80.25,10.91,36.97,36.41,51.0,normal,0,2024-11-18 20:16:00
81,75.67,18.82,51.86,39.83,49.14,normal,0,2024-11-23 14:36:00
66,72.68,20.65,23.76,42.44,37.51,normal,0,2024-05-24 22:17:00
24,89.35,17.27,53.78,33.25,78.97,normal,0,2024-02-03 16:35:00
19,79.7,21.63,45.01,29.06,75.56,normal,0,2024-11-09 22:30:00
51,72.21,25.35,33.03,41.3,45.99,normal,0,2024-11-24 20:27:00
97,72.7,12.14,32.84,31.97,54.8,normal,0,2024-03-17 15:28:00
24,84.85,10.99,26.83,30.64,57.02,normal,0,2024-04-02 23:17:00
16,75.74,21.69,46.02,28.04,53.14,normal,0,2024-09-10 00:12:00
1,69.64,18.1,49.08,33.21,56.1,normal,0,2024-04-26 06:59:00
24,76.05,13.2,35.74,30.68,53.22,normal,0,2024-01-26 06:06:00
51,77.94,15.57,37.74,35.38,48.81,normal,0,2024-05-27 10:05:00
78,88.71,6.69,33.64,36.01,50.28,normal,0,2024-03-19 18:28:00
47,67.62,16.21,29.89,34.4,47.33,normal,0,2024-08-23 01:56:00
28,-36.27,-66.91,384.63,-32.21,-37.68,sensor_error,0,2024-05-26 15:39:00
93,69.44,5.33,39.07,29.52,51.92,normal,0,2024-09-06 09:19:00
71,71.58,10.6,57.59,36.41,68.93,normal,0,2024-11-03 02:59:00
59,81.2,19.55,38.83,29.42,82.09,normal,0,2024-02-28 00:03:00
19,68.94,13.06,42.0,36.85,48.57,normal,0,2024-09-06 00:51:00
6,76.44,12.6,43.23,39.52,38.22,normal,0,2024-02-17 06:49:00
57,76.77,14.99,46.04,30.2,49.41,normal,0,2024-08-25 19:49:00
14,79.87,14.59,23.69,29.24,52.69,normal,0,2024-10-23 22:05:00
5,87.27,18.77,22.04,41.66,55.59,normal,0,2024-07-02 01:32:00
4,78.77,20.87,34.99,38.93,75.11,normal,0,2024-04-12 19:57:00
76,85.02,24.86,51.92,44.73,71.28,normal,0,2024-05-24 04:28:00
87,69.01,12.53,50.05,35.23,40.71,normal,0,2024-05-01 21:13:00
5,73.88,14.32,35.6,36.82,51.69,normal,0,2024-04-30 02:41:00
54,70.05,15.83,33.47,35.74,21.8,normal,0,2024-03-13 23:17:00
90,88.0,22.63,38.48,34.06,33.65,normal,0,2024-03-24 07:07:00
62,65.21,8.47,27.22,36.68,41.52,normal,0,2024-05-08 12:53:00
94,74.63,11.98,26.27,37.66,50.19,normal,0,2024-10-24 01:52:00
70,75.72,8.43,47.51,28.55,39.15,normal,0,2024-01-16 13:40:00
50,78.22,11.57,29.22,27.38,30.21,normal,0,2024-02-20 04:07:00
15,70.29,16.62,15.37,35.93,72.21,normal,0,2024-10-13 10:06:00
30,95.23,19.65,18.06,38.8,59.93,normal,0,2024-04-29 00:02:00
84,78.61,15.51,44.16,32.33,74.04,normal,0,2024-01-29 06:49:00
82,74.34,18.97,45.37,42.14,55.75,normal,0,2024-05-31 08:52:00
8,74.68,19.46,43.96,35.39,36.66,normal,0,2024-10-12 16:30:00
75,73.03,16.8,32.5,40.75,38.87,normal,0,2024-10-12 02:00:00
88,66.82,16.47,37.33,29.76,55.01,normal,0,2024-03-15 14:53:00
34,72.21,7.95,24.34,29.84,48.84,normal,0,2024-03-21 15:14:00
26,84.63,14.07,44.08,31.88,66.12,normal,0,2024-07-12 06:56:00
66,62.55,8.83,21.2,37.6,87.59,normal,0,2024-07-26 07:53:00
81,78.9,14.03,35.96,36.84,56.47,normal,0,2024-10-25 22:09:00
4,70.98,11.36,13.06,46.93,43.53,normal,0,2024-02-26 08:21:00
50,87.06,13.95,41.36,45.1,39.11,normal,0,2024-07-07 07:26:00
73,77.59,8.62,43.33,38.73,47.53,normal,0,2024-05-09 15:59:00
79,58.84,14.79,29.54,34.31,27.76,normal,0,2024-08-27 06:28:00
88,75.51,15.64,16.05,34.4,43.06,normal,0,2024-02-13 08:49:00
39,77.32,20.57,44.37,34.78,67.54,normal,0,2024-06-12 05:42:00
72,69.15,16.42,11.11,40.29,62.87,normal,0,2024-01-11 08:03:00
11,54.6,18.48,15.62,32.75,84.37,normal,0,2024-05-18 00:50:00
89,66.78,19.8,57.46,40.85,23.12,normal,0,2024-10-15 22:25:00
67,77.82,23.18,34.87,40.26,72.61,normal,0,2024-01-23 13:13:00
53,93.73,10.79,33.77,35.35,43.72,normal,0,2024-08-11 14:08:00
21,80.31,12.98,36.43,44.07,41.71,normal,0,2024-04-22 03:54:00
64,86.24,15.14,13.31,46.58,59.59,normal,0,2024-06-20 22:51:00
10,68.87,12.34,49.27,28.28,42.95,normal,0,2024-04-18 16:02:00
25,71.0,14.33,40.35,25.6,59.56,normal,0,2024-09-20 04:37:00
96,75.49,18.18,36.41,27.55,32.56,normal,0,2024-06-16 06:16:00
13,80.15,10.65,29.52,35.97,64.17,normal,0,2024-01-18 09:39:00
41,80.61,9.52,39.35,39.66,41.31,normal,0,2024-08-18 14:26:00
88,69.19,23.1,14.24,32.29,27.24,normal,0,2024-07-18 11:54:00
10,68.55,11.48,29.94,34.94,55.22,normal,0,2024-08-07 21:10:00
82,78.92,22.24,39.74,38.81,60.12,normal,0,2024-05-03 21:46:00
4,68.22,16.58,30.16,33.66,72.64,normal,0,2024-05-20 10:48:00
10,83.26,13.21,38.53,32.73,61.91,normal,0,2024-05-12 23:58:00
77,71.24,15.77,65.74,26.27,50.68,normal,0,2024-04-12 00:41:00
57,60.57,14.88,47.43,27.12,34.42,normal,0,2024-08-02 13:30:00
48,80.08,20.61,24.42,37.89,43.14,normal,0,2024-10-18 07:29:00
15,58.29,16.33,43.27,34.66,48.55,normal,0,2024-01-02 14:50:00
58,86.78,10.2,25.03,33.73,56.15,normal,0,2024-02-21 12:17:00
13,64.04,13.87,34.54,27.86,76.22,normal,0,2024-04-01 13:30:00
100,67.06,8.86,31.38,35.12,82.34,normal,0,2024-05-21 05:18:00
9,86.6,9.78,29.23,36.44,37.71,normal,0,2024-12-08 16:26:00
95,71.97,10.41,24.31,34.59,35.15,normal,0,2024-05-14 15:45:00
37,70.81,21.29,3.06,35.15,41.33,normal,0,2024-07-07 04:32:00
95,76.12,12.13,28.7,34.53,29.1,normal,0,2024-08-02 08:52:00
40,77.91,9.75,40.32,35.52,52.78,normal,0,2024-07-19 20:33:00
38,72.67,10.59,34.16,29.68,33.41,normal,0,2024-03-01 17:17:00
100,62.36,15.51,24.74,40.84,56.02,normal,0,2024-02-16 07:16:00
32,74.52,13.55,37.96,43.09,54.74,normal,0,2024-11-08 04:32:00
8,77.47,19.61,26.27,32.81,52.75,normal,0,2024-10-25 09:20:00
11,78.73,24.66,17.37,37.02,60.26,normal,0,2024-09-18 13:55:00
92,73.17,20.64,24.77,36.82,17.23,normal,0,2024-04-09 03:47:00
75,80.32,17.84,26.41,36.59,22.97,normal,0,2024-02-15 03:51:00
34,91.16,15.1,35.08,41.75,27.55,normal,0,2024-06-05 08:10:00
43,80.95,15.25,10.33,39.58,38.23,normal,0,2024-06-03 23:57:00
53,83.92,13.13,49.59,43.44,55.15,normal,0,2024-03-26 13:54:00
46,66.75,12.35,26.77,38.49,45.17,normal,0,2024-10-19 10:09:00
47,91.49,9.45,29.44,26.52,43.45,normal,0,2024-07-16 23:05:00
83,75.53,19.43,20.88,28.83,34.42,normal,0,2024-12-17 03:22:00
4,60.92,12.07,28.74,30.19,44.14,normal,0,2024-09-19 20:13:00
55,84.61,15.55,57.74,32.73,36.91,normal,0,2024-11-04 01:21:00
89,73.88,11.87,51.93,35.89,69.7,normal,0,2024-04-01 01:13:00
96,73.75,14.93,25.31,36.76,58.56,normal,0,2024-09-11 22:30:00
13,77.1,11.75,28.57,33.75,67.59,normal,0,2024-09-09 22:26:00
84,76.06,17.4,4.1,33.78,30.24,normal,0,2024-10-31 01:05:00
17,80.14,13.86,40.89,31.92,43.03,normal,0,2024-11-27 04:47:00
16,65.76,22.32,51.75,40.42,65.49,normal,0,2024-03-13 10:24:00
68,77.55,14.9,28.96,33.4,61.05,normal,0,2024-07-01 10:58:00
28,72.73,12.81,40.67,36.8,17.97,normal,0,2024-03-07 04:23:00
96,77.58,18.13,22.63,35.76,38.31,normal,0,2024-02-01 19:06:00
16,71.01,10.51,35.36,39.66,47.15,normal,0,2024-01-08 20:32:00
92,82.95,19.86,28.45,35.53,48.94,normal,0,2024-11-18 06:28:00
10,83.09,18.44,36.98,31.25,57.1,normal,0,2024-08-29 13:04:00
10,83.06,14.41,54.76,35.85,50.49,normal,0,2024-05-13 09:19:00
15,87.18,10.56,20.39,33.94,50.3,normal,0,2024-03-20 12:12:00
48,69.11,19.79,31.85,43.41,43.15,normal,0,2024-07-19 14:31:00
15,75.16,16.91,24.66,34.68,44.49,normal,0,2024-02-05 21:39:00
60,71.6,15.67,30.74,42.07,32.25,normal,0,2024-11-30 22:09:00
73,67.23,17.08,23.96,33.2,58.6,normal,0,2024-02-07 06:04:00
25,72.91,13.7,25.42,33.67,52.38,normal,0,2024-04-11 16:00:00
21,61.26,14.42,29.42,30.39,75.22,normal,0,2024-11-13 23:35:00
48,76.52,11.09,51.86,44.42,41.86,normal,0,2024-12-18 03:46:00
91,81.04,12.45,3.49,38.03,58.58,normal,0,2024-01-23 04:40:00
40,85.0,16.92,42.96,28.76,65.92,normal,0,2024-06-13 00:06:00
36,80.96,15.92,43.65,31.04,63.08,normal,0,2024-09-27 01:49:00
57,75.87,16.7,30.96,36.94,87.95,normal,0,2024-10-19 18:51:00
96,75.23,15.79,35.95,29.14,62.89,normal,0,2024-05-12 08:16:00
14,69.84,11.57,57.43,31.79,29.89,normal,0,2024-02-06 18:15:00
51,76.55,10.58,33.85,38.96,63.55,normal,0,2024-09-29 20:12:00
37,79.3,13.99,31.95,34.29,37.14,normal,0,2024-02-04 01:01:00
